<?xml version="1.0" encoding="UTF-8"?>
<package id="1" uuid="6ba1605b-5d30-4100-b053-95e45ee191a9">
  <dateCreated id="2">2021-01-22 12:03:54</dateCreated>
  <name>CfL Symptoms Package</name>
  <description>CfL Symptoms Package</description>
  <openmrsVersion>2.3.0  Build b3ade0</openmrsVersion>
  <version>1</version>
  <groupUuid>79fdce7c-70ca-4f67-b1ca-c5668cea7349</groupUuid>
  <modules id="3">
    <entry>
      <string>calculation</string>
      <string>1.2</string>
    </entry>
    <entry>
      <string>legacyui</string>
      <string>1.6.0</string>
    </entry>
    <entry>
      <string>referenceapplication</string>
      <string>2.10.0</string>
    </entry>
    <entry>
      <string>attachments</string>
      <string>2.2.0</string>
    </entry>
    <entry>
      <string>metadatadeploy</string>
      <string>1.11.0</string>
    </entry>
    <entry>
      <string>fhir</string>
      <string>1.20.0</string>
    </entry>
    <entry>
      <string>appointmentscheduling</string>
      <string>1.12.0</string>
    </entry>
    <entry>
      <string>metadatasharing</string>
      <string>1.6.0</string>
    </entry>
    <entry>
      <string>appointmentschedulingui</string>
      <string>1.9.0</string>
    </entry>
    <entry>
      <string>allergyui</string>
      <string>1.8.3-SNAPSHOT</string>
    </entry>
    <entry>
      <string>formentryapp</string>
      <string>1.4.2</string>
    </entry>
    <entry>
      <string>providermanagement</string>
      <string>2.10.0</string>
    </entry>
    <entry>
      <string>visits</string>
      <string>1.0.1-SNAPSHOT</string>
    </entry>
    <entry>
      <string>htmlwidgets</string>
      <string>1.10.0</string>
    </entry>
    <entry>
      <string>dataexchange</string>
      <string>1.3.4</string>
    </entry>
    <entry>
      <string>referencedemodata</string>
      <string>1.4.5</string>
    </entry>
    <entry>
      <string>sms</string>
      <string>1.0.2-SNAPSHOT</string>
    </entry>
    <entry>
      <string>addresshierarchy</string>
      <string>2.11.0</string>
    </entry>
    <entry>
      <string>reportingrest</string>
      <string>1.11.0</string>
    </entry>
    <entry>
      <string>uiframework</string>
      <string>3.17.0</string>
    </entry>
    <entry>
      <string>reportingui</string>
      <string>1.6.0</string>
    </entry>
    <entry>
      <string>referencemetadata</string>
      <string>2.10.2</string>
    </entry>
    <entry>
      <string>event</string>
      <string>2.9.0-SNAPSHOT</string>
    </entry>
    <entry>
      <string>uicommons</string>
      <string>2.14.0-SNAPSHOT</string>
    </entry>
    <entry>
      <string>patientflags</string>
      <string>3.0.2</string>
    </entry>
    <entry>
      <string>reporting</string>
      <string>1.21.0-SNAPSHOT</string>
    </entry>
    <entry>
      <string>emrapi</string>
      <string>1.29.0-SNAPSHOT</string>
    </entry>
    <entry>
      <string>registrationapp</string>
      <string>1.20.0-SNAPSHOT</string>
    </entry>
    <entry>
      <string>callflows</string>
      <string>1.0.2-SNAPSHOT</string>
    </entry>
    <entry>
      <string>idgen</string>
      <string>4.5.0</string>
    </entry>
    <entry>
      <string>htmlformentryui</string>
      <string>1.10.0</string>
    </entry>
    <entry>
      <string>htmlformentry</string>
      <string>3.10.0</string>
    </entry>
    <entry>
      <string>etllite</string>
      <string>1.0.2-SNAPSHOT</string>
    </entry>
    <entry>
      <string>cfl</string>
      <string>1.1.1-SNAPSHOT</string>
    </entry>
    <entry>
      <string>reportingcompatibility</string>
      <string>2.0.6</string>
    </entry>
    <entry>
      <string>uilibrary</string>
      <string>2.0.6</string>
    </entry>
    <entry>
      <string>locationbasedaccess</string>
      <string>0.1.1</string>
    </entry>
    <entry>
      <string>appframework</string>
      <string>2.15.0-SNAPSHOT</string>
    </entry>
    <entry>
      <string>webservices.rest</string>
      <string>2.28.0.df1459</string>
    </entry>
    <entry>
      <string>adminui</string>
      <string>1.3.0</string>
    </entry>
    <entry>
      <string>registrationcore</string>
      <string>1.9.0</string>
    </entry>
    <entry>
      <string>owa</string>
      <string>1.10.0</string>
    </entry>
    <entry>
      <string>messages</string>
      <string>1.0.2-SNAPSHOT</string>
    </entry>
    <entry>
      <string>metadatamapping</string>
      <string>1.3.4</string>
    </entry>
    <entry>
      <string>coreapps</string>
      <string>1.29.0</string>
    </entry>
    <entry>
      <string>appui</string>
      <string>1.13.0-SNAPSHOT</string>
    </entry>
    <entry>
      <string>serialization.xstream</string>
      <string>0.2.14</string>
    </entry>
  </modules>
  <items class="linked-hash-set" id="4">
    <org.openmrs.module.metadatasharing.Item id="5" uuid="143264AAAAAAAAAAAAAAAAAAAAAAAAAAAAAA">
      <id>143264</id>
      <classname>org.openmrs.Concept</classname>
      <dateChanged id="6">2015-11-05 01:35:41</dateChanged>
      <retired>false</retired>
    </org.openmrs.module.metadatasharing.Item>
    <org.openmrs.module.metadatasharing.Item id="7" uuid="1bb409d4-c425-499f-8939-cf309dcc7bf8">
      <id>165910</id>
      <classname>org.openmrs.Concept</classname>
      <dateChanged id="8">2021-01-22 08:52:59</dateChanged>
      <retired>false</retired>
    </org.openmrs.module.metadatasharing.Item>
    <org.openmrs.module.metadatasharing.Item id="9" uuid="3e6fe1b0-1d62-4f7c-8c85-77d0e520fd34">
      <id>165909</id>
      <classname>org.openmrs.Concept</classname>
      <dateChanged id="10">2021-01-22 08:52:27</dateChanged>
      <retired>false</retired>
    </org.openmrs.module.metadatasharing.Item>
    <org.openmrs.module.metadatasharing.Item id="11" uuid="4652fa06-74d5-45aa-b373-cf22a2317cdf">
      <id>165915</id>
      <classname>org.openmrs.Concept</classname>
      <dateChanged id="12">2021-01-21 23:16:32</dateChanged>
      <retired>false</retired>
    </org.openmrs.module.metadatasharing.Item>
    <org.openmrs.module.metadatasharing.Item id="13" uuid="19d7878b-0950-4e67-9ebc-6538f7100bfa">
      <id>165913</id>
      <classname>org.openmrs.Concept</classname>
      <dateChanged id="14">2021-01-21 23:18:35</dateChanged>
      <retired>false</retired>
    </org.openmrs.module.metadatasharing.Item>
    <org.openmrs.module.metadatasharing.Item id="15" uuid="0312a606-aaa2-43f9-abe0-17eeb4406956">
      <id>165912</id>
      <classname>org.openmrs.Concept</classname>
      <dateChanged id="16">2021-01-22 08:37:12</dateChanged>
      <retired>false</retired>
    </org.openmrs.module.metadatasharing.Item>
    <org.openmrs.module.metadatasharing.Item id="17" uuid="158843AAAAAAAAAAAAAAAAAAAAAAAAAAAAAA">
      <id>158843</id>
      <classname>org.openmrs.Concept</classname>
      <dateChanged id="18">2020-03-29 18:54:58</dateChanged>
      <retired>false</retired>
    </org.openmrs.module.metadatasharing.Item>
    <org.openmrs.module.metadatasharing.Item id="19" uuid="140238AAAAAAAAAAAAAAAAAAAAAAAAAAAAAA">
      <id>140238</id>
      <classname>org.openmrs.Concept</classname>
      <dateChanged id="20">2015-11-05 01:37:17</dateChanged>
      <retired>false</retired>
    </org.openmrs.module.metadatasharing.Item>
    <org.openmrs.module.metadatasharing.Item id="21" uuid="a3ac4721-1035-4480-8fc0-f0407a7ff3f1">
      <id>165914</id>
      <classname>org.openmrs.Concept</classname>
      <dateChanged id="22">2021-01-21 23:18:45</dateChanged>
      <retired>false</retired>
    </org.openmrs.module.metadatasharing.Item>
    <org.openmrs.module.metadatasharing.Item id="23" uuid="0490ac6f-a426-4f08-9d0d-481ff7573dc9">
      <id>37</id>
      <classname>org.openmrs.ConceptClass</classname>
      <dateChanged id="24">2021-01-21 23:15:42</dateChanged>
      <retired>false</retired>
    </org.openmrs.module.metadatasharing.Item>
    <org.openmrs.module.metadatasharing.Item id="25" uuid="82648b69-6c94-4a2b-af56-14f370939a14">
      <id>35</id>
      <classname>org.openmrs.ConceptClass</classname>
      <dateChanged id="26">2021-01-20 16:45:51</dateChanged>
      <retired>false</retired>
    </org.openmrs.module.metadatasharing.Item>
    <org.openmrs.module.metadatasharing.Item id="27" uuid="98561ddd-71b6-4aab-a032-de96b889c61d">
      <id>34</id>
      <classname>org.openmrs.ConceptClass</classname>
      <dateChanged id="28">2021-01-20 16:45:55</dateChanged>
      <retired>false</retired>
    </org.openmrs.module.metadatasharing.Item>
    <org.openmrs.module.metadatasharing.Item id="29" uuid="e9be95a4-6be7-4285-b700-da4616237b46">
      <id>36</id>
      <classname>org.openmrs.ConceptClass</classname>
      <dateChanged id="30">2021-01-21 23:14:19</dateChanged>
      <retired>false</retired>
    </org.openmrs.module.metadatasharing.Item>
  </items>
  <relatedItems class="linked-hash-set" id="31">
    <org.openmrs.module.metadatasharing.Item id="32" uuid="8d4a48b6-c2cc-11de-8d13-0010c6dffd0f">
      <id>2</id>
      <classname>org.openmrs.ConceptDatatype</classname>
      <dateChanged id="33">2004-02-02 00:00:00</dateChanged>
      <retired>false</retired>
    </org.openmrs.module.metadatasharing.Item>
    <org.openmrs.module.metadatasharing.Item id="34" uuid="8d4918b0-c2cc-11de-8d13-0010c6dffd0f">
      <id>4</id>
      <classname>org.openmrs.ConceptClass</classname>
      <dateChanged id="35">2021-01-22 10:31:37</dateChanged>
      <retired>false</retired>
    </org.openmrs.module.metadatasharing.Item>
    <org.openmrs.module.metadatasharing.Item id="36" uuid="42935BBBBBBBBBBBBBBBBBBBBBBBBBBBBBBB">
      <id>42935</id>
      <classname>org.openmrs.ConceptName</classname>
      <dateChanged id="37">2008-04-09 17:31:10</dateChanged>
    </org.openmrs.module.metadatasharing.Item>
    <org.openmrs.module.metadatasharing.Item id="38" uuid="134623BBBBBBBBBBBBBBBBBBBBBBBBBBBBBB">
      <id>134623</id>
      <classname>org.openmrs.ConceptName</classname>
      <dateChanged id="39">2015-11-05 01:35:41</dateChanged>
    </org.openmrs.module.metadatasharing.Item>
    <org.openmrs.module.metadatasharing.Item id="40" uuid="128419BBBBBBBBBBBBBBBBBBBBBBBBBBBBBB">
      <id>128419</id>
      <classname>org.openmrs.ConceptName</classname>
      <dateChanged id="41">2015-07-17 20:07:21</dateChanged>
    </org.openmrs.module.metadatasharing.Item>
    <org.openmrs.module.metadatasharing.Item id="42" uuid="105932BBBBBBBBBBBBBBBBBBBBBBBBBBBBBB">
      <id>105932</id>
      <classname>org.openmrs.ConceptName</classname>
      <dateChanged id="43">2010-05-03 17:11:16</dateChanged>
    </org.openmrs.module.metadatasharing.Item>
    <org.openmrs.module.metadatasharing.Item id="44" uuid="106224BBBBBBBBBBBBBBBBBBBBBBBBBBBBBB">
      <id>106224</id>
      <classname>org.openmrs.ConceptName</classname>
      <dateChanged id="45">2010-05-10 18:10:56</dateChanged>
    </org.openmrs.module.metadatasharing.Item>
    <org.openmrs.module.metadatasharing.Item id="46" uuid="62574BBBBBBBBBBBBBBBBBBBBBBBBBBBBBBB">
      <id>62574</id>
      <classname>org.openmrs.ConceptName</classname>
      <dateChanged id="47">2009-08-18 16:03:14</dateChanged>
    </org.openmrs.module.metadatasharing.Item>
    <org.openmrs.module.metadatasharing.Item id="48" uuid="134624BBBBBBBBBBBBBBBBBBBBBBBBBBBBBB">
      <id>134624</id>
      <classname>org.openmrs.ConceptName</classname>
      <dateChanged id="49">2015-11-05 01:35:41</dateChanged>
    </org.openmrs.module.metadatasharing.Item>
    <org.openmrs.module.metadatasharing.Item id="50" uuid="133658BBBBBBBBBBBBBBBBBBBBBBBBBBBBBB">
      <id>133658</id>
      <classname>org.openmrs.ConceptName</classname>
      <dateChanged id="51">2015-08-31 13:58:56</dateChanged>
    </org.openmrs.module.metadatasharing.Item>
    <org.openmrs.module.metadatasharing.Item id="52" uuid="115300BBBBBBBBBBBBBBBBBBBBBBBBBBBBBB">
      <id>115300</id>
      <classname>org.openmrs.ConceptName</classname>
      <dateChanged id="53">2013-02-17 01:17:22</dateChanged>
    </org.openmrs.module.metadatasharing.Item>
    <org.openmrs.module.metadatasharing.Item id="54" uuid="1874CCCCCCCCCCCCCCCCCCCCCCCCCCCCCCCC">
      <id>1874</id>
      <classname>org.openmrs.ConceptAnswer</classname>
      <dateChanged id="55">2009-07-13 20:46:28</dateChanged>
    </org.openmrs.module.metadatasharing.Item>
    <org.openmrs.module.metadatasharing.Item id="56" uuid="1066AAAAAAAAAAAAAAAAAAAAAAAAAAAAAAAA">
      <id>1066</id>
      <classname>org.openmrs.Concept</classname>
      <dateChanged id="57">2021-01-22 10:31:37</dateChanged>
      <retired>false</retired>
    </org.openmrs.module.metadatasharing.Item>
    <org.openmrs.module.metadatasharing.Item id="58" uuid="8d4a4c94-c2cc-11de-8d13-0010c6dffd0f">
      <id>4</id>
      <classname>org.openmrs.ConceptDatatype</classname>
      <dateChanged id="59">2004-02-02 00:00:00</dateChanged>
      <retired>false</retired>
    </org.openmrs.module.metadatasharing.Item>
    <org.openmrs.module.metadatasharing.Item id="60" uuid="8d492774-c2cc-11de-8d13-0010c6dffd0f">
      <id>11</id>
      <classname>org.openmrs.ConceptClass</classname>
      <dateChanged id="61">2021-01-22 10:31:37</dateChanged>
      <retired>false</retired>
    </org.openmrs.module.metadatasharing.Item>
    <org.openmrs.module.metadatasharing.Item id="62" uuid="139803BBBBBBBBBBBBBBBBBBBBBBBBBBBBBB">
      <id>139803</id>
      <classname>org.openmrs.ConceptName</classname>
      <dateChanged id="63">2021-01-22 10:31:37</dateChanged>
    </org.openmrs.module.metadatasharing.Item>
    <org.openmrs.module.metadatasharing.Item id="64" uuid="137333BBBBBBBBBBBBBBBBBBBBBBBBBBBBBB">
      <id>137333</id>
      <classname>org.openmrs.ConceptName</classname>
      <dateChanged id="65">2021-01-22 10:31:37</dateChanged>
    </org.openmrs.module.metadatasharing.Item>
    <org.openmrs.module.metadatasharing.Item id="66" uuid="126360BBBBBBBBBBBBBBBBBBBBBBBBBBBBBB">
      <id>126360</id>
      <classname>org.openmrs.ConceptName</classname>
      <dateChanged id="67">2021-01-22 10:31:37</dateChanged>
    </org.openmrs.module.metadatasharing.Item>
    <org.openmrs.module.metadatasharing.Item id="68" uuid="108334BBBBBBBBBBBBBBBBBBBBBBBBBBBBBB">
      <id>108334</id>
      <classname>org.openmrs.ConceptName</classname>
      <dateChanged id="69">2021-01-22 10:31:37</dateChanged>
    </org.openmrs.module.metadatasharing.Item>
    <org.openmrs.module.metadatasharing.Item id="70" uuid="111196BBBBBBBBBBBBBBBBBBBBBBBBBBBBBB">
      <id>111196</id>
      <classname>org.openmrs.ConceptName</classname>
      <dateChanged id="71">2021-01-22 10:31:37</dateChanged>
    </org.openmrs.module.metadatasharing.Item>
    <org.openmrs.module.metadatasharing.Item id="72" uuid="126357BBBBBBBBBBBBBBBBBBBBBBBBBBBBBB">
      <id>126357</id>
      <classname>org.openmrs.ConceptName</classname>
      <dateChanged id="73">2021-01-22 10:31:37</dateChanged>
    </org.openmrs.module.metadatasharing.Item>
    <org.openmrs.module.metadatasharing.Item id="74" uuid="106917BBBBBBBBBBBBBBBBBBBBBBBBBBBBBB">
      <id>106917</id>
      <classname>org.openmrs.ConceptName</classname>
      <dateChanged id="75">2021-01-22 10:31:37</dateChanged>
    </org.openmrs.module.metadatasharing.Item>
    <org.openmrs.module.metadatasharing.Item id="76" uuid="1139BBBBBBBBBBBBBBBBBBBBBBBBBBBBBBBB">
      <id>1139</id>
      <classname>org.openmrs.ConceptName</classname>
      <dateChanged id="77">2021-01-22 10:31:37</dateChanged>
    </org.openmrs.module.metadatasharing.Item>
    <org.openmrs.module.metadatasharing.Item id="78" uuid="126358BBBBBBBBBBBBBBBBBBBBBBBBBBBBBB">
      <id>126358</id>
      <classname>org.openmrs.ConceptName</classname>
      <dateChanged id="79">2021-01-22 10:31:37</dateChanged>
    </org.openmrs.module.metadatasharing.Item>
    <org.openmrs.module.metadatasharing.Item id="80" uuid="106308BBBBBBBBBBBBBBBBBBBBBBBBBBBBBB">
      <id>106308</id>
      <classname>org.openmrs.ConceptName</classname>
      <dateChanged id="81">2021-01-22 10:31:37</dateChanged>
    </org.openmrs.module.metadatasharing.Item>
    <org.openmrs.module.metadatasharing.Item id="82" uuid="126362BBBBBBBBBBBBBBBBBBBBBBBBBBBBBB">
      <id>126362</id>
      <classname>org.openmrs.ConceptName</classname>
      <dateChanged id="83">2021-01-22 10:31:37</dateChanged>
    </org.openmrs.module.metadatasharing.Item>
    <org.openmrs.module.metadatasharing.Item id="84" uuid="137334BBBBBBBBBBBBBBBBBBBBBBBBBBBBBB">
      <id>137334</id>
      <classname>org.openmrs.ConceptName</classname>
      <dateChanged id="85">2021-01-22 10:31:37</dateChanged>
    </org.openmrs.module.metadatasharing.Item>
    <org.openmrs.module.metadatasharing.Item id="86" uuid="1138BBBBBBBBBBBBBBBBBBBBBBBBBBBBBBBB">
      <id>1138</id>
      <classname>org.openmrs.ConceptName</classname>
      <dateChanged id="87">2021-01-22 10:31:37</dateChanged>
    </org.openmrs.module.metadatasharing.Item>
    <org.openmrs.module.metadatasharing.Item id="88" uuid="126359BBBBBBBBBBBBBBBBBBBBBBBBBBBBBB">
      <id>126359</id>
      <classname>org.openmrs.ConceptName</classname>
      <dateChanged id="89">2021-01-22 10:31:37</dateChanged>
    </org.openmrs.module.metadatasharing.Item>
    <org.openmrs.module.metadatasharing.Item id="90" uuid="127333BBBBBBBBBBBBBBBBBBBBBBBBBBBBBB">
      <id>127333</id>
      <classname>org.openmrs.ConceptName</classname>
      <dateChanged id="91">2021-01-22 10:31:37</dateChanged>
    </org.openmrs.module.metadatasharing.Item>
    <org.openmrs.module.metadatasharing.Item id="92" uuid="126361BBBBBBBBBBBBBBBBBBBBBBBBBBBBBB">
      <id>126361</id>
      <classname>org.openmrs.ConceptName</classname>
      <dateChanged id="93">2021-01-22 10:31:37</dateChanged>
    </org.openmrs.module.metadatasharing.Item>
    <org.openmrs.module.metadatasharing.Item id="94" uuid="126356BBBBBBBBBBBBBBBBBBBBBBBBBBBBBB">
      <id>126356</id>
      <classname>org.openmrs.ConceptName</classname>
      <dateChanged id="95">2021-01-22 10:31:37</dateChanged>
    </org.openmrs.module.metadatasharing.Item>
    <org.openmrs.module.metadatasharing.Item id="96" uuid="1069FFFFFFFFFFFFFFFFFFFFFFFFFFFFFFFF">
      <id>1069</id>
      <classname>org.openmrs.ConceptDescription</classname>
      <dateChanged id="97">2021-01-22 10:31:37</dateChanged>
    </org.openmrs.module.metadatasharing.Item>
    <org.openmrs.module.metadatasharing.Item id="98" uuid="18159FFFFFFFFFFFFFFFFFFFFFFFFFFFFFFF">
      <id>18159</id>
      <classname>org.openmrs.ConceptDescription</classname>
      <dateChanged id="99">2021-01-22 10:31:37</dateChanged>
    </org.openmrs.module.metadatasharing.Item>
    <org.openmrs.module.metadatasharing.Item id="100" uuid="143597ABBBBBBBBBBBBBBBBBBBBBBBBBBBBB">
      <id>143597</id>
      <classname>org.openmrs.ConceptMap</classname>
      <dateChanged id="101">2021-01-22 10:31:37</dateChanged>
    </org.openmrs.module.metadatasharing.Item>
    <org.openmrs.module.metadatasharing.Item id="102" uuid="35543629-7d8c-11e1-909d-c80aa9edcf4e">
      <id>1</id>
      <classname>org.openmrs.ConceptMapType</classname>
      <dateChanged id="103">2021-01-22 10:31:37</dateChanged>
      <retired>false</retired>
    </org.openmrs.module.metadatasharing.Item>
    <org.openmrs.module.metadatasharing.Item id="104" uuid="fa1c20f2-29e4-3978-a84e-3c0252401893">
      <id>143597</id>
      <classname>org.openmrs.ConceptReferenceTerm</classname>
      <dateChanged id="105">2021-01-22 10:31:37</dateChanged>
      <retired>false</retired>
    </org.openmrs.module.metadatasharing.Item>
    <org.openmrs.module.metadatasharing.Item id="106" uuid="fb9aaaf1-65e2-4c18-b53c-16b575f2f385">
      <id>11</id>
      <classname>org.openmrs.ConceptSource</classname>
      <dateChanged id="107">2021-01-22 10:31:37</dateChanged>
      <retired>false</retired>
    </org.openmrs.module.metadatasharing.Item>
    <org.openmrs.module.metadatasharing.Item id="108" uuid="144379ABBBBBBBBBBBBBBBBBBBBBBBBBBBBB">
      <id>144379</id>
      <classname>org.openmrs.ConceptMap</classname>
      <dateChanged id="109">2021-01-22 10:31:37</dateChanged>
    </org.openmrs.module.metadatasharing.Item>
    <org.openmrs.module.metadatasharing.Item id="110" uuid="170e452e-c092-32c9-b974-23f0bca960bd">
      <id>144379</id>
      <classname>org.openmrs.ConceptReferenceTerm</classname>
      <dateChanged id="111">2021-01-22 10:31:37</dateChanged>
      <retired>false</retired>
    </org.openmrs.module.metadatasharing.Item>
    <org.openmrs.module.metadatasharing.Item id="112" uuid="12ADDDDDDDDDDDDDDDDDDDDDDDDDDDDDDDDD">
      <id>12</id>
      <classname>org.openmrs.ConceptSource</classname>
      <dateChanged id="113">2021-01-22 10:31:37</dateChanged>
      <retired>false</retired>
    </org.openmrs.module.metadatasharing.Item>
    <org.openmrs.module.metadatasharing.Item id="114" uuid="134738ABBBBBBBBBBBBBBBBBBBBBBBBBBBBB">
      <id>134738</id>
      <classname>org.openmrs.ConceptMap</classname>
      <dateChanged id="115">2021-01-22 10:31:37</dateChanged>
    </org.openmrs.module.metadatasharing.Item>
    <org.openmrs.module.metadatasharing.Item id="116" uuid="f2531812-ebad-3a19-bf74-9b35025659e5">
      <id>134738</id>
      <classname>org.openmrs.ConceptReferenceTerm</classname>
      <dateChanged id="117">2021-01-22 10:31:37</dateChanged>
      <retired>false</retired>
    </org.openmrs.module.metadatasharing.Item>
    <org.openmrs.module.metadatasharing.Item id="118" uuid="13ADDDDDDDDDDDDDDDDDDDDDDDDDDDDDDDDD">
      <id>13</id>
      <classname>org.openmrs.ConceptSource</classname>
      <dateChanged id="119">2021-01-22 10:31:37</dateChanged>
      <retired>false</retired>
    </org.openmrs.module.metadatasharing.Item>
    <org.openmrs.module.metadatasharing.Item id="120" uuid="171329ABBBBBBBBBBBBBBBBBBBBBBBBBBBBB">
      <id>171329</id>
      <classname>org.openmrs.ConceptMap</classname>
      <dateChanged id="121">2021-01-22 10:31:37</dateChanged>
    </org.openmrs.module.metadatasharing.Item>
    <org.openmrs.module.metadatasharing.Item id="122" uuid="df4503bf-3a50-34cc-a796-5ba3f4890df4">
      <id>171329</id>
      <classname>org.openmrs.ConceptReferenceTerm</classname>
      <dateChanged id="123">2021-01-22 10:31:37</dateChanged>
      <retired>false</retired>
    </org.openmrs.module.metadatasharing.Item>
    <org.openmrs.module.metadatasharing.Item id="124" uuid="21ADDDDDDDDDDDDDDDDDDDDDDDDDDDDDDDDD">
      <id>21</id>
      <classname>org.openmrs.ConceptSource</classname>
      <dateChanged id="125">2021-01-22 10:31:37</dateChanged>
      <retired>false</retired>
    </org.openmrs.module.metadatasharing.Item>
    <org.openmrs.module.metadatasharing.Item id="126" uuid="133841ABBBBBBBBBBBBBBBBBBBBBBBBBBBBB">
      <id>133841</id>
      <classname>org.openmrs.ConceptMap</classname>
      <dateChanged id="127">2021-01-22 10:31:37</dateChanged>
    </org.openmrs.module.metadatasharing.Item>
    <org.openmrs.module.metadatasharing.Item id="128" uuid="beaa27cb-dacc-3334-b7c4-9f230f2dd231">
      <id>133841</id>
      <classname>org.openmrs.ConceptReferenceTerm</classname>
      <dateChanged id="129">2021-01-22 10:31:37</dateChanged>
      <retired>false</retired>
    </org.openmrs.module.metadatasharing.Item>
    <org.openmrs.module.metadatasharing.Item id="130" uuid="1ADDDDDDDDDDDDDDDDDDDDDDDDDDDDDDDDDD">
      <id>1</id>
      <classname>org.openmrs.ConceptSource</classname>
      <dateChanged id="131">2021-01-22 10:31:37</dateChanged>
      <retired>false</retired>
    </org.openmrs.module.metadatasharing.Item>
    <org.openmrs.module.metadatasharing.Item id="132" uuid="1875CCCCCCCCCCCCCCCCCCCCCCCCCCCCCCCC">
      <id>1875</id>
      <classname>org.openmrs.ConceptAnswer</classname>
      <dateChanged id="133">2009-07-13 20:46:28</dateChanged>
    </org.openmrs.module.metadatasharing.Item>
    <org.openmrs.module.metadatasharing.Item id="134" uuid="1067AAAAAAAAAAAAAAAAAAAAAAAAAAAAAAAA">
      <id>1067</id>
      <classname>org.openmrs.Concept</classname>
      <dateChanged id="135">2021-01-22 10:31:37</dateChanged>
      <retired>false</retired>
    </org.openmrs.module.metadatasharing.Item>
    <org.openmrs.module.metadatasharing.Item id="136" uuid="127334BBBBBBBBBBBBBBBBBBBBBBBBBBBBBB">
      <id>127334</id>
      <classname>org.openmrs.ConceptName</classname>
      <dateChanged id="137">2021-01-22 10:31:37</dateChanged>
    </org.openmrs.module.metadatasharing.Item>
    <org.openmrs.module.metadatasharing.Item id="138" uuid="139801BBBBBBBBBBBBBBBBBBBBBBBBBBBBBB">
      <id>139801</id>
      <classname>org.openmrs.ConceptName</classname>
      <dateChanged id="139">2021-01-22 10:31:37</dateChanged>
    </org.openmrs.module.metadatasharing.Item>
    <org.openmrs.module.metadatasharing.Item id="140" uuid="1140BBBBBBBBBBBBBBBBBBBBBBBBBBBBBBBB">
      <id>1140</id>
      <classname>org.openmrs.ConceptName</classname>
      <dateChanged id="141">2021-01-22 10:31:37</dateChanged>
    </org.openmrs.module.metadatasharing.Item>
    <org.openmrs.module.metadatasharing.Item id="142" uuid="108336BBBBBBBBBBBBBBBBBBBBBBBBBBBBBB">
      <id>108336</id>
      <classname>org.openmrs.ConceptName</classname>
      <dateChanged id="143">2021-01-22 10:31:37</dateChanged>
    </org.openmrs.module.metadatasharing.Item>
    <org.openmrs.module.metadatasharing.Item id="144" uuid="135594BBBBBBBBBBBBBBBBBBBBBBBBBBBBBB">
      <id>135594</id>
      <classname>org.openmrs.ConceptName</classname>
      <dateChanged id="145">2021-01-22 10:31:37</dateChanged>
    </org.openmrs.module.metadatasharing.Item>
    <org.openmrs.module.metadatasharing.Item id="146" uuid="111191BBBBBBBBBBBBBBBBBBBBBBBBBBBBBB">
      <id>111191</id>
      <classname>org.openmrs.ConceptName</classname>
      <dateChanged id="147">2021-01-22 10:31:37</dateChanged>
    </org.openmrs.module.metadatasharing.Item>
    <org.openmrs.module.metadatasharing.Item id="148" uuid="108335BBBBBBBBBBBBBBBBBBBBBBBBBBBBBB">
      <id>108335</id>
      <classname>org.openmrs.ConceptName</classname>
      <dateChanged id="149">2021-01-22 10:31:37</dateChanged>
    </org.openmrs.module.metadatasharing.Item>
    <org.openmrs.module.metadatasharing.Item id="150" uuid="1141BBBBBBBBBBBBBBBBBBBBBBBBBBBBBBBB">
      <id>1141</id>
      <classname>org.openmrs.ConceptName</classname>
      <dateChanged id="151">2021-01-22 10:31:37</dateChanged>
    </org.openmrs.module.metadatasharing.Item>
    <org.openmrs.module.metadatasharing.Item id="152" uuid="106309BBBBBBBBBBBBBBBBBBBBBBBBBBBBBB">
      <id>106309</id>
      <classname>org.openmrs.ConceptName</classname>
      <dateChanged id="153">2021-01-22 10:31:37</dateChanged>
    </org.openmrs.module.metadatasharing.Item>
    <org.openmrs.module.metadatasharing.Item id="154" uuid="110114BBBBBBBBBBBBBBBBBBBBBBBBBBBBBB">
      <id>110114</id>
      <classname>org.openmrs.ConceptName</classname>
      <dateChanged id="155">2021-01-22 10:31:37</dateChanged>
    </org.openmrs.module.metadatasharing.Item>
    <org.openmrs.module.metadatasharing.Item id="156" uuid="105793BBBBBBBBBBBBBBBBBBBBBBBBBBBBBB">
      <id>105793</id>
      <classname>org.openmrs.ConceptName</classname>
      <dateChanged id="157">2021-01-22 10:31:37</dateChanged>
    </org.openmrs.module.metadatasharing.Item>
    <org.openmrs.module.metadatasharing.Item id="158" uuid="1070FFFFFFFFFFFFFFFFFFFFFFFFFFFFFFFF">
      <id>1070</id>
      <classname>org.openmrs.ConceptDescription</classname>
      <dateChanged id="159">2021-01-22 10:31:37</dateChanged>
    </org.openmrs.module.metadatasharing.Item>
    <org.openmrs.module.metadatasharing.Item id="160" uuid="18157FFFFFFFFFFFFFFFFFFFFFFFFFFFFFFF">
      <id>18157</id>
      <classname>org.openmrs.ConceptDescription</classname>
      <dateChanged id="161">2021-01-22 10:31:37</dateChanged>
    </org.openmrs.module.metadatasharing.Item>
    <org.openmrs.module.metadatasharing.Item id="162" uuid="133842ABBBBBBBBBBBBBBBBBBBBBBBBBBBBB">
      <id>133842</id>
      <classname>org.openmrs.ConceptMap</classname>
      <dateChanged id="163">2021-01-22 10:31:37</dateChanged>
    </org.openmrs.module.metadatasharing.Item>
    <org.openmrs.module.metadatasharing.Item id="164" uuid="2d7618d4-61c6-3389-bd89-5d1c0025cca8">
      <id>133842</id>
      <classname>org.openmrs.ConceptReferenceTerm</classname>
      <dateChanged id="165">2021-01-22 10:31:37</dateChanged>
      <retired>false</retired>
    </org.openmrs.module.metadatasharing.Item>
    <org.openmrs.module.metadatasharing.Item id="166" uuid="143603ABBBBBBBBBBBBBBBBBBBBBBBBBBBBB">
      <id>143603</id>
      <classname>org.openmrs.ConceptMap</classname>
      <dateChanged id="167">2021-01-22 10:31:37</dateChanged>
    </org.openmrs.module.metadatasharing.Item>
    <org.openmrs.module.metadatasharing.Item id="168" uuid="2c0fb90a-2fe7-39b8-a088-4093eeb6d4fd">
      <id>143603</id>
      <classname>org.openmrs.ConceptReferenceTerm</classname>
      <dateChanged id="169">2021-01-22 10:31:37</dateChanged>
      <retired>false</retired>
    </org.openmrs.module.metadatasharing.Item>
    <org.openmrs.module.metadatasharing.Item id="170" uuid="137877ABBBBBBBBBBBBBBBBBBBBBBBBBBBBB">
      <id>137877</id>
      <classname>org.openmrs.ConceptMap</classname>
      <dateChanged id="171">2021-01-22 10:31:37</dateChanged>
    </org.openmrs.module.metadatasharing.Item>
    <org.openmrs.module.metadatasharing.Item id="172" uuid="74e7b680-84b4-3bb8-9dd4-7e5f1c08a82b">
      <id>137877</id>
      <classname>org.openmrs.ConceptReferenceTerm</classname>
      <dateChanged id="173">2021-01-22 10:31:37</dateChanged>
      <retired>false</retired>
    </org.openmrs.module.metadatasharing.Item>
    <org.openmrs.module.metadatasharing.Item id="174" uuid="ddb6b595-0b85-4a80-9243-efe4ba404eef">
      <id>15</id>
      <classname>org.openmrs.ConceptSource</classname>
      <dateChanged id="175">2021-01-22 10:31:37</dateChanged>
      <retired>false</retired>
    </org.openmrs.module.metadatasharing.Item>
    <org.openmrs.module.metadatasharing.Item id="176" uuid="134739ABBBBBBBBBBBBBBBBBBBBBBBBBBBBB">
      <id>134739</id>
      <classname>org.openmrs.ConceptMap</classname>
      <dateChanged id="177">2021-01-22 10:31:37</dateChanged>
    </org.openmrs.module.metadatasharing.Item>
    <org.openmrs.module.metadatasharing.Item id="178" uuid="86e0b01a-cf11-334f-901f-ae1cea9ae9bf">
      <id>134739</id>
      <classname>org.openmrs.ConceptReferenceTerm</classname>
      <dateChanged id="179">2021-01-22 10:31:37</dateChanged>
      <retired>false</retired>
    </org.openmrs.module.metadatasharing.Item>
    <org.openmrs.module.metadatasharing.Item id="180" uuid="171330ABBBBBBBBBBBBBBBBBBBBBBBBBBBBB">
      <id>171330</id>
      <classname>org.openmrs.ConceptMap</classname>
      <dateChanged id="181">2021-01-22 10:31:37</dateChanged>
    </org.openmrs.module.metadatasharing.Item>
    <org.openmrs.module.metadatasharing.Item id="182" uuid="dd4b8153-b34a-38ed-9f19-3bfbd873e852">
      <id>171330</id>
      <classname>org.openmrs.ConceptReferenceTerm</classname>
      <dateChanged id="183">2021-01-22 10:31:37</dateChanged>
      <retired>false</retired>
    </org.openmrs.module.metadatasharing.Item>
    <org.openmrs.module.metadatasharing.Item id="184" uuid="1876CCCCCCCCCCCCCCCCCCCCCCCCCCCCCCCC">
      <id>1876</id>
      <classname>org.openmrs.ConceptAnswer</classname>
      <dateChanged id="185">2009-07-13 20:46:28</dateChanged>
    </org.openmrs.module.metadatasharing.Item>
    <org.openmrs.module.metadatasharing.Item id="186" uuid="1065AAAAAAAAAAAAAAAAAAAAAAAAAAAAAAAA">
      <id>1065</id>
      <classname>org.openmrs.Concept</classname>
      <dateChanged id="187">2021-01-22 10:31:37</dateChanged>
      <retired>false</retired>
    </org.openmrs.module.metadatasharing.Item>
    <org.openmrs.module.metadatasharing.Item id="188" uuid="1137BBBBBBBBBBBBBBBBBBBBBBBBBBBBBBBB">
      <id>1137</id>
      <classname>org.openmrs.ConceptName</classname>
      <dateChanged id="189">2021-01-22 10:31:37</dateChanged>
    </org.openmrs.module.metadatasharing.Item>
    <org.openmrs.module.metadatasharing.Item id="190" uuid="127332BBBBBBBBBBBBBBBBBBBBBBBBBBBBBB">
      <id>127332</id>
      <classname>org.openmrs.ConceptName</classname>
      <dateChanged id="191">2021-01-22 10:31:37</dateChanged>
    </org.openmrs.module.metadatasharing.Item>
    <org.openmrs.module.metadatasharing.Item id="192" uuid="126316BBBBBBBBBBBBBBBBBBBBBBBBBBBBBB">
      <id>126316</id>
      <classname>org.openmrs.ConceptName</classname>
      <dateChanged id="193">2021-01-22 10:31:37</dateChanged>
    </org.openmrs.module.metadatasharing.Item>
    <org.openmrs.module.metadatasharing.Item id="194" uuid="106307BBBBBBBBBBBBBBBBBBBBBBBBBBBBBB">
      <id>106307</id>
      <classname>org.openmrs.ConceptName</classname>
      <dateChanged id="195">2021-01-22 10:31:37</dateChanged>
    </org.openmrs.module.metadatasharing.Item>
    <org.openmrs.module.metadatasharing.Item id="196" uuid="126313BBBBBBBBBBBBBBBBBBBBBBBBBBBBBB">
      <id>126313</id>
      <classname>org.openmrs.ConceptName</classname>
      <dateChanged id="197">2021-01-22 10:31:37</dateChanged>
    </org.openmrs.module.metadatasharing.Item>
    <org.openmrs.module.metadatasharing.Item id="198" uuid="137332BBBBBBBBBBBBBBBBBBBBBBBBBBBBBB">
      <id>137332</id>
      <classname>org.openmrs.ConceptName</classname>
      <dateChanged id="199">2021-01-22 10:31:37</dateChanged>
    </org.openmrs.module.metadatasharing.Item>
    <org.openmrs.module.metadatasharing.Item id="200" uuid="126317BBBBBBBBBBBBBBBBBBBBBBBBBBBBBB">
      <id>126317</id>
      <classname>org.openmrs.ConceptName</classname>
      <dateChanged id="201">2021-01-22 10:31:37</dateChanged>
    </org.openmrs.module.metadatasharing.Item>
    <org.openmrs.module.metadatasharing.Item id="202" uuid="1136BBBBBBBBBBBBBBBBBBBBBBBBBBBBBBBB">
      <id>1136</id>
      <classname>org.openmrs.ConceptName</classname>
      <dateChanged id="203">2021-01-22 10:31:37</dateChanged>
    </org.openmrs.module.metadatasharing.Item>
    <org.openmrs.module.metadatasharing.Item id="204" uuid="108333BBBBBBBBBBBBBBBBBBBBBBBBBBBBBB">
      <id>108333</id>
      <classname>org.openmrs.ConceptName</classname>
      <dateChanged id="205">2021-01-22 10:31:37</dateChanged>
    </org.openmrs.module.metadatasharing.Item>
    <org.openmrs.module.metadatasharing.Item id="206" uuid="126314BBBBBBBBBBBBBBBBBBBBBBBBBBBBBB">
      <id>126314</id>
      <classname>org.openmrs.ConceptName</classname>
      <dateChanged id="207">2021-01-22 10:31:37</dateChanged>
    </org.openmrs.module.metadatasharing.Item>
    <org.openmrs.module.metadatasharing.Item id="208" uuid="137331BBBBBBBBBBBBBBBBBBBBBBBBBBBBBB">
      <id>137331</id>
      <classname>org.openmrs.ConceptName</classname>
      <dateChanged id="209">2021-01-22 10:31:37</dateChanged>
    </org.openmrs.module.metadatasharing.Item>
    <org.openmrs.module.metadatasharing.Item id="210" uuid="111198BBBBBBBBBBBBBBBBBBBBBBBBBBBBBB">
      <id>111198</id>
      <classname>org.openmrs.ConceptName</classname>
      <dateChanged id="211">2021-01-22 10:31:37</dateChanged>
    </org.openmrs.module.metadatasharing.Item>
    <org.openmrs.module.metadatasharing.Item id="212" uuid="126315BBBBBBBBBBBBBBBBBBBBBBBBBBBBBB">
      <id>126315</id>
      <classname>org.openmrs.ConceptName</classname>
      <dateChanged id="213">2021-01-22 10:31:37</dateChanged>
    </org.openmrs.module.metadatasharing.Item>
    <org.openmrs.module.metadatasharing.Item id="214" uuid="126318BBBBBBBBBBBBBBBBBBBBBBBBBBBBBB">
      <id>126318</id>
      <classname>org.openmrs.ConceptName</classname>
      <dateChanged id="215">2021-01-22 10:31:37</dateChanged>
    </org.openmrs.module.metadatasharing.Item>
    <org.openmrs.module.metadatasharing.Item id="216" uuid="139802BBBBBBBBBBBBBBBBBBBBBBBBBBBBBB">
      <id>139802</id>
      <classname>org.openmrs.ConceptName</classname>
      <dateChanged id="217">2021-01-22 10:31:37</dateChanged>
    </org.openmrs.module.metadatasharing.Item>
    <org.openmrs.module.metadatasharing.Item id="218" uuid="126319BBBBBBBBBBBBBBBBBBBBBBBBBBBBBB">
      <id>126319</id>
      <classname>org.openmrs.ConceptName</classname>
      <dateChanged id="219">2021-01-22 10:31:37</dateChanged>
    </org.openmrs.module.metadatasharing.Item>
    <org.openmrs.module.metadatasharing.Item id="220" uuid="106919BBBBBBBBBBBBBBBBBBBBBBBBBBBBBB">
      <id>106919</id>
      <classname>org.openmrs.ConceptName</classname>
      <dateChanged id="221">2021-01-22 10:31:37</dateChanged>
    </org.openmrs.module.metadatasharing.Item>
    <org.openmrs.module.metadatasharing.Item id="222" uuid="303cebb9-b2eb-4d89-be6c-72612078d934">
      <id>143678</id>
      <classname>org.openmrs.ConceptName</classname>
      <dateChanged id="223">2021-01-22 10:31:37</dateChanged>
    </org.openmrs.module.metadatasharing.Item>
    <org.openmrs.module.metadatasharing.Item id="224" uuid="1068FFFFFFFFFFFFFFFFFFFFFFFFFFFFFFFF">
      <id>1068</id>
      <classname>org.openmrs.ConceptDescription</classname>
      <dateChanged id="225">2021-01-22 10:31:37</dateChanged>
    </org.openmrs.module.metadatasharing.Item>
    <org.openmrs.module.metadatasharing.Item id="226" uuid="18158FFFFFFFFFFFFFFFFFFFFFFFFFFFFFFF">
      <id>18158</id>
      <classname>org.openmrs.ConceptDescription</classname>
      <dateChanged id="227">2021-01-22 10:31:37</dateChanged>
    </org.openmrs.module.metadatasharing.Item>
    <org.openmrs.module.metadatasharing.Item id="228" uuid="143596ABBBBBBBBBBBBBBBBBBBBBBBBBBBBB">
      <id>143596</id>
      <classname>org.openmrs.ConceptMap</classname>
      <dateChanged id="229">2021-01-22 10:31:37</dateChanged>
    </org.openmrs.module.metadatasharing.Item>
    <org.openmrs.module.metadatasharing.Item id="230" uuid="df5cc022-8895-3b92-be1d-1a52bc77e82a">
      <id>143596</id>
      <classname>org.openmrs.ConceptReferenceTerm</classname>
      <dateChanged id="231">2021-01-22 10:31:37</dateChanged>
      <retired>false</retired>
    </org.openmrs.module.metadatasharing.Item>
    <org.openmrs.module.metadatasharing.Item id="232" uuid="133840ABBBBBBBBBBBBBBBBBBBBBBBBBBBBB">
      <id>133840</id>
      <classname>org.openmrs.ConceptMap</classname>
      <dateChanged id="233">2021-01-22 10:31:37</dateChanged>
    </org.openmrs.module.metadatasharing.Item>
    <org.openmrs.module.metadatasharing.Item id="234" uuid="d2d5f591-c1b5-308e-bbbb-2fb6dee0d2b2">
      <id>133840</id>
      <classname>org.openmrs.ConceptReferenceTerm</classname>
      <dateChanged id="235">2021-01-22 10:31:37</dateChanged>
      <retired>false</retired>
    </org.openmrs.module.metadatasharing.Item>
    <org.openmrs.module.metadatasharing.Item id="236" uuid="144378ABBBBBBBBBBBBBBBBBBBBBBBBBBBBB">
      <id>144378</id>
      <classname>org.openmrs.ConceptMap</classname>
      <dateChanged id="237">2021-01-22 10:31:37</dateChanged>
    </org.openmrs.module.metadatasharing.Item>
    <org.openmrs.module.metadatasharing.Item id="238" uuid="0a25554e-8e73-3431-a111-837291cbc771">
      <id>144378</id>
      <classname>org.openmrs.ConceptReferenceTerm</classname>
      <dateChanged id="239">2021-01-22 10:31:37</dateChanged>
      <retired>false</retired>
    </org.openmrs.module.metadatasharing.Item>
    <org.openmrs.module.metadatasharing.Item id="240" uuid="171328ABBBBBBBBBBBBBBBBBBBBBBBBBBBBB">
      <id>171328</id>
      <classname>org.openmrs.ConceptMap</classname>
      <dateChanged id="241">2021-01-22 10:31:37</dateChanged>
    </org.openmrs.module.metadatasharing.Item>
    <org.openmrs.module.metadatasharing.Item id="242" uuid="dc8ecb4e-0d3d-3370-8734-070bd813f5a2">
      <id>171328</id>
      <classname>org.openmrs.ConceptReferenceTerm</classname>
      <dateChanged id="243">2021-01-22 10:31:37</dateChanged>
      <retired>false</retired>
    </org.openmrs.module.metadatasharing.Item>
    <org.openmrs.module.metadatasharing.Item id="244" uuid="134737ABBBBBBBBBBBBBBBBBBBBBBBBBBBBB">
      <id>134737</id>
      <classname>org.openmrs.ConceptMap</classname>
      <dateChanged id="245">2021-01-22 10:31:37</dateChanged>
    </org.openmrs.module.metadatasharing.Item>
    <org.openmrs.module.metadatasharing.Item id="246" uuid="85fd20aa-8f0e-33c6-8d26-87087144d1f0">
      <id>134737</id>
      <classname>org.openmrs.ConceptReferenceTerm</classname>
      <dateChanged id="247">2021-01-22 10:31:37</dateChanged>
      <retired>false</retired>
    </org.openmrs.module.metadatasharing.Item>
    <org.openmrs.module.metadatasharing.Item id="248" uuid="110775ABBBBBBBBBBBBBBBBBBBBBBBBBBBBB">
      <id>110775</id>
      <classname>org.openmrs.ConceptMap</classname>
      <dateChanged id="249">2010-04-25 11:39:31</dateChanged>
    </org.openmrs.module.metadatasharing.Item>
    <org.openmrs.module.metadatasharing.Item id="250" uuid="ee760077-c3b2-3e1c-a63b-1897f306e46d">
      <id>110769</id>
      <classname>org.openmrs.ConceptReferenceTerm</classname>
      <dateChanged id="251">2010-04-25 00:00:00</dateChanged>
      <retired>false</retired>
    </org.openmrs.module.metadatasharing.Item>
    <org.openmrs.module.metadatasharing.Item id="252" uuid="3f65bd34-26fe-102b-80cb-0017a47871b2">
      <id>3</id>
      <classname>org.openmrs.ConceptSource</classname>
      <dateChanged id="253">2021-01-22 10:31:37</dateChanged>
      <retired>false</retired>
    </org.openmrs.module.metadatasharing.Item>
    <org.openmrs.module.metadatasharing.Item id="254" uuid="162610ABBBBBBBBBBBBBBBBBBBBBBBBBBBBB">
      <id>162610</id>
      <classname>org.openmrs.ConceptMap</classname>
      <dateChanged id="255">2013-02-17 15:29:09</dateChanged>
    </org.openmrs.module.metadatasharing.Item>
    <org.openmrs.module.metadatasharing.Item id="256" uuid="efe88955-4f48-3f70-a91a-5e8afcb3c9ff">
      <id>159572</id>
      <classname>org.openmrs.ConceptReferenceTerm</classname>
      <dateChanged id="257">2013-02-17 00:00:00</dateChanged>
      <retired>false</retired>
    </org.openmrs.module.metadatasharing.Item>
    <org.openmrs.module.metadatasharing.Item id="258" uuid="20ADDDDDDDDDDDDDDDDDDDDDDDDDDDDDDDDD">
      <id>20</id>
      <classname>org.openmrs.ConceptSource</classname>
      <dateChanged id="259">2021-01-15 12:16:33</dateChanged>
      <retired>false</retired>
    </org.openmrs.module.metadatasharing.Item>
    <org.openmrs.module.metadatasharing.Item id="260" uuid="77675ABBBBBBBBBBBBBBBBBBBBBBBBBBBBBB">
      <id>77675</id>
      <classname>org.openmrs.ConceptMap</classname>
      <dateChanged id="261">2010-04-25 11:34:12</dateChanged>
    </org.openmrs.module.metadatasharing.Item>
    <org.openmrs.module.metadatasharing.Item id="262" uuid="55e02065-7d8c-11e1-909d-c80aa9edcf4e">
      <id>4</id>
      <classname>org.openmrs.ConceptMapType</classname>
      <dateChanged id="263">2019-10-23 00:00:00</dateChanged>
      <retired>false</retired>
    </org.openmrs.module.metadatasharing.Item>
    <org.openmrs.module.metadatasharing.Item id="264" uuid="841c1ccb-d4ea-3010-bf15-1ec7f4929133">
      <id>77675</id>
      <classname>org.openmrs.ConceptReferenceTerm</classname>
      <dateChanged id="265">2010-04-25 00:00:00</dateChanged>
      <retired>false</retired>
    </org.openmrs.module.metadatasharing.Item>
    <org.openmrs.module.metadatasharing.Item id="266" uuid="2ADDDDDDDDDDDDDDDDDDDDDDDDDDDDDDDDDD">
      <id>2</id>
      <classname>org.openmrs.ConceptSource</classname>
      <dateChanged id="267">2021-01-22 10:31:37</dateChanged>
      <retired>false</retired>
    </org.openmrs.module.metadatasharing.Item>
    <org.openmrs.module.metadatasharing.Item id="268" uuid="136105ABBBBBBBBBBBBBBBBBBBBBBBBBBBBB">
      <id>136105</id>
      <classname>org.openmrs.ConceptMap</classname>
      <dateChanged id="269">2010-10-24 13:09:59</dateChanged>
    </org.openmrs.module.metadatasharing.Item>
    <org.openmrs.module.metadatasharing.Item id="270" uuid="90204d3f-948c-3e1c-87db-0c90d34d7eb0">
      <id>136105</id>
      <classname>org.openmrs.ConceptReferenceTerm</classname>
      <dateChanged id="271">2010-10-24 00:00:00</dateChanged>
      <retired>false</retired>
    </org.openmrs.module.metadatasharing.Item>
    <org.openmrs.module.metadatasharing.Item id="272" uuid="258510ABBBBBBBBBBBBBBBBBBBBBBBBBBBBB">
      <id>258510</id>
      <classname>org.openmrs.ConceptMap</classname>
      <dateChanged id="273">2013-10-01 13:53:40</dateChanged>
    </org.openmrs.module.metadatasharing.Item>
    <org.openmrs.module.metadatasharing.Item id="274" uuid="afc22e77-11be-30f1-9e84-ba5f79fc96c2">
      <id>258510</id>
      <classname>org.openmrs.ConceptReferenceTerm</classname>
      <dateChanged id="275">2013-10-01 00:00:00</dateChanged>
      <retired>false</retired>
    </org.openmrs.module.metadatasharing.Item>
    <org.openmrs.module.metadatasharing.Item id="276" uuid="24ADDDDDDDDDDDDDDDDDDDDDDDDDDDDDDDDD">
      <id>24</id>
      <classname>org.openmrs.ConceptSource</classname>
      <dateChanged id="277">2021-01-22 10:31:37</dateChanged>
      <retired>false</retired>
    </org.openmrs.module.metadatasharing.Item>
    <org.openmrs.module.metadatasharing.Item id="278" uuid="51893ABBBBBBBBBBBBBBBBBBBBBBBBBBBBBB">
      <id>51893</id>
      <classname>org.openmrs.ConceptMap</classname>
      <dateChanged id="279">2010-04-25 11:29:41</dateChanged>
    </org.openmrs.module.metadatasharing.Item>
    <org.openmrs.module.metadatasharing.Item id="280" uuid="9e6272ac-eb7e-3faa-9839-e577d2b25bca">
      <id>51893</id>
      <classname>org.openmrs.ConceptReferenceTerm</classname>
      <dateChanged id="281">2010-04-25 00:00:00</dateChanged>
      <retired>false</retired>
    </org.openmrs.module.metadatasharing.Item>
    <org.openmrs.module.metadatasharing.Item id="282" uuid="150850ABBBBBBBBBBBBBBBBBBBBBBBBBBBBB">
      <id>150850</id>
      <classname>org.openmrs.ConceptMap</classname>
      <dateChanged id="283">2013-02-17 01:18:38</dateChanged>
    </org.openmrs.module.metadatasharing.Item>
    <org.openmrs.module.metadatasharing.Item id="284" uuid="1530c465-d01e-38bc-b7a1-d3f7d31da3cb">
      <id>150850</id>
      <classname>org.openmrs.ConceptReferenceTerm</classname>
      <dateChanged id="285">2013-02-17 00:00:00</dateChanged>
      <retired>false</retired>
    </org.openmrs.module.metadatasharing.Item>
    <org.openmrs.module.metadatasharing.Item id="286" uuid="19ADDDDDDDDDDDDDDDDDDDDDDDDDDDDDDDDD">
      <id>19</id>
      <classname>org.openmrs.ConceptSource</classname>
      <dateChanged id="287">2013-02-16 22:25:25</dateChanged>
      <retired>false</retired>
    </org.openmrs.module.metadatasharing.Item>
    <org.openmrs.module.metadatasharing.Item id="288" uuid="133969ABBBBBBBBBBBBBBBBBBBBBBBBBBBBB">
      <id>133969</id>
      <classname>org.openmrs.ConceptMap</classname>
      <dateChanged id="289">2010-10-24 13:09:59</dateChanged>
    </org.openmrs.module.metadatasharing.Item>
    <org.openmrs.module.metadatasharing.Item id="290" uuid="c029862c-7128-3f59-867a-54bbae789136">
      <id>133969</id>
      <classname>org.openmrs.ConceptReferenceTerm</classname>
      <dateChanged id="291">2010-10-24 00:00:00</dateChanged>
      <retired>false</retired>
    </org.openmrs.module.metadatasharing.Item>
    <org.openmrs.module.metadatasharing.Item id="292" uuid="143741ABBBBBBBBBBBBBBBBBBBBBBBBBBBBB">
      <id>143741</id>
      <classname>org.openmrs.ConceptMap</classname>
      <dateChanged id="293">2011-06-06 22:40:40</dateChanged>
    </org.openmrs.module.metadatasharing.Item>
    <org.openmrs.module.metadatasharing.Item id="294" uuid="ec514806-a243-37ee-9feb-3b5dc0e25110">
      <id>143741</id>
      <classname>org.openmrs.ConceptReferenceTerm</classname>
      <dateChanged id="295">2011-06-06 00:00:00</dateChanged>
      <retired>false</retired>
    </org.openmrs.module.metadatasharing.Item>
    <org.openmrs.module.metadatasharing.Item id="296" uuid="203411ABBBBBBBBBBBBBBBBBBBBBBBBBBBBB">
      <id>203411</id>
      <classname>org.openmrs.ConceptMap</classname>
      <dateChanged id="297">2013-07-03 18:53:08</dateChanged>
    </org.openmrs.module.metadatasharing.Item>
    <org.openmrs.module.metadatasharing.Item id="298" uuid="5d28ed86-0da1-30ed-aa07-34adc9ce8602">
      <id>203411</id>
      <classname>org.openmrs.ConceptReferenceTerm</classname>
      <dateChanged id="299">2013-07-03 00:00:00</dateChanged>
      <retired>false</retired>
    </org.openmrs.module.metadatasharing.Item>
    <org.openmrs.module.metadatasharing.Item id="300" uuid="78f8313b-6f27-4c0b-bb2e-288a9089b977">
      <id>143694</id>
      <classname>org.openmrs.ConceptName</classname>
      <dateChanged id="301">2021-01-22 08:33:15</dateChanged>
    </org.openmrs.module.metadatasharing.Item>
    <org.openmrs.module.metadatasharing.Item id="302" uuid="26367958-b38b-45f1-a1cb-22ad9a8150df">
      <id>143682</id>
      <classname>org.openmrs.ConceptName</classname>
      <dateChanged id="303">2021-01-21 16:36:18</dateChanged>
    </org.openmrs.module.metadatasharing.Item>
    <org.openmrs.module.metadatasharing.Item id="304" uuid="b6358c3e-a07c-4c2e-a327-febe119ee3e9">
      <id>143692</id>
      <classname>org.openmrs.ConceptName</classname>
      <dateChanged id="305">2021-01-22 08:33:15</dateChanged>
    </org.openmrs.module.metadatasharing.Item>
    <org.openmrs.module.metadatasharing.Item id="306" uuid="959e950f-901e-4bde-8104-08ae67f1201b">
      <id>143681</id>
      <classname>org.openmrs.ConceptName</classname>
      <dateChanged id="307">2021-01-21 16:36:03</dateChanged>
    </org.openmrs.module.metadatasharing.Item>
    <org.openmrs.module.metadatasharing.Item id="308" uuid="bf261f4f-c1ad-43f0-9fd1-c9f9561f8f7d">
      <id>143693</id>
      <classname>org.openmrs.ConceptName</classname>
      <dateChanged id="309">2021-01-22 08:31:39</dateChanged>
    </org.openmrs.module.metadatasharing.Item>
    <org.openmrs.module.metadatasharing.Item id="310" uuid="8d0e2d72-a11d-46e6-aa55-a751aadfcee9">
      <id>143691</id>
      <classname>org.openmrs.ConceptName</classname>
      <dateChanged id="311">2021-01-22 08:31:39</dateChanged>
    </org.openmrs.module.metadatasharing.Item>
    <org.openmrs.module.metadatasharing.Item id="312" uuid="9f8c1d59-df2e-4425-9149-101022d521ff">
      <id>143688</id>
      <classname>org.openmrs.ConceptName</classname>
      <dateChanged id="313">2021-01-21 15:24:05</dateChanged>
    </org.openmrs.module.metadatasharing.Item>
    <org.openmrs.module.metadatasharing.Item id="314" uuid="1798f6ee-f037-4bb3-b77b-37e9cb3b6154">
      <id>7277</id>
      <classname>org.openmrs.ConceptAnswer</classname>
      <dateChanged id="315">2021-01-21 15:24:05</dateChanged>
    </org.openmrs.module.metadatasharing.Item>
    <org.openmrs.module.metadatasharing.Item id="316" uuid="1ebb0499-6df6-4898-8417-ba22888c1029">
      <id>143686</id>
      <classname>org.openmrs.ConceptName</classname>
      <dateChanged id="317">2021-01-21 15:20:08</dateChanged>
    </org.openmrs.module.metadatasharing.Item>
    <org.openmrs.module.metadatasharing.Item id="318" uuid="52589c51-f032-4a4c-9095-54e1958d8470">
      <id>18663</id>
      <classname>org.openmrs.ConceptDescription</classname>
      <dateChanged id="319">2021-01-21 15:20:08</dateChanged>
    </org.openmrs.module.metadatasharing.Item>
    <org.openmrs.module.metadatasharing.Item id="320" uuid="549ec485-3ea2-42a7-be74-71216e50c32b">
      <id>7276</id>
      <classname>org.openmrs.ConceptAnswer</classname>
      <dateChanged id="321">2021-01-21 15:24:05</dateChanged>
    </org.openmrs.module.metadatasharing.Item>
    <org.openmrs.module.metadatasharing.Item id="322" uuid="faea8b46-22a2-4acd-b477-a580f1c17aef">
      <id>143687</id>
      <classname>org.openmrs.ConceptName</classname>
      <dateChanged id="323">2021-01-21 15:21:27</dateChanged>
    </org.openmrs.module.metadatasharing.Item>
    <org.openmrs.module.metadatasharing.Item id="324" uuid="6251440c-dcca-49d0-863c-cad236a7ad9d">
      <id>18664</id>
      <classname>org.openmrs.ConceptDescription</classname>
      <dateChanged id="325">2021-01-21 15:21:27</dateChanged>
    </org.openmrs.module.metadatasharing.Item>
    <org.openmrs.module.metadatasharing.Item id="326" uuid="26751075-6358-4f39-a07b-090424e3a0d5">
      <id>143685</id>
      <classname>org.openmrs.ConceptName</classname>
      <dateChanged id="327">2021-01-21 12:15:24</dateChanged>
    </org.openmrs.module.metadatasharing.Item>
    <org.openmrs.module.metadatasharing.Item id="328" uuid="148d3591-e432-41f7-9e10-6738e22efb11">
      <id>143684</id>
      <classname>org.openmrs.ConceptName</classname>
      <dateChanged id="329">2021-01-21 12:15:24</dateChanged>
    </org.openmrs.module.metadatasharing.Item>
    <org.openmrs.module.metadatasharing.Item id="330" uuid="a7b8aec0-4301-4d0c-894e-b36d92baf79a">
      <id>7278</id>
      <classname>org.openmrs.ConceptAnswer</classname>
      <dateChanged id="331">2021-01-22 08:37:12</dateChanged>
    </org.openmrs.module.metadatasharing.Item>
    <org.openmrs.module.metadatasharing.Item id="332" uuid="134629BBBBBBBBBBBBBBBBBBBBBBBBBBBBBB">
      <id>134629</id>
      <classname>org.openmrs.ConceptName</classname>
      <dateChanged id="333">2015-11-05 01:37:17</dateChanged>
    </org.openmrs.module.metadatasharing.Item>
    <org.openmrs.module.metadatasharing.Item id="334" uuid="128665BBBBBBBBBBBBBBBBBBBBBBBBBBBBBB">
      <id>128665</id>
      <classname>org.openmrs.ConceptName</classname>
      <dateChanged id="335">2015-07-17 20:07:22</dateChanged>
    </org.openmrs.module.metadatasharing.Item>
    <org.openmrs.module.metadatasharing.Item id="336" uuid="40007BBBBBBBBBBBBBBBBBBBBBBBBBBBBBBB">
      <id>40007</id>
      <classname>org.openmrs.ConceptName</classname>
      <dateChanged id="337">2007-11-02 19:43:33</dateChanged>
    </org.openmrs.module.metadatasharing.Item>
    <org.openmrs.module.metadatasharing.Item id="338" uuid="40008BBBBBBBBBBBBBBBBBBBBBBBBBBBBBBB">
      <id>40008</id>
      <classname>org.openmrs.ConceptName</classname>
      <dateChanged id="339">2007-07-13 10:32:54</dateChanged>
    </org.openmrs.module.metadatasharing.Item>
    <org.openmrs.module.metadatasharing.Item id="340" uuid="40009BBBBBBBBBBBBBBBBBBBBBBBBBBBBBBB">
      <id>40009</id>
      <classname>org.openmrs.ConceptName</classname>
      <dateChanged id="341">2007-08-17 12:32:24</dateChanged>
    </org.openmrs.module.metadatasharing.Item>
    <org.openmrs.module.metadatasharing.Item id="342" uuid="40010BBBBBBBBBBBBBBBBBBBBBBBBBBBBBBB">
      <id>40010</id>
      <classname>org.openmrs.ConceptName</classname>
      <dateChanged id="343">2007-12-14 15:03:36</dateChanged>
    </org.openmrs.module.metadatasharing.Item>
    <org.openmrs.module.metadatasharing.Item id="344" uuid="65233BBBBBBBBBBBBBBBBBBBBBBBBBBBBBBB">
      <id>65233</id>
      <classname>org.openmrs.ConceptName</classname>
      <dateChanged id="345">2009-08-18 16:03:14</dateChanged>
    </org.openmrs.module.metadatasharing.Item>
    <org.openmrs.module.metadatasharing.Item id="346" uuid="122834BBBBBBBBBBBBBBBBBBBBBBBBBBBBBB">
      <id>122834</id>
      <classname>org.openmrs.ConceptName</classname>
      <dateChanged id="347">2013-02-17 01:17:55</dateChanged>
    </org.openmrs.module.metadatasharing.Item>
    <org.openmrs.module.metadatasharing.Item id="348" uuid="2039CCCCCCCCCCCCCCCCCCCCCCCCCCCCCCCC">
      <id>2039</id>
      <classname>org.openmrs.ConceptAnswer</classname>
      <dateChanged id="349">2010-01-01 20:50:52</dateChanged>
    </org.openmrs.module.metadatasharing.Item>
    <org.openmrs.module.metadatasharing.Item id="350" uuid="2040CCCCCCCCCCCCCCCCCCCCCCCCCCCCCCCC">
      <id>2040</id>
      <classname>org.openmrs.ConceptAnswer</classname>
      <dateChanged id="351">2010-01-01 20:50:52</dateChanged>
    </org.openmrs.module.metadatasharing.Item>
    <org.openmrs.module.metadatasharing.Item id="352" uuid="2041CCCCCCCCCCCCCCCCCCCCCCCCCCCCCCCC">
      <id>2041</id>
      <classname>org.openmrs.ConceptAnswer</classname>
      <dateChanged id="353">2010-01-01 20:50:52</dateChanged>
    </org.openmrs.module.metadatasharing.Item>
    <org.openmrs.module.metadatasharing.Item id="354" uuid="12569FFFFFFFFFFFFFFFFFFFFFFFFFFFFFFF">
      <id>12569</id>
      <classname>org.openmrs.ConceptDescription</classname>
      <dateChanged id="355">2015-11-05 01:37:17</dateChanged>
    </org.openmrs.module.metadatasharing.Item>
    <org.openmrs.module.metadatasharing.Item id="356" uuid="54651ABBBBBBBBBBBBBBBBBBBBBBBBBBBBBB">
      <id>54651</id>
      <classname>org.openmrs.ConceptMap</classname>
      <dateChanged id="357">2010-04-25 11:29:41</dateChanged>
    </org.openmrs.module.metadatasharing.Item>
    <org.openmrs.module.metadatasharing.Item id="358" uuid="dc76e022-cfa8-3721-befd-c2f220b11d65">
      <id>54651</id>
      <classname>org.openmrs.ConceptReferenceTerm</classname>
      <dateChanged id="359">2010-04-25 00:00:00</dateChanged>
      <retired>false</retired>
    </org.openmrs.module.metadatasharing.Item>
    <org.openmrs.module.metadatasharing.Item id="360" uuid="200798ABBBBBBBBBBBBBBBBBBBBBBBBBBBBB">
      <id>200798</id>
      <classname>org.openmrs.ConceptMap</classname>
      <dateChanged id="361">2013-07-03 18:53:08</dateChanged>
    </org.openmrs.module.metadatasharing.Item>
    <org.openmrs.module.metadatasharing.Item id="362" uuid="51968a26-3ce2-37bd-b2d2-3c5dd715145b">
      <id>200798</id>
      <classname>org.openmrs.ConceptReferenceTerm</classname>
      <dateChanged id="363">2013-07-03 00:00:00</dateChanged>
      <retired>false</retired>
    </org.openmrs.module.metadatasharing.Item>
    <org.openmrs.module.metadatasharing.Item id="364" uuid="158384ABBBBBBBBBBBBBBBBBBBBBBBBBBBBB">
      <id>158384</id>
      <classname>org.openmrs.ConceptMap</classname>
      <dateChanged id="365">2013-02-17 01:19:08</dateChanged>
    </org.openmrs.module.metadatasharing.Item>
    <org.openmrs.module.metadatasharing.Item id="366" uuid="87842cb9-06ce-3033-bffb-8083c60c50e1">
      <id>158384</id>
      <classname>org.openmrs.ConceptReferenceTerm</classname>
      <dateChanged id="367">2013-02-17 00:00:00</dateChanged>
      <retired>false</retired>
    </org.openmrs.module.metadatasharing.Item>
    <org.openmrs.module.metadatasharing.Item id="368" uuid="143750ABBBBBBBBBBBBBBBBBBBBBBBBBBBBB">
      <id>143750</id>
      <classname>org.openmrs.ConceptMap</classname>
      <dateChanged id="369">2011-06-06 23:09:23</dateChanged>
    </org.openmrs.module.metadatasharing.Item>
    <org.openmrs.module.metadatasharing.Item id="370" uuid="406cd7da-d5a4-3ff1-893a-2636a1e36e3c">
      <id>143750</id>
      <classname>org.openmrs.ConceptReferenceTerm</classname>
      <dateChanged id="371">2011-06-06 00:00:00</dateChanged>
      <retired>false</retired>
    </org.openmrs.module.metadatasharing.Item>
    <org.openmrs.module.metadatasharing.Item id="372" uuid="133452ABBBBBBBBBBBBBBBBBBBBBBBBBBBBB">
      <id>133452</id>
      <classname>org.openmrs.ConceptMap</classname>
      <dateChanged id="373">2010-09-20 17:27:10</dateChanged>
    </org.openmrs.module.metadatasharing.Item>
    <org.openmrs.module.metadatasharing.Item id="374" uuid="88b9253a-56ee-30f6-b863-78e1fa137ebf">
      <id>133452</id>
      <classname>org.openmrs.ConceptReferenceTerm</classname>
      <dateChanged id="375">2010-09-20 00:00:00</dateChanged>
      <retired>false</retired>
    </org.openmrs.module.metadatasharing.Item>
    <org.openmrs.module.metadatasharing.Item id="376" uuid="258673ABBBBBBBBBBBBBBBBBBBBBBBBBBBBB">
      <id>258673</id>
      <classname>org.openmrs.ConceptMap</classname>
      <dateChanged id="377">2013-10-01 13:53:40</dateChanged>
    </org.openmrs.module.metadatasharing.Item>
    <org.openmrs.module.metadatasharing.Item id="378" uuid="9a68fce9-5d87-3783-9084-aa2f67fc0d9c">
      <id>258673</id>
      <classname>org.openmrs.ConceptReferenceTerm</classname>
      <dateChanged id="379">2013-10-01 00:00:00</dateChanged>
      <retired>false</retired>
    </org.openmrs.module.metadatasharing.Item>
    <org.openmrs.module.metadatasharing.Item id="380" uuid="134019ABBBBBBBBBBBBBBBBBBBBBBBBBBBBB">
      <id>134019</id>
      <classname>org.openmrs.ConceptMap</classname>
      <dateChanged id="381">2010-10-24 13:09:59</dateChanged>
    </org.openmrs.module.metadatasharing.Item>
    <org.openmrs.module.metadatasharing.Item id="382" uuid="424b4997-6e2f-3ba4-a9eb-c927f6b2014d">
      <id>134019</id>
      <classname>org.openmrs.ConceptReferenceTerm</classname>
      <dateChanged id="383">2010-10-24 00:00:00</dateChanged>
      <retired>false</retired>
    </org.openmrs.module.metadatasharing.Item>
    <org.openmrs.module.metadatasharing.Item id="384" uuid="170144ABBBBBBBBBBBBBBBBBBBBBBBBBBBBB">
      <id>170144</id>
      <classname>org.openmrs.ConceptMap</classname>
      <dateChanged id="385">2013-02-17 15:29:39</dateChanged>
    </org.openmrs.module.metadatasharing.Item>
    <org.openmrs.module.metadatasharing.Item id="386" uuid="c29e2dd9-f57b-3929-94a3-07527a1c103e">
      <id>159240</id>
      <classname>org.openmrs.ConceptReferenceTerm</classname>
      <dateChanged id="387">2013-02-17 00:00:00</dateChanged>
      <retired>false</retired>
    </org.openmrs.module.metadatasharing.Item>
    <org.openmrs.module.metadatasharing.Item id="388" uuid="102857ABBBBBBBBBBBBBBBBBBBBBBBBBBBBB">
      <id>102857</id>
      <classname>org.openmrs.ConceptMap</classname>
      <dateChanged id="389">2010-04-25 11:39:31</dateChanged>
    </org.openmrs.module.metadatasharing.Item>
    <org.openmrs.module.metadatasharing.Item id="390" uuid="e2ccb7d0-a2bb-3abf-9a5b-6fef0ac8251c">
      <id>102849</id>
      <classname>org.openmrs.ConceptReferenceTerm</classname>
      <dateChanged id="391">2010-04-25 00:00:00</dateChanged>
      <retired>false</retired>
    </org.openmrs.module.metadatasharing.Item>
    <org.openmrs.module.metadatasharing.Item id="392" uuid="136094ABBBBBBBBBBBBBBBBBBBBBBBBBBBBB">
      <id>136094</id>
      <classname>org.openmrs.ConceptMap</classname>
      <dateChanged id="393">2010-10-24 13:09:59</dateChanged>
    </org.openmrs.module.metadatasharing.Item>
    <org.openmrs.module.metadatasharing.Item id="394" uuid="5752fb9b-17f5-389c-986a-b22ea3df401b">
      <id>136094</id>
      <classname>org.openmrs.ConceptReferenceTerm</classname>
      <dateChanged id="395">2010-10-24 00:00:00</dateChanged>
      <retired>false</retired>
    </org.openmrs.module.metadatasharing.Item>
    <org.openmrs.module.metadatasharing.Item id="396" uuid="352d75b7-086b-41da-81fa-8c47bad02d85">
      <id>7279</id>
      <classname>org.openmrs.ConceptAnswer</classname>
      <dateChanged id="397">2021-01-22 08:37:12</dateChanged>
    </org.openmrs.module.metadatasharing.Item>
    <org.openmrs.module.metadatasharing.Item id="398" uuid="245ae42e-8c9a-47c4-afef-3ebf0042f5ce">
      <id>7280</id>
      <classname>org.openmrs.ConceptAnswer</classname>
      <dateChanged id="399">2021-01-22 08:37:12</dateChanged>
    </org.openmrs.module.metadatasharing.Item>
    <org.openmrs.module.metadatasharing.Item id="400" uuid="122015BBBBBBBBBBBBBBBBBBBBBBBBBBBBBB">
      <id>122015</id>
      <classname>org.openmrs.ConceptName</classname>
      <dateChanged id="401">2013-02-17 01:17:51</dateChanged>
    </org.openmrs.module.metadatasharing.Item>
    <org.openmrs.module.metadatasharing.Item id="402" uuid="105071BBBBBBBBBBBBBBBBBBBBBBBBBBBBBB">
      <id>105071</id>
      <classname>org.openmrs.ConceptName</classname>
      <dateChanged id="403">2010-04-23 20:11:27</dateChanged>
    </org.openmrs.module.metadatasharing.Item>
    <org.openmrs.module.metadatasharing.Item id="404" uuid="143409BBBBBBBBBBBBBBBBBBBBBBBBBBBBBB">
      <id>143409</id>
      <classname>org.openmrs.ConceptName</classname>
      <dateChanged id="405">2020-03-29 18:54:58</dateChanged>
    </org.openmrs.module.metadatasharing.Item>
    <org.openmrs.module.metadatasharing.Item id="406" uuid="216005ABBBBBBBBBBBBBBBBBBBBBBBBBBBBB">
      <id>216005</id>
      <classname>org.openmrs.ConceptMap</classname>
      <dateChanged id="407">2013-07-03 18:53:08</dateChanged>
    </org.openmrs.module.metadatasharing.Item>
    <org.openmrs.module.metadatasharing.Item id="408" uuid="027d3118-5150-39f2-b73c-63c5000e1a22">
      <id>216005</id>
      <classname>org.openmrs.ConceptReferenceTerm</classname>
      <dateChanged id="409">2013-07-03 00:00:00</dateChanged>
      <retired>false</retired>
    </org.openmrs.module.metadatasharing.Item>
    <org.openmrs.module.metadatasharing.Item id="410" uuid="157565ABBBBBBBBBBBBBBBBBBBBBBBBBBBBB">
      <id>157565</id>
      <classname>org.openmrs.ConceptMap</classname>
      <dateChanged id="411">2013-02-17 01:19:05</dateChanged>
    </org.openmrs.module.metadatasharing.Item>
    <org.openmrs.module.metadatasharing.Item id="412" uuid="3c55e5ae-f573-3718-bfe8-db21bcfa5b46">
      <id>157565</id>
      <classname>org.openmrs.ConceptReferenceTerm</classname>
      <dateChanged id="413">2013-02-17 00:00:00</dateChanged>
      <retired>false</retired>
    </org.openmrs.module.metadatasharing.Item>
    <org.openmrs.module.metadatasharing.Item id="414" uuid="241670ABBBBBBBBBBBBBBBBBBBBBBBBBBBBB">
      <id>241670</id>
      <classname>org.openmrs.ConceptMap</classname>
      <dateChanged id="415">2013-10-01 13:52:57</dateChanged>
    </org.openmrs.module.metadatasharing.Item>
    <org.openmrs.module.metadatasharing.Item id="416" uuid="659a2bf1-a306-3264-8231-e9155340e597">
      <id>241670</id>
      <classname>org.openmrs.ConceptReferenceTerm</classname>
      <dateChanged id="417">2013-10-01 00:00:00</dateChanged>
      <retired>false</retired>
    </org.openmrs.module.metadatasharing.Item>
    <org.openmrs.module.metadatasharing.Item id="418" uuid="41256ABBBBBBBBBBBBBBBBBBBBBBBBBBBBBB">
      <id>41256</id>
      <classname>org.openmrs.ConceptMap</classname>
      <dateChanged id="419">2010-04-25 11:29:41</dateChanged>
    </org.openmrs.module.metadatasharing.Item>
    <org.openmrs.module.metadatasharing.Item id="420" uuid="f73df528-8c9f-3048-a07e-0ef44379d4bf">
      <id>41256</id>
      <classname>org.openmrs.ConceptReferenceTerm</classname>
      <dateChanged id="421">2010-04-25 00:00:00</dateChanged>
      <retired>false</retired>
    </org.openmrs.module.metadatasharing.Item>
    <org.openmrs.module.metadatasharing.Item id="422" uuid="107195ABBBBBBBBBBBBBBBBBBBBBBBBBBBBB">
      <id>107195</id>
      <classname>org.openmrs.ConceptMap</classname>
      <dateChanged id="423">2010-04-25 11:39:31</dateChanged>
    </org.openmrs.module.metadatasharing.Item>
    <org.openmrs.module.metadatasharing.Item id="424" uuid="43ac5109-7d8c-11e1-909d-c80aa9edcf4e">
      <id>2</id>
      <classname>org.openmrs.ConceptMapType</classname>
      <dateChanged id="425">2021-01-22 10:31:37</dateChanged>
      <retired>false</retired>
    </org.openmrs.module.metadatasharing.Item>
    <org.openmrs.module.metadatasharing.Item id="426" uuid="8ba4d747-d8cd-3c00-9f33-c4164d7837e7">
      <id>107195</id>
      <classname>org.openmrs.ConceptReferenceTerm</classname>
      <dateChanged id="427">2010-04-25 00:00:00</dateChanged>
      <retired>false</retired>
    </org.openmrs.module.metadatasharing.Item>
    <org.openmrs.module.metadatasharing.Item id="428" uuid="169325ABBBBBBBBBBBBBBBBBBBBBBBBBBBBB">
      <id>169325</id>
      <classname>org.openmrs.ConceptMap</classname>
      <dateChanged id="429">2013-02-17 15:29:36</dateChanged>
    </org.openmrs.module.metadatasharing.Item>
    <org.openmrs.module.metadatasharing.Item id="430" uuid="09c798fe-1c8c-3c4c-8f0a-b2f76aaf4abf">
      <id>158739</id>
      <classname>org.openmrs.ConceptReferenceTerm</classname>
      <dateChanged id="431">2013-02-17 00:00:00</dateChanged>
      <retired>false</retired>
    </org.openmrs.module.metadatasharing.Item>
    <org.openmrs.module.metadatasharing.Item id="432" uuid="fda65f21-45f8-4087-89ff-9a027a07b727">
      <id>7275</id>
      <classname>org.openmrs.ConceptAnswer</classname>
      <dateChanged id="433">2021-01-20 16:41:30</dateChanged>
    </org.openmrs.module.metadatasharing.Item>
    <org.openmrs.module.metadatasharing.Item id="434" uuid="104413f8-1997-4021-bd45-1848e127e03f">
      <id>7274</id>
      <classname>org.openmrs.ConceptAnswer</classname>
      <dateChanged id="435">2021-01-20 16:41:30</dateChanged>
    </org.openmrs.module.metadatasharing.Item>
  </relatedItems>
</package>
