<?xml version="1.0" encoding="UTF-8"?>
<package id="1" uuid="2113bb81-e7f2-45ad-806d-c6c7a5aa890f">
  <dateCreated id="2">2020-07-10 08:52:12</dateCreated>
  <name>CfL Concept Dictionary</name>
  <description>Package used for storage required concepts for diagnoses and conditions sets</description>
  <openmrsVersion>2.3.0  Build b3ade0</openmrsVersion>
  <version>1</version>
  <groupUuid>8de84f89-1d51-47e1-b2a4-a3df814114d3</groupUuid>
  <modules id="3">
    <entry>
      <string>calculation</string>
      <string>1.2</string>
    </entry>
    <entry>
      <string>legacyui</string>
      <string>1.6.0</string>
    </entry>
    <entry>
      <string>referenceapplication</string>
      <string>2.10.0</string>
    </entry>
    <entry>
      <string>attachments</string>
      <string>2.2.0</string>
    </entry>
    <entry>
      <string>metadatadeploy</string>
      <string>1.11.0</string>
    </entry>
    <entry>
      <string>fhir</string>
      <string>1.20.0</string>
    </entry>
    <entry>
      <string>appointmentscheduling</string>
      <string>1.12.0</string>
    </entry>
    <entry>
      <string>atlas</string>
      <string>2.2</string>
    </entry>
    <entry>
      <string>metadatasharing</string>
      <string>1.6.0</string>
    </entry>
    <entry>
      <string>appointmentschedulingui</string>
      <string>1.9.0</string>
    </entry>
    <entry>
      <string>allergyui</string>
      <string>1.8.3-SNAPSHOT</string>
    </entry>
    <entry>
      <string>formentryapp</string>
      <string>1.4.2</string>
    </entry>
    <entry>
      <string>providermanagement</string>
      <string>2.10.0</string>
    </entry>
    <entry>
      <string>visits</string>
      <string>1.0.0-SNAPSHOT</string>
    </entry>
    <entry>
      <string>htmlwidgets</string>
      <string>1.10.0</string>
    </entry>
    <entry>
      <string>dataexchange</string>
      <string>1.3.4</string>
    </entry>
    <entry>
      <string>referencedemodata</string>
      <string>1.4.5</string>
    </entry>
    <entry>
      <string>sms</string>
      <string>1.0.0-SNAPSHOT</string>
    </entry>
    <entry>
      <string>addresshierarchy</string>
      <string>2.11.0</string>
    </entry>
    <entry>
      <string>reportingrest</string>
      <string>1.11.0</string>
    </entry>
    <entry>
      <string>uiframework</string>
      <string>3.17.0</string>
    </entry>
    <entry>
      <string>reportingui</string>
      <string>1.6.0</string>
    </entry>
    <entry>
      <string>referencemetadata</string>
      <string>2.10.2</string>
    </entry>
    <entry>
      <string>event</string>
      <string>2.7.0</string>
    </entry>
    <entry>
      <string>uicommons</string>
      <string>2.14.0-SNAPSHOT</string>
    </entry>
    <entry>
      <string>patientflags</string>
      <string>3.0.2</string>
    </entry>
    <entry>
      <string>reporting</string>
      <string>1.20.0</string>
    </entry>
    <entry>
      <string>emrapi</string>
      <string>1.29.0-SNAPSHOT</string>
    </entry>
    <entry>
      <string>registrationapp</string>
      <string>1.20.0-SNAPSHOT</string>
    </entry>
    <entry>
      <string>idgen</string>
      <string>4.5.0</string>
    </entry>
    <entry>
      <string>htmlformentryui</string>
      <string>1.10.0</string>
    </entry>
    <entry>
      <string>htmlformentry</string>
      <string>3.10.0</string>
    </entry>
    <entry>
      <string>etllite</string>
      <string>1.0.0-SNAPSHOT</string>
    </entry>
    <entry>
      <string>cfl</string>
      <string>1.0.0-SNAPSHOT</string>
    </entry>
    <entry>
      <string>reportingcompatibility</string>
      <string>2.0.6</string>
    </entry>
    <entry>
      <string>uilibrary</string>
      <string>2.0.6</string>
    </entry>
    <entry>
      <string>locationbasedaccess</string>
      <string>0.1.1</string>
    </entry>
    <entry>
      <string>appframework</string>
      <string>2.15.0-SNAPSHOT</string>
    </entry>
    <entry>
      <string>webservices.rest</string>
      <string>2.28.0.df1459</string>
    </entry>
    <entry>
      <string>adminui</string>
      <string>1.3.0</string>
    </entry>
    <entry>
      <string>registrationcore</string>
      <string>1.9.0</string>
    </entry>
    <entry>
      <string>owa</string>
      <string>1.10.0</string>
    </entry>
    <entry>
      <string>metadatamapping</string>
      <string>1.3.4</string>
    </entry>
    <entry>
      <string>coreapps</string>
      <string>1.29.0-SNAPSHOT</string>
    </entry>
    <entry>
      <string>appui</string>
      <string>1.13.0-SNAPSHOT</string>
    </entry>
    <entry>
      <string>serialization.xstream</string>
      <string>0.2.14</string>
    </entry>
  </modules>
  <items class="linked-hash-set" id="4">
    <org.openmrs.module.metadatasharing.Item id="5" uuid="117399AAAAAAAAAAAAAAAAAAAAAAAAAAAAAA">
      <id>117399</id>
      <classname>org.openmrs.Concept</classname>
      <dateChanged id="6">2020-07-10 08:41:14</dateChanged>
      <retired>false</retired>
    </org.openmrs.module.metadatasharing.Item>
    <org.openmrs.module.metadatasharing.Item id="7" uuid="160156AAAAAAAAAAAAAAAAAAAAAAAAAAAAAA">
      <id>160156</id>
      <classname>org.openmrs.Concept</classname>
      <dateChanged id="8">2020-07-10 08:41:14</dateChanged>
      <retired>false</retired>
    </org.openmrs.module.metadatasharing.Item>
    <org.openmrs.module.metadatasharing.Item id="9" uuid="119481AAAAAAAAAAAAAAAAAAAAAAAAAAAAAA">
      <id>119481</id>
      <classname>org.openmrs.Concept</classname>
      <dateChanged id="10">2020-07-10 08:41:14</dateChanged>
      <retired>false</retired>
    </org.openmrs.module.metadatasharing.Item>
    <org.openmrs.module.metadatasharing.Item id="11" uuid="6d457af0-5725-4077-9d44-0e135b8470f5">
      <id>165995</id>
      <classname>org.openmrs.Concept</classname>
      <dateChanged id="12">2020-07-10 08:41:14</dateChanged>
      <retired>false</retired>
    </org.openmrs.module.metadatasharing.Item>
    <org.openmrs.module.metadatasharing.Item id="13" uuid="165621AAAAAAAAAAAAAAAAAAAAAAAAAAAAAA">
      <id>165621</id>
      <classname>org.openmrs.Concept</classname>
      <dateChanged id="14">2020-07-10 08:41:14</dateChanged>
      <retired>false</retired>
    </org.openmrs.module.metadatasharing.Item>
    <org.openmrs.module.metadatasharing.Item id="15" uuid="5d4bbe33-d50f-4566-8751-b01ed90617d5">
      <id>165996</id>
      <classname>org.openmrs.Concept</classname>
      <dateChanged id="16">2020-07-10 08:41:14</dateChanged>
      <retired>false</retired>
    </org.openmrs.module.metadatasharing.Item>
    <org.openmrs.module.metadatasharing.Item id="17" uuid="4400b163-7de7-468e-a509-2bb2994e21b1">
      <id>165997</id>
      <classname>org.openmrs.ConceptNumeric</classname>
      <dateChanged id="18">2020-07-10 08:41:14</dateChanged>
      <retired>false</retired>
    </org.openmrs.module.metadatasharing.Item>
    <org.openmrs.module.metadatasharing.Item id="19" uuid="1a7a1ee2-4475-4dc7-a514-bc06efc6a76f">
      <id>165998</id>
      <classname>org.openmrs.ConceptNumeric</classname>
      <dateChanged id="20">2020-07-10 08:41:14</dateChanged>
      <retired>false</retired>
    </org.openmrs.module.metadatasharing.Item>
    <org.openmrs.module.metadatasharing.Item id="21" uuid="aa4d89b0-b0cf-4b68-9432-d0352d0be2c9">
      <id>166000</id>
      <classname>org.openmrs.Concept</classname>
      <dateChanged id="22">2020-07-10 08:41:14</dateChanged>
      <retired>false</retired>
    </org.openmrs.module.metadatasharing.Item>
    <org.openmrs.module.metadatasharing.Item id="23" uuid="121629AAAAAAAAAAAAAAAAAAAAAAAAAAAAAA">
      <id>121629</id>
      <classname>org.openmrs.Concept</classname>
      <dateChanged id="24">2020-07-10 08:53:58</dateChanged>
      <retired>false</retired>
    </org.openmrs.module.metadatasharing.Item>
    <org.openmrs.module.metadatasharing.Item id="25" uuid="c8ad198e-8d70-49e0-86aa-018f5b7389e5">
      <id>165999</id>
      <classname>org.openmrs.ConceptNumeric</classname>
      <dateChanged id="26">2020-07-10 08:41:14</dateChanged>
      <retired>false</retired>
    </org.openmrs.module.metadatasharing.Item>
    <org.openmrs.module.metadatasharing.Item id="27" uuid="117767AAAAAAAAAAAAAAAAAAAAAAAAAAAAAA">
      <id>117767</id>
      <classname>org.openmrs.Concept</classname>
      <dateChanged id="28">2020-07-10 08:53:34</dateChanged>
      <retired>false</retired>
    </org.openmrs.module.metadatasharing.Item>
    <org.openmrs.module.metadatasharing.Item id="29" uuid="112493AAAAAAAAAAAAAAAAAAAAAAAAAAAAAA">
      <id>112493</id>
      <classname>org.openmrs.Concept</classname>
      <dateChanged id="30">2020-07-10 08:41:14</dateChanged>
      <retired>false</retired>
    </org.openmrs.module.metadatasharing.Item>
    <org.openmrs.module.metadatasharing.Item id="31" uuid="d9cab7ff-d2ed-42b2-a2f2-64e677370ff5">
      <id>33</id>
      <classname>org.openmrs.ConceptClass</classname>
      <dateChanged id="32">2020-07-10 08:41:14</dateChanged>
      <retired>false</retired>
    </org.openmrs.module.metadatasharing.Item>
    <org.openmrs.module.metadatasharing.Item id="33" uuid="dddba269-6203-348b-9250-142697635321">
      <id>71633</id>
      <classname>org.openmrs.ConceptReferenceTerm</classname>
      <dateChanged id="34">2020-07-10 08:41:14</dateChanged>
      <retired>false</retired>
    </org.openmrs.module.metadatasharing.Item>
    <org.openmrs.module.metadatasharing.Item id="35" uuid="9664889b-313c-3907-a2cc-fa1a7e80c4f5">
      <id>136765</id>
      <classname>org.openmrs.ConceptReferenceTerm</classname>
      <dateChanged id="36">2020-07-10 08:41:14</dateChanged>
      <retired>false</retired>
    </org.openmrs.module.metadatasharing.Item>
    <org.openmrs.module.metadatasharing.Item id="37" uuid="884cb235-ba65-4c12-a559-d5d354e78075">
      <id>285337</id>
      <classname>org.openmrs.ConceptReferenceTerm</classname>
      <dateChanged id="38">2020-07-10 08:41:14</dateChanged>
      <retired>false</retired>
    </org.openmrs.module.metadatasharing.Item>
    <org.openmrs.module.metadatasharing.Item id="39" uuid="cd6e3088-90f5-44a7-b6e4-4a6b1fb5aa68">
      <id>285340</id>
      <classname>org.openmrs.ConceptReferenceTerm</classname>
      <dateChanged id="40">2020-07-10 08:41:14</dateChanged>
      <retired>false</retired>
    </org.openmrs.module.metadatasharing.Item>
    <org.openmrs.module.metadatasharing.Item id="41" uuid="0825cc4f-052f-3247-9abc-f4d2dfb1a07d">
      <id>284787</id>
      <classname>org.openmrs.ConceptReferenceTerm</classname>
      <dateChanged id="42">2020-07-10 08:41:14</dateChanged>
      <retired>false</retired>
    </org.openmrs.module.metadatasharing.Item>
    <org.openmrs.module.metadatasharing.Item id="43" uuid="32a27a44-8016-467c-9f44-3ea47be69f1f">
      <id>285341</id>
      <classname>org.openmrs.ConceptReferenceTerm</classname>
      <dateChanged id="44">2020-07-10 08:41:14</dateChanged>
      <retired>false</retired>
    </org.openmrs.module.metadatasharing.Item>
    <org.openmrs.module.metadatasharing.Item id="45" uuid="54b58ed2-efa4-49b0-8fef-20cc4e9c7f1b">
      <id>285339</id>
      <classname>org.openmrs.ConceptReferenceTerm</classname>
      <dateChanged id="46">2020-07-10 08:41:14</dateChanged>
      <retired>false</retired>
    </org.openmrs.module.metadatasharing.Item>
    <org.openmrs.module.metadatasharing.Item id="47" uuid="34e29c6e-90e0-435d-96ca-63e74442eea1">
      <id>285336</id>
      <classname>org.openmrs.ConceptReferenceTerm</classname>
      <dateChanged id="48">2020-07-10 08:41:14</dateChanged>
      <retired>false</retired>
    </org.openmrs.module.metadatasharing.Item>
    <org.openmrs.module.metadatasharing.Item id="49" uuid="db7c8bf0-bc58-44fc-a06d-66af0febdd6f">
      <id>285343</id>
      <classname>org.openmrs.ConceptReferenceTerm</classname>
      <dateChanged id="50">2020-07-10 08:41:14</dateChanged>
      <retired>false</retired>
    </org.openmrs.module.metadatasharing.Item>
    <org.openmrs.module.metadatasharing.Item id="51" uuid="c4623145-9e93-4b85-9308-284b63faf8ac">
      <id>285338</id>
      <classname>org.openmrs.ConceptReferenceTerm</classname>
      <dateChanged id="52">2020-07-10 08:41:14</dateChanged>
      <retired>false</retired>
    </org.openmrs.module.metadatasharing.Item>
    <org.openmrs.module.metadatasharing.Item id="53" uuid="805deb3c-5a8a-4c1d-af33-61efc48af958">
      <id>285342</id>
      <classname>org.openmrs.ConceptReferenceTerm</classname>
      <dateChanged id="54">2020-07-10 08:41:14</dateChanged>
      <retired>false</retired>
    </org.openmrs.module.metadatasharing.Item>
    <org.openmrs.module.metadatasharing.Item id="55" uuid="4f393a70-d210-36f3-9371-1943594d020e">
      <id>70275</id>
      <classname>org.openmrs.ConceptReferenceTerm</classname>
      <dateChanged id="56">2020-07-10 08:41:14</dateChanged>
      <retired>false</retired>
    </org.openmrs.module.metadatasharing.Item>
  </items>
  <relatedItems class="linked-hash-set" id="57">
    <org.openmrs.module.metadatasharing.Item id="58" uuid="8d4a4c94-c2cc-11de-8d13-0010c6dffd0f">
      <id>4</id>
      <classname>org.openmrs.ConceptDatatype</classname>
      <dateChanged id="59">2004-02-02 00:00:00</dateChanged>
      <retired>false</retired>
    </org.openmrs.module.metadatasharing.Item>
    <org.openmrs.module.metadatasharing.Item id="60" uuid="131504BBBBBBBBBBBBBBBBBBBBBBBBBBBBBB">
      <id>131504</id>
      <classname>org.openmrs.ConceptName</classname>
      <dateChanged id="61">2020-07-10 08:41:14</dateChanged>
    </org.openmrs.module.metadatasharing.Item>
    <org.openmrs.module.metadatasharing.Item id="62" uuid="134401BBBBBBBBBBBBBBBBBBBBBBBBBBBBBB">
      <id>134401</id>
      <classname>org.openmrs.ConceptName</classname>
      <dateChanged id="63">2020-07-10 08:41:14</dateChanged>
    </org.openmrs.module.metadatasharing.Item>
    <org.openmrs.module.metadatasharing.Item id="64" uuid="130648BBBBBBBBBBBBBBBBBBBBBBBBBBBBBB">
      <id>130648</id>
      <classname>org.openmrs.ConceptName</classname>
      <dateChanged id="65">2020-07-10 08:41:14</dateChanged>
    </org.openmrs.module.metadatasharing.Item>
    <org.openmrs.module.metadatasharing.Item id="66" uuid="107313BBBBBBBBBBBBBBBBBBBBBBBBBBBBBB">
      <id>107313</id>
      <classname>org.openmrs.ConceptName</classname>
      <dateChanged id="67">2020-07-10 08:41:14</dateChanged>
    </org.openmrs.module.metadatasharing.Item>
    <org.openmrs.module.metadatasharing.Item id="68" uuid="134402BBBBBBBBBBBBBBBBBBBBBBBBBBBBBB">
      <id>134402</id>
      <classname>org.openmrs.ConceptName</classname>
      <dateChanged id="69">2020-07-10 08:41:14</dateChanged>
    </org.openmrs.module.metadatasharing.Item>
    <org.openmrs.module.metadatasharing.Item id="70" uuid="17788BBBBBBBBBBBBBBBBBBBBBBBBBBBBBBB">
      <id>17788</id>
      <classname>org.openmrs.ConceptName</classname>
      <dateChanged id="71">2020-07-10 08:41:14</dateChanged>
    </org.openmrs.module.metadatasharing.Item>
    <org.openmrs.module.metadatasharing.Item id="72" uuid="83266BBBBBBBBBBBBBBBBBBBBBBBBBBBBBBB">
      <id>83266</id>
      <classname>org.openmrs.ConceptName</classname>
      <dateChanged id="73">2020-07-10 08:41:14</dateChanged>
    </org.openmrs.module.metadatasharing.Item>
    <org.openmrs.module.metadatasharing.Item id="74" uuid="108071BBBBBBBBBBBBBBBBBBBBBBBBBBBBBB">
      <id>108071</id>
      <classname>org.openmrs.ConceptName</classname>
      <dateChanged id="75">2020-07-10 08:41:14</dateChanged>
    </org.openmrs.module.metadatasharing.Item>
    <org.openmrs.module.metadatasharing.Item id="76" uuid="134400BBBBBBBBBBBBBBBBBBBBBBBBBBBBBB">
      <id>134400</id>
      <classname>org.openmrs.ConceptName</classname>
      <dateChanged id="77">2020-07-10 08:41:14</dateChanged>
    </org.openmrs.module.metadatasharing.Item>
    <org.openmrs.module.metadatasharing.Item id="78" uuid="5011FFFFFFFFFFFFFFFFFFFFFFFFFFFFFFFF">
      <id>5011</id>
      <classname>org.openmrs.ConceptDescription</classname>
      <dateChanged id="79">2020-07-10 08:41:14</dateChanged>
    </org.openmrs.module.metadatasharing.Item>
    <org.openmrs.module.metadatasharing.Item id="80" uuid="136765ABBBBBBBBBBBBBBBBBBBBBBBBBBBBB">
      <id>136765</id>
      <classname>org.openmrs.ConceptMap</classname>
      <dateChanged id="81">2020-07-10 08:41:14</dateChanged>
    </org.openmrs.module.metadatasharing.Item>
    <org.openmrs.module.metadatasharing.Item id="82" uuid="35543629-7d8c-11e1-909d-c80aa9edcf4e">
      <id>1</id>
      <classname>org.openmrs.ConceptMapType</classname>
      <dateChanged id="83">2020-07-10 08:41:14</dateChanged>
      <retired>false</retired>
    </org.openmrs.module.metadatasharing.Item>
    <org.openmrs.module.metadatasharing.Item id="84" uuid="1ADDDDDDDDDDDDDDDDDDDDDDDDDDDDDDDDDD">
      <id>1</id>
      <classname>org.openmrs.ConceptSource</classname>
      <dateChanged id="85">2020-07-10 08:41:14</dateChanged>
      <retired>false</retired>
    </org.openmrs.module.metadatasharing.Item>
    <org.openmrs.module.metadatasharing.Item id="86" uuid="276535ABBBBBBBBBBBBBBBBBBBBBBBBBBBBB">
      <id>276535</id>
      <classname>org.openmrs.ConceptMap</classname>
      <dateChanged id="87">2020-07-10 08:41:14</dateChanged>
    </org.openmrs.module.metadatasharing.Item>
    <org.openmrs.module.metadatasharing.Item id="88" uuid="387b7a8e-429d-3345-8c4c-e94947d0db24">
      <id>267383</id>
      <classname>org.openmrs.ConceptReferenceTerm</classname>
      <dateChanged id="89">2020-07-10 08:41:14</dateChanged>
      <retired>false</retired>
    </org.openmrs.module.metadatasharing.Item>
    <org.openmrs.module.metadatasharing.Item id="90" uuid="24ADDDDDDDDDDDDDDDDDDDDDDDDDDDDDDDDD">
      <id>24</id>
      <classname>org.openmrs.ConceptSource</classname>
      <dateChanged id="91">2020-07-10 08:41:14</dateChanged>
      <retired>false</retired>
    </org.openmrs.module.metadatasharing.Item>
    <org.openmrs.module.metadatasharing.Item id="92" uuid="276098ABBBBBBBBBBBBBBBBBBBBBBBBBBBBB">
      <id>276098</id>
      <classname>org.openmrs.ConceptMap</classname>
      <dateChanged id="93">2020-07-10 08:41:14</dateChanged>
    </org.openmrs.module.metadatasharing.Item>
    <org.openmrs.module.metadatasharing.Item id="94" uuid="6e1495bc-eb09-3528-875f-1b7d432a81d5">
      <id>276098</id>
      <classname>org.openmrs.ConceptReferenceTerm</classname>
      <dateChanged id="95">2020-07-10 08:41:14</dateChanged>
      <retired>false</retired>
    </org.openmrs.module.metadatasharing.Item>
    <org.openmrs.module.metadatasharing.Item id="96" uuid="21ADDDDDDDDDDDDDDDDDDDDDDDDDDDDDDDDD">
      <id>21</id>
      <classname>org.openmrs.ConceptSource</classname>
      <dateChanged id="97">2020-07-10 08:41:14</dateChanged>
      <retired>false</retired>
    </org.openmrs.module.metadatasharing.Item>
    <org.openmrs.module.metadatasharing.Item id="98" uuid="275756ABBBBBBBBBBBBBBBBBBBBBBBBBBBBB">
      <id>275756</id>
      <classname>org.openmrs.ConceptMap</classname>
      <dateChanged id="99">2020-07-10 08:41:14</dateChanged>
    </org.openmrs.module.metadatasharing.Item>
    <org.openmrs.module.metadatasharing.Item id="100" uuid="43ac5109-7d8c-11e1-909d-c80aa9edcf4e">
      <id>2</id>
      <classname>org.openmrs.ConceptMapType</classname>
      <dateChanged id="101">2020-07-10 08:41:14</dateChanged>
      <retired>false</retired>
    </org.openmrs.module.metadatasharing.Item>
    <org.openmrs.module.metadatasharing.Item id="102" uuid="696974e4-37ad-399d-9a69-c713c279dcef">
      <id>107778</id>
      <classname>org.openmrs.ConceptReferenceTerm</classname>
      <dateChanged id="103">2020-07-10 08:41:14</dateChanged>
      <retired>false</retired>
    </org.openmrs.module.metadatasharing.Item>
    <org.openmrs.module.metadatasharing.Item id="104" uuid="3f65bd34-26fe-102b-80cb-0017a47871b2">
      <id>3</id>
      <classname>org.openmrs.ConceptSource</classname>
      <dateChanged id="105">2020-07-10 08:41:14</dateChanged>
      <retired>false</retired>
    </org.openmrs.module.metadatasharing.Item>
    <org.openmrs.module.metadatasharing.Item id="106" uuid="275698ABBBBBBBBBBBBBBBBBBBBBBBBBBBBB">
      <id>275698</id>
      <classname>org.openmrs.ConceptMap</classname>
      <dateChanged id="107">2020-07-10 08:41:14</dateChanged>
    </org.openmrs.module.metadatasharing.Item>
    <org.openmrs.module.metadatasharing.Item id="108" uuid="021449fb-cdac-33a2-942a-9688087dd470">
      <id>134580</id>
      <classname>org.openmrs.ConceptReferenceTerm</classname>
      <dateChanged id="109">2020-07-10 08:41:14</dateChanged>
      <retired>false</retired>
    </org.openmrs.module.metadatasharing.Item>
    <org.openmrs.module.metadatasharing.Item id="110" uuid="13ADDDDDDDDDDDDDDDDDDDDDDDDDDDDDDDDD">
      <id>13</id>
      <classname>org.openmrs.ConceptSource</classname>
      <dateChanged id="111">2020-07-10 08:41:14</dateChanged>
      <retired>false</retired>
    </org.openmrs.module.metadatasharing.Item>
    <org.openmrs.module.metadatasharing.Item id="112" uuid="8d4918b0-c2cc-11de-8d13-0010c6dffd0f">
      <id>4</id>
      <classname>org.openmrs.ConceptClass</classname>
      <dateChanged id="113">2020-07-10 08:41:14</dateChanged>
      <retired>false</retired>
    </org.openmrs.module.metadatasharing.Item>
    <org.openmrs.module.metadatasharing.Item id="114" uuid="03c8a41d-08f4-4c3a-bb5d-a4eaee551117">
      <id>143674</id>
      <classname>org.openmrs.ConceptName</classname>
      <dateChanged id="115">2020-07-10 08:41:14</dateChanged>
    </org.openmrs.module.metadatasharing.Item>
    <org.openmrs.module.metadatasharing.Item id="116" uuid="107974BBBBBBBBBBBBBBBBBBBBBBBBBBBBBB">
      <id>107974</id>
      <classname>org.openmrs.ConceptName</classname>
      <dateChanged id="117">2020-07-10 08:41:14</dateChanged>
    </org.openmrs.module.metadatasharing.Item>
    <org.openmrs.module.metadatasharing.Item id="118" uuid="143858ABBBBBBBBBBBBBBBBBBBBBBBBBBBBB">
      <id>143858</id>
      <classname>org.openmrs.ConceptMap</classname>
      <dateChanged id="119">2020-07-10 08:41:14</dateChanged>
    </org.openmrs.module.metadatasharing.Item>
    <org.openmrs.module.metadatasharing.Item id="120" uuid="53b6f255-ca77-38a8-93bf-0999a370d44b">
      <id>143858</id>
      <classname>org.openmrs.ConceptReferenceTerm</classname>
      <dateChanged id="121">2020-07-10 08:41:14</dateChanged>
      <retired>false</retired>
    </org.openmrs.module.metadatasharing.Item>
    <org.openmrs.module.metadatasharing.Item id="122" uuid="fb9aaaf1-65e2-4c18-b53c-16b575f2f385">
      <id>11</id>
      <classname>org.openmrs.ConceptSource</classname>
      <dateChanged id="123">2020-07-10 08:41:14</dateChanged>
      <retired>false</retired>
    </org.openmrs.module.metadatasharing.Item>
    <org.openmrs.module.metadatasharing.Item id="124" uuid="217292ABBBBBBBBBBBBBBBBBBBBBBBBBBBBB">
      <id>217292</id>
      <classname>org.openmrs.ConceptMap</classname>
      <dateChanged id="125">2020-07-10 08:41:14</dateChanged>
    </org.openmrs.module.metadatasharing.Item>
    <org.openmrs.module.metadatasharing.Item id="126" uuid="d22f7606-0880-3cf7-babd-7730676cb309">
      <id>217292</id>
      <classname>org.openmrs.ConceptReferenceTerm</classname>
      <dateChanged id="127">2020-07-10 08:41:14</dateChanged>
      <retired>false</retired>
    </org.openmrs.module.metadatasharing.Item>
    <org.openmrs.module.metadatasharing.Item id="128" uuid="b38a7321-4ef3-4d6b-9ea7-f1e8559907a5">
      <id>285341</id>
      <classname>org.openmrs.ConceptMap</classname>
      <dateChanged id="129">2020-07-10 08:41:14</dateChanged>
    </org.openmrs.module.metadatasharing.Item>
    <org.openmrs.module.metadatasharing.Item id="130" uuid="8d4a48b6-c2cc-11de-8d13-0010c6dffd0f">
      <id>2</id>
      <classname>org.openmrs.ConceptDatatype</classname>
      <dateChanged id="131">2004-02-02 00:00:00</dateChanged>
      <retired>false</retired>
    </org.openmrs.module.metadatasharing.Item>
    <org.openmrs.module.metadatasharing.Item id="132" uuid="130447BBBBBBBBBBBBBBBBBBBBBBBBBBBBBB">
      <id>130447</id>
      <classname>org.openmrs.ConceptName</classname>
      <dateChanged id="133">2020-07-10 08:41:14</dateChanged>
    </org.openmrs.module.metadatasharing.Item>
    <org.openmrs.module.metadatasharing.Item id="134" uuid="134417BBBBBBBBBBBBBBBBBBBBBBBBBBBBBB">
      <id>134417</id>
      <classname>org.openmrs.ConceptName</classname>
      <dateChanged id="135">2020-07-10 08:41:14</dateChanged>
    </org.openmrs.module.metadatasharing.Item>
    <org.openmrs.module.metadatasharing.Item id="136" uuid="82123BBBBBBBBBBBBBBBBBBBBBBBBBBBBBBB">
      <id>82123</id>
      <classname>org.openmrs.ConceptName</classname>
      <dateChanged id="137">2020-07-10 08:41:14</dateChanged>
    </org.openmrs.module.metadatasharing.Item>
    <org.openmrs.module.metadatasharing.Item id="138" uuid="19739BBBBBBBBBBBBBBBBBBBBBBBBBBBBBBB">
      <id>19739</id>
      <classname>org.openmrs.ConceptName</classname>
      <dateChanged id="139">2020-07-10 08:41:14</dateChanged>
    </org.openmrs.module.metadatasharing.Item>
    <org.openmrs.module.metadatasharing.Item id="140" uuid="117168BBBBBBBBBBBBBBBBBBBBBBBBBBBBBB">
      <id>117168</id>
      <classname>org.openmrs.ConceptName</classname>
      <dateChanged id="141">2020-07-10 08:41:14</dateChanged>
    </org.openmrs.module.metadatasharing.Item>
    <org.openmrs.module.metadatasharing.Item id="142" uuid="134416BBBBBBBBBBBBBBBBBBBBBBBBBBBBBB">
      <id>134416</id>
      <classname>org.openmrs.ConceptName</classname>
      <dateChanged id="143">2020-07-10 08:41:14</dateChanged>
    </org.openmrs.module.metadatasharing.Item>
    <org.openmrs.module.metadatasharing.Item id="144" uuid="19741BBBBBBBBBBBBBBBBBBBBBBBBBBBBBBB">
      <id>19741</id>
      <classname>org.openmrs.ConceptName</classname>
      <dateChanged id="145">2020-07-10 08:41:14</dateChanged>
    </org.openmrs.module.metadatasharing.Item>
    <org.openmrs.module.metadatasharing.Item id="146" uuid="131487BBBBBBBBBBBBBBBBBBBBBBBBBBBBBB">
      <id>131487</id>
      <classname>org.openmrs.ConceptName</classname>
      <dateChanged id="147">2020-07-10 08:41:14</dateChanged>
    </org.openmrs.module.metadatasharing.Item>
    <org.openmrs.module.metadatasharing.Item id="148" uuid="19740BBBBBBBBBBBBBBBBBBBBBBBBBBBBBBB">
      <id>19740</id>
      <classname>org.openmrs.ConceptName</classname>
      <dateChanged id="149">2020-07-10 08:41:14</dateChanged>
    </org.openmrs.module.metadatasharing.Item>
    <org.openmrs.module.metadatasharing.Item id="150" uuid="108684BBBBBBBBBBBBBBBBBBBBBBBBBBBBBB">
      <id>108684</id>
      <classname>org.openmrs.ConceptName</classname>
      <dateChanged id="151">2020-07-10 08:41:14</dateChanged>
    </org.openmrs.module.metadatasharing.Item>
    <org.openmrs.module.metadatasharing.Item id="152" uuid="1501CCCCCCCCCCCCCCCCCCCCCCCCCCCCCCCC">
      <id>1501</id>
      <classname>org.openmrs.ConceptAnswer</classname>
      <dateChanged id="153">2009-06-23 21:49:09</dateChanged>
    </org.openmrs.module.metadatasharing.Item>
    <org.openmrs.module.metadatasharing.Item id="154" uuid="1066AAAAAAAAAAAAAAAAAAAAAAAAAAAAAAAA">
      <id>1066</id>
      <classname>org.openmrs.Concept</classname>
      <dateChanged id="155">2020-07-10 08:41:14</dateChanged>
      <retired>false</retired>
    </org.openmrs.module.metadatasharing.Item>
    <org.openmrs.module.metadatasharing.Item id="156" uuid="8d492774-c2cc-11de-8d13-0010c6dffd0f">
      <id>11</id>
      <classname>org.openmrs.ConceptClass</classname>
      <dateChanged id="157">2020-07-10 08:41:14</dateChanged>
      <retired>false</retired>
    </org.openmrs.module.metadatasharing.Item>
    <org.openmrs.module.metadatasharing.Item id="158" uuid="139803BBBBBBBBBBBBBBBBBBBBBBBBBBBBBB">
      <id>139803</id>
      <classname>org.openmrs.ConceptName</classname>
      <dateChanged id="159">2020-07-10 08:41:14</dateChanged>
    </org.openmrs.module.metadatasharing.Item>
    <org.openmrs.module.metadatasharing.Item id="160" uuid="137333BBBBBBBBBBBBBBBBBBBBBBBBBBBBBB">
      <id>137333</id>
      <classname>org.openmrs.ConceptName</classname>
      <dateChanged id="161">2020-07-10 08:41:14</dateChanged>
    </org.openmrs.module.metadatasharing.Item>
    <org.openmrs.module.metadatasharing.Item id="162" uuid="126360BBBBBBBBBBBBBBBBBBBBBBBBBBBBBB">
      <id>126360</id>
      <classname>org.openmrs.ConceptName</classname>
      <dateChanged id="163">2020-07-10 08:41:14</dateChanged>
    </org.openmrs.module.metadatasharing.Item>
    <org.openmrs.module.metadatasharing.Item id="164" uuid="108334BBBBBBBBBBBBBBBBBBBBBBBBBBBBBB">
      <id>108334</id>
      <classname>org.openmrs.ConceptName</classname>
      <dateChanged id="165">2020-07-10 08:41:14</dateChanged>
    </org.openmrs.module.metadatasharing.Item>
    <org.openmrs.module.metadatasharing.Item id="166" uuid="111196BBBBBBBBBBBBBBBBBBBBBBBBBBBBBB">
      <id>111196</id>
      <classname>org.openmrs.ConceptName</classname>
      <dateChanged id="167">2020-07-10 08:41:14</dateChanged>
    </org.openmrs.module.metadatasharing.Item>
    <org.openmrs.module.metadatasharing.Item id="168" uuid="126357BBBBBBBBBBBBBBBBBBBBBBBBBBBBBB">
      <id>126357</id>
      <classname>org.openmrs.ConceptName</classname>
      <dateChanged id="169">2020-07-10 08:41:14</dateChanged>
    </org.openmrs.module.metadatasharing.Item>
    <org.openmrs.module.metadatasharing.Item id="170" uuid="106917BBBBBBBBBBBBBBBBBBBBBBBBBBBBBB">
      <id>106917</id>
      <classname>org.openmrs.ConceptName</classname>
      <dateChanged id="171">2020-07-10 08:41:14</dateChanged>
    </org.openmrs.module.metadatasharing.Item>
    <org.openmrs.module.metadatasharing.Item id="172" uuid="1139BBBBBBBBBBBBBBBBBBBBBBBBBBBBBBBB">
      <id>1139</id>
      <classname>org.openmrs.ConceptName</classname>
      <dateChanged id="173">2020-07-10 08:41:14</dateChanged>
    </org.openmrs.module.metadatasharing.Item>
    <org.openmrs.module.metadatasharing.Item id="174" uuid="126358BBBBBBBBBBBBBBBBBBBBBBBBBBBBBB">
      <id>126358</id>
      <classname>org.openmrs.ConceptName</classname>
      <dateChanged id="175">2020-07-10 08:41:14</dateChanged>
    </org.openmrs.module.metadatasharing.Item>
    <org.openmrs.module.metadatasharing.Item id="176" uuid="106308BBBBBBBBBBBBBBBBBBBBBBBBBBBBBB">
      <id>106308</id>
      <classname>org.openmrs.ConceptName</classname>
      <dateChanged id="177">2020-07-10 08:41:14</dateChanged>
    </org.openmrs.module.metadatasharing.Item>
    <org.openmrs.module.metadatasharing.Item id="178" uuid="126362BBBBBBBBBBBBBBBBBBBBBBBBBBBBBB">
      <id>126362</id>
      <classname>org.openmrs.ConceptName</classname>
      <dateChanged id="179">2020-07-10 08:41:14</dateChanged>
    </org.openmrs.module.metadatasharing.Item>
    <org.openmrs.module.metadatasharing.Item id="180" uuid="137334BBBBBBBBBBBBBBBBBBBBBBBBBBBBBB">
      <id>137334</id>
      <classname>org.openmrs.ConceptName</classname>
      <dateChanged id="181">2020-07-10 08:41:14</dateChanged>
    </org.openmrs.module.metadatasharing.Item>
    <org.openmrs.module.metadatasharing.Item id="182" uuid="1138BBBBBBBBBBBBBBBBBBBBBBBBBBBBBBBB">
      <id>1138</id>
      <classname>org.openmrs.ConceptName</classname>
      <dateChanged id="183">2020-07-10 08:41:14</dateChanged>
    </org.openmrs.module.metadatasharing.Item>
    <org.openmrs.module.metadatasharing.Item id="184" uuid="126359BBBBBBBBBBBBBBBBBBBBBBBBBBBBBB">
      <id>126359</id>
      <classname>org.openmrs.ConceptName</classname>
      <dateChanged id="185">2020-07-10 08:41:14</dateChanged>
    </org.openmrs.module.metadatasharing.Item>
    <org.openmrs.module.metadatasharing.Item id="186" uuid="127333BBBBBBBBBBBBBBBBBBBBBBBBBBBBBB">
      <id>127333</id>
      <classname>org.openmrs.ConceptName</classname>
      <dateChanged id="187">2020-07-10 08:41:14</dateChanged>
    </org.openmrs.module.metadatasharing.Item>
    <org.openmrs.module.metadatasharing.Item id="188" uuid="126361BBBBBBBBBBBBBBBBBBBBBBBBBBBBBB">
      <id>126361</id>
      <classname>org.openmrs.ConceptName</classname>
      <dateChanged id="189">2020-07-10 08:41:14</dateChanged>
    </org.openmrs.module.metadatasharing.Item>
    <org.openmrs.module.metadatasharing.Item id="190" uuid="126356BBBBBBBBBBBBBBBBBBBBBBBBBBBBBB">
      <id>126356</id>
      <classname>org.openmrs.ConceptName</classname>
      <dateChanged id="191">2020-07-10 08:41:14</dateChanged>
    </org.openmrs.module.metadatasharing.Item>
    <org.openmrs.module.metadatasharing.Item id="192" uuid="1069FFFFFFFFFFFFFFFFFFFFFFFFFFFFFFFF">
      <id>1069</id>
      <classname>org.openmrs.ConceptDescription</classname>
      <dateChanged id="193">2020-07-10 08:41:14</dateChanged>
    </org.openmrs.module.metadatasharing.Item>
    <org.openmrs.module.metadatasharing.Item id="194" uuid="18159FFFFFFFFFFFFFFFFFFFFFFFFFFFFFFF">
      <id>18159</id>
      <classname>org.openmrs.ConceptDescription</classname>
      <dateChanged id="195">2020-07-10 08:41:14</dateChanged>
    </org.openmrs.module.metadatasharing.Item>
    <org.openmrs.module.metadatasharing.Item id="196" uuid="143597ABBBBBBBBBBBBBBBBBBBBBBBBBBBBB">
      <id>143597</id>
      <classname>org.openmrs.ConceptMap</classname>
      <dateChanged id="197">2020-07-10 08:41:14</dateChanged>
    </org.openmrs.module.metadatasharing.Item>
    <org.openmrs.module.metadatasharing.Item id="198" uuid="fa1c20f2-29e4-3978-a84e-3c0252401893">
      <id>143597</id>
      <classname>org.openmrs.ConceptReferenceTerm</classname>
      <dateChanged id="199">2020-07-10 08:41:14</dateChanged>
      <retired>false</retired>
    </org.openmrs.module.metadatasharing.Item>
    <org.openmrs.module.metadatasharing.Item id="200" uuid="144379ABBBBBBBBBBBBBBBBBBBBBBBBBBBBB">
      <id>144379</id>
      <classname>org.openmrs.ConceptMap</classname>
      <dateChanged id="201">2020-07-10 08:41:14</dateChanged>
    </org.openmrs.module.metadatasharing.Item>
    <org.openmrs.module.metadatasharing.Item id="202" uuid="170e452e-c092-32c9-b974-23f0bca960bd">
      <id>144379</id>
      <classname>org.openmrs.ConceptReferenceTerm</classname>
      <dateChanged id="203">2020-07-10 08:41:14</dateChanged>
      <retired>false</retired>
    </org.openmrs.module.metadatasharing.Item>
    <org.openmrs.module.metadatasharing.Item id="204" uuid="12ADDDDDDDDDDDDDDDDDDDDDDDDDDDDDDDDD">
      <id>12</id>
      <classname>org.openmrs.ConceptSource</classname>
      <dateChanged id="205">2020-07-10 08:41:14</dateChanged>
      <retired>false</retired>
    </org.openmrs.module.metadatasharing.Item>
    <org.openmrs.module.metadatasharing.Item id="206" uuid="134738ABBBBBBBBBBBBBBBBBBBBBBBBBBBBB">
      <id>134738</id>
      <classname>org.openmrs.ConceptMap</classname>
      <dateChanged id="207">2020-07-10 08:41:14</dateChanged>
    </org.openmrs.module.metadatasharing.Item>
    <org.openmrs.module.metadatasharing.Item id="208" uuid="f2531812-ebad-3a19-bf74-9b35025659e5">
      <id>134738</id>
      <classname>org.openmrs.ConceptReferenceTerm</classname>
      <dateChanged id="209">2020-07-10 08:41:14</dateChanged>
      <retired>false</retired>
    </org.openmrs.module.metadatasharing.Item>
    <org.openmrs.module.metadatasharing.Item id="210" uuid="171329ABBBBBBBBBBBBBBBBBBBBBBBBBBBBB">
      <id>171329</id>
      <classname>org.openmrs.ConceptMap</classname>
      <dateChanged id="211">2020-07-10 08:41:14</dateChanged>
    </org.openmrs.module.metadatasharing.Item>
    <org.openmrs.module.metadatasharing.Item id="212" uuid="df4503bf-3a50-34cc-a796-5ba3f4890df4">
      <id>171329</id>
      <classname>org.openmrs.ConceptReferenceTerm</classname>
      <dateChanged id="213">2020-07-10 08:41:14</dateChanged>
      <retired>false</retired>
    </org.openmrs.module.metadatasharing.Item>
    <org.openmrs.module.metadatasharing.Item id="214" uuid="133841ABBBBBBBBBBBBBBBBBBBBBBBBBBBBB">
      <id>133841</id>
      <classname>org.openmrs.ConceptMap</classname>
      <dateChanged id="215">2020-07-10 08:41:14</dateChanged>
    </org.openmrs.module.metadatasharing.Item>
    <org.openmrs.module.metadatasharing.Item id="216" uuid="beaa27cb-dacc-3334-b7c4-9f230f2dd231">
      <id>133841</id>
      <classname>org.openmrs.ConceptReferenceTerm</classname>
      <dateChanged id="217">2020-07-10 08:41:14</dateChanged>
      <retired>false</retired>
    </org.openmrs.module.metadatasharing.Item>
    <org.openmrs.module.metadatasharing.Item id="218" uuid="1502CCCCCCCCCCCCCCCCCCCCCCCCCCCCCCCC">
      <id>1502</id>
      <classname>org.openmrs.ConceptAnswer</classname>
      <dateChanged id="219">2009-06-23 21:49:09</dateChanged>
    </org.openmrs.module.metadatasharing.Item>
    <org.openmrs.module.metadatasharing.Item id="220" uuid="1065AAAAAAAAAAAAAAAAAAAAAAAAAAAAAAAA">
      <id>1065</id>
      <classname>org.openmrs.Concept</classname>
      <dateChanged id="221">2020-07-10 08:41:14</dateChanged>
      <retired>false</retired>
    </org.openmrs.module.metadatasharing.Item>
    <org.openmrs.module.metadatasharing.Item id="222" uuid="1137BBBBBBBBBBBBBBBBBBBBBBBBBBBBBBBB">
      <id>1137</id>
      <classname>org.openmrs.ConceptName</classname>
      <dateChanged id="223">2020-07-10 08:41:14</dateChanged>
    </org.openmrs.module.metadatasharing.Item>
    <org.openmrs.module.metadatasharing.Item id="224" uuid="127332BBBBBBBBBBBBBBBBBBBBBBBBBBBBBB">
      <id>127332</id>
      <classname>org.openmrs.ConceptName</classname>
      <dateChanged id="225">2020-07-10 08:41:14</dateChanged>
    </org.openmrs.module.metadatasharing.Item>
    <org.openmrs.module.metadatasharing.Item id="226" uuid="126316BBBBBBBBBBBBBBBBBBBBBBBBBBBBBB">
      <id>126316</id>
      <classname>org.openmrs.ConceptName</classname>
      <dateChanged id="227">2020-07-10 08:41:14</dateChanged>
    </org.openmrs.module.metadatasharing.Item>
    <org.openmrs.module.metadatasharing.Item id="228" uuid="106307BBBBBBBBBBBBBBBBBBBBBBBBBBBBBB">
      <id>106307</id>
      <classname>org.openmrs.ConceptName</classname>
      <dateChanged id="229">2020-07-10 08:41:14</dateChanged>
    </org.openmrs.module.metadatasharing.Item>
    <org.openmrs.module.metadatasharing.Item id="230" uuid="126313BBBBBBBBBBBBBBBBBBBBBBBBBBBBBB">
      <id>126313</id>
      <classname>org.openmrs.ConceptName</classname>
      <dateChanged id="231">2020-07-10 08:41:14</dateChanged>
    </org.openmrs.module.metadatasharing.Item>
    <org.openmrs.module.metadatasharing.Item id="232" uuid="137332BBBBBBBBBBBBBBBBBBBBBBBBBBBBBB">
      <id>137332</id>
      <classname>org.openmrs.ConceptName</classname>
      <dateChanged id="233">2020-07-10 08:41:14</dateChanged>
    </org.openmrs.module.metadatasharing.Item>
    <org.openmrs.module.metadatasharing.Item id="234" uuid="126317BBBBBBBBBBBBBBBBBBBBBBBBBBBBBB">
      <id>126317</id>
      <classname>org.openmrs.ConceptName</classname>
      <dateChanged id="235">2020-07-10 08:41:14</dateChanged>
    </org.openmrs.module.metadatasharing.Item>
    <org.openmrs.module.metadatasharing.Item id="236" uuid="1136BBBBBBBBBBBBBBBBBBBBBBBBBBBBBBBB">
      <id>1136</id>
      <classname>org.openmrs.ConceptName</classname>
      <dateChanged id="237">2020-07-10 08:41:14</dateChanged>
    </org.openmrs.module.metadatasharing.Item>
    <org.openmrs.module.metadatasharing.Item id="238" uuid="108333BBBBBBBBBBBBBBBBBBBBBBBBBBBBBB">
      <id>108333</id>
      <classname>org.openmrs.ConceptName</classname>
      <dateChanged id="239">2020-07-10 08:41:14</dateChanged>
    </org.openmrs.module.metadatasharing.Item>
    <org.openmrs.module.metadatasharing.Item id="240" uuid="126314BBBBBBBBBBBBBBBBBBBBBBBBBBBBBB">
      <id>126314</id>
      <classname>org.openmrs.ConceptName</classname>
      <dateChanged id="241">2020-07-10 08:41:14</dateChanged>
    </org.openmrs.module.metadatasharing.Item>
    <org.openmrs.module.metadatasharing.Item id="242" uuid="137331BBBBBBBBBBBBBBBBBBBBBBBBBBBBBB">
      <id>137331</id>
      <classname>org.openmrs.ConceptName</classname>
      <dateChanged id="243">2020-07-10 08:41:14</dateChanged>
    </org.openmrs.module.metadatasharing.Item>
    <org.openmrs.module.metadatasharing.Item id="244" uuid="111198BBBBBBBBBBBBBBBBBBBBBBBBBBBBBB">
      <id>111198</id>
      <classname>org.openmrs.ConceptName</classname>
      <dateChanged id="245">2020-07-10 08:41:14</dateChanged>
    </org.openmrs.module.metadatasharing.Item>
    <org.openmrs.module.metadatasharing.Item id="246" uuid="126315BBBBBBBBBBBBBBBBBBBBBBBBBBBBBB">
      <id>126315</id>
      <classname>org.openmrs.ConceptName</classname>
      <dateChanged id="247">2020-07-10 08:41:14</dateChanged>
    </org.openmrs.module.metadatasharing.Item>
    <org.openmrs.module.metadatasharing.Item id="248" uuid="126318BBBBBBBBBBBBBBBBBBBBBBBBBBBBBB">
      <id>126318</id>
      <classname>org.openmrs.ConceptName</classname>
      <dateChanged id="249">2020-07-10 08:41:14</dateChanged>
    </org.openmrs.module.metadatasharing.Item>
    <org.openmrs.module.metadatasharing.Item id="250" uuid="139802BBBBBBBBBBBBBBBBBBBBBBBBBBBBBB">
      <id>139802</id>
      <classname>org.openmrs.ConceptName</classname>
      <dateChanged id="251">2020-07-10 08:41:14</dateChanged>
    </org.openmrs.module.metadatasharing.Item>
    <org.openmrs.module.metadatasharing.Item id="252" uuid="126319BBBBBBBBBBBBBBBBBBBBBBBBBBBBBB">
      <id>126319</id>
      <classname>org.openmrs.ConceptName</classname>
      <dateChanged id="253">2020-07-10 08:41:14</dateChanged>
    </org.openmrs.module.metadatasharing.Item>
    <org.openmrs.module.metadatasharing.Item id="254" uuid="106919BBBBBBBBBBBBBBBBBBBBBBBBBBBBBB">
      <id>106919</id>
      <classname>org.openmrs.ConceptName</classname>
      <dateChanged id="255">2020-07-10 08:41:14</dateChanged>
    </org.openmrs.module.metadatasharing.Item>
    <org.openmrs.module.metadatasharing.Item id="256" uuid="303cebb9-b2eb-4d89-be6c-72612078d934">
      <id>143676</id>
      <classname>org.openmrs.ConceptName</classname>
      <dateChanged id="257">2020-07-10 08:41:14</dateChanged>
    </org.openmrs.module.metadatasharing.Item>
    <org.openmrs.module.metadatasharing.Item id="258" uuid="1068FFFFFFFFFFFFFFFFFFFFFFFFFFFFFFFF">
      <id>1068</id>
      <classname>org.openmrs.ConceptDescription</classname>
      <dateChanged id="259">2020-07-10 08:41:14</dateChanged>
    </org.openmrs.module.metadatasharing.Item>
    <org.openmrs.module.metadatasharing.Item id="260" uuid="18158FFFFFFFFFFFFFFFFFFFFFFFFFFFFFFF">
      <id>18158</id>
      <classname>org.openmrs.ConceptDescription</classname>
      <dateChanged id="261">2020-07-10 08:41:14</dateChanged>
    </org.openmrs.module.metadatasharing.Item>
    <org.openmrs.module.metadatasharing.Item id="262" uuid="143596ABBBBBBBBBBBBBBBBBBBBBBBBBBBBB">
      <id>143596</id>
      <classname>org.openmrs.ConceptMap</classname>
      <dateChanged id="263">2020-07-10 08:41:14</dateChanged>
    </org.openmrs.module.metadatasharing.Item>
    <org.openmrs.module.metadatasharing.Item id="264" uuid="df5cc022-8895-3b92-be1d-1a52bc77e82a">
      <id>143596</id>
      <classname>org.openmrs.ConceptReferenceTerm</classname>
      <dateChanged id="265">2020-07-10 08:41:14</dateChanged>
      <retired>false</retired>
    </org.openmrs.module.metadatasharing.Item>
    <org.openmrs.module.metadatasharing.Item id="266" uuid="133840ABBBBBBBBBBBBBBBBBBBBBBBBBBBBB">
      <id>133840</id>
      <classname>org.openmrs.ConceptMap</classname>
      <dateChanged id="267">2020-07-10 08:41:14</dateChanged>
    </org.openmrs.module.metadatasharing.Item>
    <org.openmrs.module.metadatasharing.Item id="268" uuid="d2d5f591-c1b5-308e-bbbb-2fb6dee0d2b2">
      <id>133840</id>
      <classname>org.openmrs.ConceptReferenceTerm</classname>
      <dateChanged id="269">2020-07-10 08:41:14</dateChanged>
      <retired>false</retired>
    </org.openmrs.module.metadatasharing.Item>
    <org.openmrs.module.metadatasharing.Item id="270" uuid="144378ABBBBBBBBBBBBBBBBBBBBBBBBBBBBB">
      <id>144378</id>
      <classname>org.openmrs.ConceptMap</classname>
      <dateChanged id="271">2020-07-10 08:41:14</dateChanged>
    </org.openmrs.module.metadatasharing.Item>
    <org.openmrs.module.metadatasharing.Item id="272" uuid="0a25554e-8e73-3431-a111-837291cbc771">
      <id>144378</id>
      <classname>org.openmrs.ConceptReferenceTerm</classname>
      <dateChanged id="273">2020-07-10 08:41:14</dateChanged>
      <retired>false</retired>
    </org.openmrs.module.metadatasharing.Item>
    <org.openmrs.module.metadatasharing.Item id="274" uuid="171328ABBBBBBBBBBBBBBBBBBBBBBBBBBBBB">
      <id>171328</id>
      <classname>org.openmrs.ConceptMap</classname>
      <dateChanged id="275">2020-07-10 08:41:14</dateChanged>
    </org.openmrs.module.metadatasharing.Item>
    <org.openmrs.module.metadatasharing.Item id="276" uuid="dc8ecb4e-0d3d-3370-8734-070bd813f5a2">
      <id>171328</id>
      <classname>org.openmrs.ConceptReferenceTerm</classname>
      <dateChanged id="277">2020-07-10 08:41:14</dateChanged>
      <retired>false</retired>
    </org.openmrs.module.metadatasharing.Item>
    <org.openmrs.module.metadatasharing.Item id="278" uuid="134737ABBBBBBBBBBBBBBBBBBBBBBBBBBBBB">
      <id>134737</id>
      <classname>org.openmrs.ConceptMap</classname>
      <dateChanged id="279">2020-07-10 08:41:14</dateChanged>
    </org.openmrs.module.metadatasharing.Item>
    <org.openmrs.module.metadatasharing.Item id="280" uuid="85fd20aa-8f0e-33c6-8d26-87087144d1f0">
      <id>134737</id>
      <classname>org.openmrs.ConceptReferenceTerm</classname>
      <dateChanged id="281">2020-07-10 08:41:14</dateChanged>
      <retired>false</retired>
    </org.openmrs.module.metadatasharing.Item>
    <org.openmrs.module.metadatasharing.Item id="282" uuid="1503CCCCCCCCCCCCCCCCCCCCCCCCCCCCCCCC">
      <id>1503</id>
      <classname>org.openmrs.ConceptAnswer</classname>
      <dateChanged id="283">2009-06-23 21:49:09</dateChanged>
    </org.openmrs.module.metadatasharing.Item>
    <org.openmrs.module.metadatasharing.Item id="284" uuid="1067AAAAAAAAAAAAAAAAAAAAAAAAAAAAAAAA">
      <id>1067</id>
      <classname>org.openmrs.Concept</classname>
      <dateChanged id="285">2020-07-10 08:41:14</dateChanged>
      <retired>false</retired>
    </org.openmrs.module.metadatasharing.Item>
    <org.openmrs.module.metadatasharing.Item id="286" uuid="127334BBBBBBBBBBBBBBBBBBBBBBBBBBBBBB">
      <id>127334</id>
      <classname>org.openmrs.ConceptName</classname>
      <dateChanged id="287">2020-07-10 08:41:14</dateChanged>
    </org.openmrs.module.metadatasharing.Item>
    <org.openmrs.module.metadatasharing.Item id="288" uuid="139801BBBBBBBBBBBBBBBBBBBBBBBBBBBBBB">
      <id>139801</id>
      <classname>org.openmrs.ConceptName</classname>
      <dateChanged id="289">2020-07-10 08:41:14</dateChanged>
    </org.openmrs.module.metadatasharing.Item>
    <org.openmrs.module.metadatasharing.Item id="290" uuid="1140BBBBBBBBBBBBBBBBBBBBBBBBBBBBBBBB">
      <id>1140</id>
      <classname>org.openmrs.ConceptName</classname>
      <dateChanged id="291">2020-07-10 08:41:14</dateChanged>
    </org.openmrs.module.metadatasharing.Item>
    <org.openmrs.module.metadatasharing.Item id="292" uuid="108336BBBBBBBBBBBBBBBBBBBBBBBBBBBBBB">
      <id>108336</id>
      <classname>org.openmrs.ConceptName</classname>
      <dateChanged id="293">2020-07-10 08:41:14</dateChanged>
    </org.openmrs.module.metadatasharing.Item>
    <org.openmrs.module.metadatasharing.Item id="294" uuid="135594BBBBBBBBBBBBBBBBBBBBBBBBBBBBBB">
      <id>135594</id>
      <classname>org.openmrs.ConceptName</classname>
      <dateChanged id="295">2020-07-10 08:41:14</dateChanged>
    </org.openmrs.module.metadatasharing.Item>
    <org.openmrs.module.metadatasharing.Item id="296" uuid="111191BBBBBBBBBBBBBBBBBBBBBBBBBBBBBB">
      <id>111191</id>
      <classname>org.openmrs.ConceptName</classname>
      <dateChanged id="297">2020-07-10 08:41:14</dateChanged>
    </org.openmrs.module.metadatasharing.Item>
    <org.openmrs.module.metadatasharing.Item id="298" uuid="108335BBBBBBBBBBBBBBBBBBBBBBBBBBBBBB">
      <id>108335</id>
      <classname>org.openmrs.ConceptName</classname>
      <dateChanged id="299">2020-07-10 08:41:14</dateChanged>
    </org.openmrs.module.metadatasharing.Item>
    <org.openmrs.module.metadatasharing.Item id="300" uuid="1141BBBBBBBBBBBBBBBBBBBBBBBBBBBBBBBB">
      <id>1141</id>
      <classname>org.openmrs.ConceptName</classname>
      <dateChanged id="301">2020-07-10 08:41:14</dateChanged>
    </org.openmrs.module.metadatasharing.Item>
    <org.openmrs.module.metadatasharing.Item id="302" uuid="106309BBBBBBBBBBBBBBBBBBBBBBBBBBBBBB">
      <id>106309</id>
      <classname>org.openmrs.ConceptName</classname>
      <dateChanged id="303">2020-07-10 08:41:14</dateChanged>
    </org.openmrs.module.metadatasharing.Item>
    <org.openmrs.module.metadatasharing.Item id="304" uuid="110114BBBBBBBBBBBBBBBBBBBBBBBBBBBBBB">
      <id>110114</id>
      <classname>org.openmrs.ConceptName</classname>
      <dateChanged id="305">2020-07-10 08:41:14</dateChanged>
    </org.openmrs.module.metadatasharing.Item>
    <org.openmrs.module.metadatasharing.Item id="306" uuid="105793BBBBBBBBBBBBBBBBBBBBBBBBBBBBBB">
      <id>105793</id>
      <classname>org.openmrs.ConceptName</classname>
      <dateChanged id="307">2020-07-10 08:41:14</dateChanged>
    </org.openmrs.module.metadatasharing.Item>
    <org.openmrs.module.metadatasharing.Item id="308" uuid="1070FFFFFFFFFFFFFFFFFFFFFFFFFFFFFFFF">
      <id>1070</id>
      <classname>org.openmrs.ConceptDescription</classname>
      <dateChanged id="309">2020-07-10 08:41:14</dateChanged>
    </org.openmrs.module.metadatasharing.Item>
    <org.openmrs.module.metadatasharing.Item id="310" uuid="18157FFFFFFFFFFFFFFFFFFFFFFFFFFFFFFF">
      <id>18157</id>
      <classname>org.openmrs.ConceptDescription</classname>
      <dateChanged id="311">2020-07-10 08:41:14</dateChanged>
    </org.openmrs.module.metadatasharing.Item>
    <org.openmrs.module.metadatasharing.Item id="312" uuid="133842ABBBBBBBBBBBBBBBBBBBBBBBBBBBBB">
      <id>133842</id>
      <classname>org.openmrs.ConceptMap</classname>
      <dateChanged id="313">2020-07-10 08:41:14</dateChanged>
    </org.openmrs.module.metadatasharing.Item>
    <org.openmrs.module.metadatasharing.Item id="314" uuid="2d7618d4-61c6-3389-bd89-5d1c0025cca8">
      <id>133842</id>
      <classname>org.openmrs.ConceptReferenceTerm</classname>
      <dateChanged id="315">2020-07-10 08:41:14</dateChanged>
      <retired>false</retired>
    </org.openmrs.module.metadatasharing.Item>
    <org.openmrs.module.metadatasharing.Item id="316" uuid="143603ABBBBBBBBBBBBBBBBBBBBBBBBBBBBB">
      <id>143603</id>
      <classname>org.openmrs.ConceptMap</classname>
      <dateChanged id="317">2020-07-10 08:41:14</dateChanged>
    </org.openmrs.module.metadatasharing.Item>
    <org.openmrs.module.metadatasharing.Item id="318" uuid="2c0fb90a-2fe7-39b8-a088-4093eeb6d4fd">
      <id>143603</id>
      <classname>org.openmrs.ConceptReferenceTerm</classname>
      <dateChanged id="319">2020-07-10 08:41:14</dateChanged>
      <retired>false</retired>
    </org.openmrs.module.metadatasharing.Item>
    <org.openmrs.module.metadatasharing.Item id="320" uuid="137877ABBBBBBBBBBBBBBBBBBBBBBBBBBBBB">
      <id>137877</id>
      <classname>org.openmrs.ConceptMap</classname>
      <dateChanged id="321">2020-07-10 08:41:14</dateChanged>
    </org.openmrs.module.metadatasharing.Item>
    <org.openmrs.module.metadatasharing.Item id="322" uuid="74e7b680-84b4-3bb8-9dd4-7e5f1c08a82b">
      <id>137877</id>
      <classname>org.openmrs.ConceptReferenceTerm</classname>
      <dateChanged id="323">2020-07-10 08:41:14</dateChanged>
      <retired>false</retired>
    </org.openmrs.module.metadatasharing.Item>
    <org.openmrs.module.metadatasharing.Item id="324" uuid="ddb6b595-0b85-4a80-9243-efe4ba404eef">
      <id>15</id>
      <classname>org.openmrs.ConceptSource</classname>
      <dateChanged id="325">2020-07-10 08:41:14</dateChanged>
      <retired>false</retired>
    </org.openmrs.module.metadatasharing.Item>
    <org.openmrs.module.metadatasharing.Item id="326" uuid="134739ABBBBBBBBBBBBBBBBBBBBBBBBBBBBB">
      <id>134739</id>
      <classname>org.openmrs.ConceptMap</classname>
      <dateChanged id="327">2020-07-10 08:41:14</dateChanged>
    </org.openmrs.module.metadatasharing.Item>
    <org.openmrs.module.metadatasharing.Item id="328" uuid="86e0b01a-cf11-334f-901f-ae1cea9ae9bf">
      <id>134739</id>
      <classname>org.openmrs.ConceptReferenceTerm</classname>
      <dateChanged id="329">2020-07-10 08:41:14</dateChanged>
      <retired>false</retired>
    </org.openmrs.module.metadatasharing.Item>
    <org.openmrs.module.metadatasharing.Item id="330" uuid="171330ABBBBBBBBBBBBBBBBBBBBBBBBBBBBB">
      <id>171330</id>
      <classname>org.openmrs.ConceptMap</classname>
      <dateChanged id="331">2020-07-10 08:41:14</dateChanged>
    </org.openmrs.module.metadatasharing.Item>
    <org.openmrs.module.metadatasharing.Item id="332" uuid="dd4b8153-b34a-38ed-9f19-3bfbd873e852">
      <id>171330</id>
      <classname>org.openmrs.ConceptReferenceTerm</classname>
      <dateChanged id="333">2020-07-10 08:41:14</dateChanged>
      <retired>false</retired>
    </org.openmrs.module.metadatasharing.Item>
    <org.openmrs.module.metadatasharing.Item id="334" uuid="5733FFFFFFFFFFFFFFFFFFFFFFFFFFFFFFFF">
      <id>5733</id>
      <classname>org.openmrs.ConceptDescription</classname>
      <dateChanged id="335">2020-07-10 08:41:14</dateChanged>
    </org.openmrs.module.metadatasharing.Item>
    <org.openmrs.module.metadatasharing.Item id="336" uuid="71633ABBBBBBBBBBBBBBBBBBBBBBBBBBBBBB">
      <id>71633</id>
      <classname>org.openmrs.ConceptMap</classname>
      <dateChanged id="337">2020-07-10 08:41:14</dateChanged>
    </org.openmrs.module.metadatasharing.Item>
    <org.openmrs.module.metadatasharing.Item id="338" uuid="275627ABBBBBBBBBBBBBBBBBBBBBBBBBBBBB">
      <id>275627</id>
      <classname>org.openmrs.ConceptMap</classname>
      <dateChanged id="339">2020-07-10 08:41:14</dateChanged>
    </org.openmrs.module.metadatasharing.Item>
    <org.openmrs.module.metadatasharing.Item id="340" uuid="64f21ed2-99b0-351f-bf83-5513bd4c7b5c">
      <id>275627</id>
      <classname>org.openmrs.ConceptReferenceTerm</classname>
      <dateChanged id="341">2020-07-10 08:41:14</dateChanged>
      <retired>false</retired>
    </org.openmrs.module.metadatasharing.Item>
    <org.openmrs.module.metadatasharing.Item id="342" uuid="276121ABBBBBBBBBBBBBBBBBBBBBBBBBBBBB">
      <id>276121</id>
      <classname>org.openmrs.ConceptMap</classname>
      <dateChanged id="343">2020-07-10 08:41:14</dateChanged>
    </org.openmrs.module.metadatasharing.Item>
    <org.openmrs.module.metadatasharing.Item id="344" uuid="a6860eed-14ab-3c19-b729-15948eb9e9b0">
      <id>276121</id>
      <classname>org.openmrs.ConceptReferenceTerm</classname>
      <dateChanged id="345">2020-07-10 08:41:14</dateChanged>
      <retired>false</retired>
    </org.openmrs.module.metadatasharing.Item>
    <org.openmrs.module.metadatasharing.Item id="346" uuid="275306ABBBBBBBBBBBBBBBBBBBBBBBBBBBBB">
      <id>275306</id>
      <classname>org.openmrs.ConceptMap</classname>
      <dateChanged id="347">2020-07-10 08:41:14</dateChanged>
    </org.openmrs.module.metadatasharing.Item>
    <org.openmrs.module.metadatasharing.Item id="348" uuid="c5ab6827-1695-3cf2-9449-4eabacfa4ff8">
      <id>275306</id>
      <classname>org.openmrs.ConceptReferenceTerm</classname>
      <dateChanged id="349">2020-07-10 08:41:14</dateChanged>
      <retired>false</retired>
    </org.openmrs.module.metadatasharing.Item>
    <org.openmrs.module.metadatasharing.Item id="350" uuid="275588ABBBBBBBBBBBBBBBBBBBBBBBBBBBBB">
      <id>275588</id>
      <classname>org.openmrs.ConceptMap</classname>
      <dateChanged id="351">2020-07-10 08:41:14</dateChanged>
    </org.openmrs.module.metadatasharing.Item>
    <org.openmrs.module.metadatasharing.Item id="352" uuid="49c184f9-7d77-3f96-9948-08b89f79ecd1">
      <id>275588</id>
      <classname>org.openmrs.ConceptReferenceTerm</classname>
      <dateChanged id="353">2020-07-10 08:41:14</dateChanged>
      <retired>false</retired>
    </org.openmrs.module.metadatasharing.Item>
    <org.openmrs.module.metadatasharing.Item id="354" uuid="276512ABBBBBBBBBBBBBBBBBBBBBBBBBBBBB">
      <id>276512</id>
      <classname>org.openmrs.ConceptMap</classname>
      <dateChanged id="355">2020-07-10 08:41:14</dateChanged>
    </org.openmrs.module.metadatasharing.Item>
    <org.openmrs.module.metadatasharing.Item id="356" uuid="8472a98e-b6f2-3417-8651-9c60247f95a7">
      <id>276512</id>
      <classname>org.openmrs.ConceptReferenceTerm</classname>
      <dateChanged id="357">2020-07-10 08:41:14</dateChanged>
      <retired>false</retired>
    </org.openmrs.module.metadatasharing.Item>
    <org.openmrs.module.metadatasharing.Item id="358" uuid="275767ABBBBBBBBBBBBBBBBBBBBBBBBBBBBB">
      <id>275767</id>
      <classname>org.openmrs.ConceptMap</classname>
      <dateChanged id="359">2020-07-10 08:41:14</dateChanged>
    </org.openmrs.module.metadatasharing.Item>
    <org.openmrs.module.metadatasharing.Item id="360" uuid="6b19472e-284c-357a-8f46-e7aec16690b6">
      <id>275767</id>
      <classname>org.openmrs.ConceptReferenceTerm</classname>
      <dateChanged id="361">2020-07-10 08:41:14</dateChanged>
      <retired>false</retired>
    </org.openmrs.module.metadatasharing.Item>
    <org.openmrs.module.metadatasharing.Item id="362" uuid="7ef7b017-1f41-4571-8b9a-51a44cd162a9">
      <id>143667</id>
      <classname>org.openmrs.ConceptName</classname>
      <dateChanged id="363">2020-07-10 08:41:14</dateChanged>
    </org.openmrs.module.metadatasharing.Item>
    <org.openmrs.module.metadatasharing.Item id="364" uuid="abf186bf-1bd7-4ef9-a857-a76b91654371">
      <id>285336</id>
      <classname>org.openmrs.ConceptMap</classname>
      <dateChanged id="365">2020-07-10 08:41:14</dateChanged>
    </org.openmrs.module.metadatasharing.Item>
    <org.openmrs.module.metadatasharing.Item id="366" uuid="8d491a9a-c2cc-11de-8d13-0010c6dffd0f">
      <id>5</id>
      <classname>org.openmrs.ConceptClass</classname>
      <dateChanged id="367">2020-07-10 08:41:14</dateChanged>
      <retired>false</retired>
    </org.openmrs.module.metadatasharing.Item>
    <org.openmrs.module.metadatasharing.Item id="368" uuid="142799BBBBBBBBBBBBBBBBBBBBBBBBBBBBBB">
      <id>142799</id>
      <classname>org.openmrs.ConceptName</classname>
      <dateChanged id="369">2020-07-10 08:41:14</dateChanged>
    </org.openmrs.module.metadatasharing.Item>
    <org.openmrs.module.metadatasharing.Item id="370" uuid="99342123-09d6-4958-940b-be442cc942c1">
      <id>143675</id>
      <classname>org.openmrs.ConceptName</classname>
      <dateChanged id="371">2020-07-10 08:41:14</dateChanged>
    </org.openmrs.module.metadatasharing.Item>
    <org.openmrs.module.metadatasharing.Item id="372" uuid="142801BBBBBBBBBBBBBBBBBBBBBBBBBBBBBB">
      <id>142801</id>
      <classname>org.openmrs.ConceptName</classname>
      <dateChanged id="373">2020-07-10 08:41:14</dateChanged>
    </org.openmrs.module.metadatasharing.Item>
    <org.openmrs.module.metadatasharing.Item id="374" uuid="142800BBBBBBBBBBBBBBBBBBBBBBBBBBBBBB">
      <id>142800</id>
      <classname>org.openmrs.ConceptName</classname>
      <dateChanged id="375">2020-07-10 08:41:14</dateChanged>
    </org.openmrs.module.metadatasharing.Item>
    <org.openmrs.module.metadatasharing.Item id="376" uuid="142802BBBBBBBBBBBBBBBBBBBBBBBBBBBBBB">
      <id>142802</id>
      <classname>org.openmrs.ConceptName</classname>
      <dateChanged id="377">2020-07-10 08:41:14</dateChanged>
    </org.openmrs.module.metadatasharing.Item>
    <org.openmrs.module.metadatasharing.Item id="378" uuid="284790ABBBBBBBBBBBBBBBBBBBBBBBBBBBBB">
      <id>284790</id>
      <classname>org.openmrs.ConceptMap</classname>
      <dateChanged id="379">2020-07-10 08:41:14</dateChanged>
    </org.openmrs.module.metadatasharing.Item>
    <org.openmrs.module.metadatasharing.Item id="380" uuid="284795ABBBBBBBBBBBBBBBBBBBBBBBBBBBBB">
      <id>284795</id>
      <classname>org.openmrs.ConceptMap</classname>
      <dateChanged id="381">2020-07-10 08:41:14</dateChanged>
    </org.openmrs.module.metadatasharing.Item>
    <org.openmrs.module.metadatasharing.Item id="382" uuid="ab518e76-a1a5-3799-b0ab-5631386d68fd">
      <id>284795</id>
      <classname>org.openmrs.ConceptReferenceTerm</classname>
      <dateChanged id="383">2020-07-10 08:41:14</dateChanged>
      <retired>false</retired>
    </org.openmrs.module.metadatasharing.Item>
    <org.openmrs.module.metadatasharing.Item id="384" uuid="38ADDDDDDDDDDDDDDDDDDDDDDDDDDDDDDDDD">
      <id>38</id>
      <classname>org.openmrs.ConceptSource</classname>
      <dateChanged id="385">2020-07-10 08:41:14</dateChanged>
      <retired>false</retired>
    </org.openmrs.module.metadatasharing.Item>
    <org.openmrs.module.metadatasharing.Item id="386" uuid="284789ABBBBBBBBBBBBBBBBBBBBBBBBBBBBB">
      <id>284789</id>
      <classname>org.openmrs.ConceptMap</classname>
      <dateChanged id="387">2020-07-10 08:41:14</dateChanged>
    </org.openmrs.module.metadatasharing.Item>
    <org.openmrs.module.metadatasharing.Item id="388" uuid="9427bf38-41ff-3f5e-be96-d6938b9cf97f">
      <id>284789</id>
      <classname>org.openmrs.ConceptReferenceTerm</classname>
      <dateChanged id="389">2020-07-10 08:41:14</dateChanged>
      <retired>false</retired>
    </org.openmrs.module.metadatasharing.Item>
    <org.openmrs.module.metadatasharing.Item id="390" uuid="2ADDDDDDDDDDDDDDDDDDDDDDDDDDDDDDDDDD">
      <id>2</id>
      <classname>org.openmrs.ConceptSource</classname>
      <dateChanged id="391">2020-07-10 08:41:14</dateChanged>
      <retired>false</retired>
    </org.openmrs.module.metadatasharing.Item>
    <org.openmrs.module.metadatasharing.Item id="392" uuid="284791ABBBBBBBBBBBBBBBBBBBBBBBBBBBBB">
      <id>284791</id>
      <classname>org.openmrs.ConceptMap</classname>
      <dateChanged id="393">2020-07-10 08:41:14</dateChanged>
    </org.openmrs.module.metadatasharing.Item>
    <org.openmrs.module.metadatasharing.Item id="394" uuid="b0d07389-a030-3ebd-828b-485a5c5aef7e">
      <id>284791</id>
      <classname>org.openmrs.ConceptReferenceTerm</classname>
      <dateChanged id="395">2020-07-10 08:41:14</dateChanged>
      <retired>false</retired>
    </org.openmrs.module.metadatasharing.Item>
    <org.openmrs.module.metadatasharing.Item id="396" uuid="6a87e495-fb06-4791-807c-f28cf7440334">
      <id>143668</id>
      <classname>org.openmrs.ConceptName</classname>
      <dateChanged id="397">2020-07-10 08:41:14</dateChanged>
    </org.openmrs.module.metadatasharing.Item>
    <org.openmrs.module.metadatasharing.Item id="398" uuid="326c58ef-a9e0-4046-b914-25d5361788f8">
      <id>285337</id>
      <classname>org.openmrs.ConceptMap</classname>
      <dateChanged id="399">2020-07-10 08:41:14</dateChanged>
    </org.openmrs.module.metadatasharing.Item>
    <org.openmrs.module.metadatasharing.Item id="400" uuid="8d4a4488-c2cc-11de-8d13-0010c6dffd0f">
      <id>1</id>
      <classname>org.openmrs.ConceptDatatype</classname>
      <dateChanged id="401">2004-02-02 00:00:00</dateChanged>
      <retired>false</retired>
    </org.openmrs.module.metadatasharing.Item>
    <org.openmrs.module.metadatasharing.Item id="402" uuid="a07c00b8-02b2-4aea-ab7c-2fe95820894e">
      <id>143669</id>
      <classname>org.openmrs.ConceptName</classname>
      <dateChanged id="403">2020-07-10 08:41:14</dateChanged>
    </org.openmrs.module.metadatasharing.Item>
    <org.openmrs.module.metadatasharing.Item id="404" uuid="b7a5c453-a4ad-4a73-8543-9808975848d3">
      <id>285338</id>
      <classname>org.openmrs.ConceptMap</classname>
      <dateChanged id="405">2020-07-10 08:41:14</dateChanged>
    </org.openmrs.module.metadatasharing.Item>
    <org.openmrs.module.metadatasharing.Item id="406" uuid="5f09cfdd-d59e-4441-800f-733bd2967f81">
      <id>143670</id>
      <classname>org.openmrs.ConceptName</classname>
      <dateChanged id="407">2020-07-10 08:41:14</dateChanged>
    </org.openmrs.module.metadatasharing.Item>
    <org.openmrs.module.metadatasharing.Item id="408" uuid="f783f6f0-4bd9-4c14-9e6f-f2c38bbb7b19">
      <id>285339</id>
      <classname>org.openmrs.ConceptMap</classname>
      <dateChanged id="409">2020-07-10 08:41:14</dateChanged>
    </org.openmrs.module.metadatasharing.Item>
    <org.openmrs.module.metadatasharing.Item id="410" uuid="8d4907b2-c2cc-11de-8d13-0010c6dffd0f">
      <id>1</id>
      <classname>org.openmrs.ConceptClass</classname>
      <dateChanged id="411">2020-07-10 08:41:14</dateChanged>
      <retired>false</retired>
    </org.openmrs.module.metadatasharing.Item>
    <org.openmrs.module.metadatasharing.Item id="412" uuid="46a297c6-b552-459b-9ec1-afae6215bb9f">
      <id>143672</id>
      <classname>org.openmrs.ConceptName</classname>
      <dateChanged id="413">2020-07-10 08:41:14</dateChanged>
    </org.openmrs.module.metadatasharing.Item>
    <org.openmrs.module.metadatasharing.Item id="414" uuid="8275d969-98e3-4e54-9fd7-df3b4d57691c">
      <id>143673</id>
      <classname>org.openmrs.ConceptName</classname>
      <dateChanged id="415">2020-07-10 08:41:14</dateChanged>
    </org.openmrs.module.metadatasharing.Item>
    <org.openmrs.module.metadatasharing.Item id="416" uuid="5ccb7d35-3521-4062-b786-f7c48b69adc7">
      <id>2883</id>
      <classname>org.openmrs.ConceptSet</classname>
      <dateChanged id="417">2020-07-09 13:29:35</dateChanged>
    </org.openmrs.module.metadatasharing.Item>
    <org.openmrs.module.metadatasharing.Item id="418" uuid="153d8f5a-78eb-454e-8faf-07defc5c94ef">
      <id>143671</id>
      <classname>org.openmrs.ConceptName</classname>
      <dateChanged id="419">2020-07-10 08:41:14</dateChanged>
    </org.openmrs.module.metadatasharing.Item>
    <org.openmrs.module.metadatasharing.Item id="420" uuid="898fe639-7d67-43ad-a50a-d22e40a54cce">
      <id>18749</id>
      <classname>org.openmrs.ConceptDescription</classname>
      <dateChanged id="421">2020-07-10 08:41:14</dateChanged>
    </org.openmrs.module.metadatasharing.Item>
    <org.openmrs.module.metadatasharing.Item id="422" uuid="b59b7f3b-ffb2-4d12-8d89-313f5e77a484">
      <id>285340</id>
      <classname>org.openmrs.ConceptMap</classname>
      <dateChanged id="423">2020-07-10 08:41:14</dateChanged>
    </org.openmrs.module.metadatasharing.Item>
    <org.openmrs.module.metadatasharing.Item id="424" uuid="74a956f0-c22d-4236-acde-8dedb79c8f7d">
      <id>2887</id>
      <classname>org.openmrs.ConceptSet</classname>
      <dateChanged id="425">2020-07-09 13:29:35</dateChanged>
    </org.openmrs.module.metadatasharing.Item>
    <org.openmrs.module.metadatasharing.Item id="426" uuid="02f046e6-9111-44f3-91ac-2b7fabac4bf1">
      <id>2882</id>
      <classname>org.openmrs.ConceptSet</classname>
      <dateChanged id="427">2020-07-09 13:29:35</dateChanged>
    </org.openmrs.module.metadatasharing.Item>
    <org.openmrs.module.metadatasharing.Item id="428" uuid="108106BBBBBBBBBBBBBBBBBBBBBBBBBBBBBB">
      <id>108106</id>
      <classname>org.openmrs.ConceptName</classname>
      <dateChanged id="429">2020-07-10 08:41:14</dateChanged>
    </org.openmrs.module.metadatasharing.Item>
    <org.openmrs.module.metadatasharing.Item id="430" uuid="18131BBBBBBBBBBBBBBBBBBBBBBBBBBBBBBB">
      <id>18131</id>
      <classname>org.openmrs.ConceptName</classname>
      <dateChanged id="431">2020-07-10 08:53:34</dateChanged>
    </org.openmrs.module.metadatasharing.Item>
    <org.openmrs.module.metadatasharing.Item id="432" uuid="130601BBBBBBBBBBBBBBBBBBBBBBBBBBBBBB">
      <id>130601</id>
      <classname>org.openmrs.ConceptName</classname>
      <dateChanged id="433">2020-07-10 08:41:14</dateChanged>
    </org.openmrs.module.metadatasharing.Item>
    <org.openmrs.module.metadatasharing.Item id="434" uuid="9283aeb8-0919-408b-a78e-4c99a7c99412">
      <id>143678</id>
      <classname>org.openmrs.ConceptName</classname>
      <dateChanged id="435">2020-07-10 08:41:14</dateChanged>
    </org.openmrs.module.metadatasharing.Item>
    <org.openmrs.module.metadatasharing.Item id="436" uuid="e69a30ec-3e38-401f-b089-49e76ea56f4c">
      <id>143680</id>
      <classname>org.openmrs.ConceptName</classname>
      <dateChanged id="437">2020-07-10 08:53:34</dateChanged>
    </org.openmrs.module.metadatasharing.Item>
    <org.openmrs.module.metadatasharing.Item id="438" uuid="83029BBBBBBBBBBBBBBBBBBBBBBBBBBBBBBB">
      <id>83029</id>
      <classname>org.openmrs.ConceptName</classname>
      <dateChanged id="439">2020-07-10 08:41:14</dateChanged>
    </org.openmrs.module.metadatasharing.Item>
    <org.openmrs.module.metadatasharing.Item id="440" uuid="133928ABBBBBBBBBBBBBBBBBBBBBBBBBBBBB">
      <id>133928</id>
      <classname>org.openmrs.ConceptMap</classname>
      <dateChanged id="441">2020-07-10 08:41:14</dateChanged>
    </org.openmrs.module.metadatasharing.Item>
    <org.openmrs.module.metadatasharing.Item id="442" uuid="706a8300-4f47-3c36-afba-4ba1f3d14455">
      <id>133928</id>
      <classname>org.openmrs.ConceptReferenceTerm</classname>
      <dateChanged id="443">2020-07-10 08:41:14</dateChanged>
      <retired>false</retired>
    </org.openmrs.module.metadatasharing.Item>
    <org.openmrs.module.metadatasharing.Item id="444" uuid="183638ABBBBBBBBBBBBBBBBBBBBBBBBBBBBB">
      <id>183638</id>
      <classname>org.openmrs.ConceptMap</classname>
      <dateChanged id="445">2020-07-10 08:41:14</dateChanged>
    </org.openmrs.module.metadatasharing.Item>
    <org.openmrs.module.metadatasharing.Item id="446" uuid="32225c63-56af-3f31-8d65-341458c2f003">
      <id>183638</id>
      <classname>org.openmrs.ConceptReferenceTerm</classname>
      <dateChanged id="447">2020-07-10 08:41:14</dateChanged>
      <retired>false</retired>
    </org.openmrs.module.metadatasharing.Item>
    <org.openmrs.module.metadatasharing.Item id="448" uuid="268093ABBBBBBBBBBBBBBBBBBBBBBBBBBBBB">
      <id>268093</id>
      <classname>org.openmrs.ConceptMap</classname>
      <dateChanged id="449">2020-07-10 08:41:14</dateChanged>
    </org.openmrs.module.metadatasharing.Item>
    <org.openmrs.module.metadatasharing.Item id="450" uuid="aeaf0869-5f91-3204-b119-06d30127472b">
      <id>268093</id>
      <classname>org.openmrs.ConceptReferenceTerm</classname>
      <dateChanged id="451">2020-07-10 08:41:14</dateChanged>
      <retired>false</retired>
    </org.openmrs.module.metadatasharing.Item>
    <org.openmrs.module.metadatasharing.Item id="452" uuid="72606ABBBBBBBBBBBBBBBBBBBBBBBBBBBBBB">
      <id>72606</id>
      <classname>org.openmrs.ConceptMap</classname>
      <dateChanged id="453">2020-07-10 08:41:14</dateChanged>
    </org.openmrs.module.metadatasharing.Item>
    <org.openmrs.module.metadatasharing.Item id="454" uuid="52feaae7-9d9c-313c-9ebf-5bb5b0539e93">
      <id>72605</id>
      <classname>org.openmrs.ConceptReferenceTerm</classname>
      <dateChanged id="455">2020-07-10 08:41:14</dateChanged>
      <retired>false</retired>
    </org.openmrs.module.metadatasharing.Item>
    <org.openmrs.module.metadatasharing.Item id="456" uuid="134571ABBBBBBBBBBBBBBBBBBBBBBBBBBBBB">
      <id>134571</id>
      <classname>org.openmrs.ConceptMap</classname>
      <dateChanged id="457">2020-07-10 08:41:14</dateChanged>
    </org.openmrs.module.metadatasharing.Item>
    <org.openmrs.module.metadatasharing.Item id="458" uuid="60c37c7e-266f-33c0-a886-cb263ef07f2d">
      <id>134571</id>
      <classname>org.openmrs.ConceptReferenceTerm</classname>
      <dateChanged id="459">2020-07-10 08:41:14</dateChanged>
      <retired>false</retired>
    </org.openmrs.module.metadatasharing.Item>
    <org.openmrs.module.metadatasharing.Item id="460" uuid="143620ABBBBBBBBBBBBBBBBBBBBBBBBBBBBB">
      <id>143620</id>
      <classname>org.openmrs.ConceptMap</classname>
      <dateChanged id="461">2020-07-10 08:41:14</dateChanged>
    </org.openmrs.module.metadatasharing.Item>
    <org.openmrs.module.metadatasharing.Item id="462" uuid="4aa7c8b9-005b-3b62-8a1b-1e8b9cdba2e4">
      <id>143620</id>
      <classname>org.openmrs.ConceptReferenceTerm</classname>
      <dateChanged id="463">2020-07-10 08:41:14</dateChanged>
      <retired>false</retired>
    </org.openmrs.module.metadatasharing.Item>
    <org.openmrs.module.metadatasharing.Item id="464" uuid="80926ABBBBBBBBBBBBBBBBBBBBBBBBBBBBBB">
      <id>80926</id>
      <classname>org.openmrs.ConceptMap</classname>
      <dateChanged id="465">2020-07-10 08:41:14</dateChanged>
    </org.openmrs.module.metadatasharing.Item>
    <org.openmrs.module.metadatasharing.Item id="466" uuid="4b9d9421-7d8c-11e1-909d-c80aa9edcf4e">
      <id>3</id>
      <classname>org.openmrs.ConceptMapType</classname>
      <dateChanged id="467">2020-07-10 08:41:14</dateChanged>
      <retired>false</retired>
    </org.openmrs.module.metadatasharing.Item>
    <org.openmrs.module.metadatasharing.Item id="468" uuid="a4ce0464-d8a2-3d7f-a7e6-9f3b3ef335b8">
      <id>80925</id>
      <classname>org.openmrs.ConceptReferenceTerm</classname>
      <dateChanged id="469">2020-07-10 08:41:14</dateChanged>
      <retired>false</retired>
    </org.openmrs.module.metadatasharing.Item>
    <org.openmrs.module.metadatasharing.Item id="470" uuid="5e94146d-cc32-4411-92ae-315f6fcbf51a">
      <id>285342</id>
      <classname>org.openmrs.ConceptMap</classname>
      <dateChanged id="471">2020-07-10 08:41:14</dateChanged>
    </org.openmrs.module.metadatasharing.Item>
    <org.openmrs.module.metadatasharing.Item id="472" uuid="108ca50d-9dd7-4a3b-90cb-7c552c9c1d3f">
      <id>2881</id>
      <classname>org.openmrs.ConceptSet</classname>
      <dateChanged id="473">2020-07-09 13:29:35</dateChanged>
    </org.openmrs.module.metadatasharing.Item>
    <org.openmrs.module.metadatasharing.Item id="474" uuid="11f69386-91f9-4f8e-89e8-53e082e9ae25">
      <id>2886</id>
      <classname>org.openmrs.ConceptSet</classname>
      <dateChanged id="475">2020-07-09 13:29:35</dateChanged>
    </org.openmrs.module.metadatasharing.Item>
    <org.openmrs.module.metadatasharing.Item id="476" uuid="85971BBBBBBBBBBBBBBBBBBBBBBBBBBBBBBB">
      <id>85971</id>
      <classname>org.openmrs.ConceptName</classname>
      <dateChanged id="477">2020-07-10 08:41:14</dateChanged>
    </org.openmrs.module.metadatasharing.Item>
    <org.openmrs.module.metadatasharing.Item id="478" uuid="134436BBBBBBBBBBBBBBBBBBBBBBBBBBBBBB">
      <id>134436</id>
      <classname>org.openmrs.ConceptName</classname>
      <dateChanged id="479">2020-07-10 08:41:14</dateChanged>
    </org.openmrs.module.metadatasharing.Item>
    <org.openmrs.module.metadatasharing.Item id="480" uuid="13169BBBBBBBBBBBBBBBBBBBBBBBBBBBBBBB">
      <id>13169</id>
      <classname>org.openmrs.ConceptName</classname>
      <dateChanged id="481">2020-07-10 08:41:14</dateChanged>
    </org.openmrs.module.metadatasharing.Item>
    <org.openmrs.module.metadatasharing.Item id="482" uuid="126262BBBBBBBBBBBBBBBBBBBBBBBBBBBBBB">
      <id>126262</id>
      <classname>org.openmrs.ConceptName</classname>
      <dateChanged id="483">2020-07-10 08:41:14</dateChanged>
    </org.openmrs.module.metadatasharing.Item>
    <org.openmrs.module.metadatasharing.Item id="484" uuid="273932ABBBBBBBBBBBBBBBBBBBBBBBBBBBBB">
      <id>273932</id>
      <classname>org.openmrs.ConceptMap</classname>
      <dateChanged id="485">2020-07-10 08:41:14</dateChanged>
    </org.openmrs.module.metadatasharing.Item>
    <org.openmrs.module.metadatasharing.Item id="486" uuid="3c454158-fa10-3455-a6d3-3416e0f7d9d8">
      <id>273932</id>
      <classname>org.openmrs.ConceptReferenceTerm</classname>
      <dateChanged id="487">2020-07-10 08:41:14</dateChanged>
      <retired>false</retired>
    </org.openmrs.module.metadatasharing.Item>
    <org.openmrs.module.metadatasharing.Item id="488" uuid="75640ABBBBBBBBBBBBBBBBBBBBBBBBBBBBBB">
      <id>75640</id>
      <classname>org.openmrs.ConceptMap</classname>
      <dateChanged id="489">2020-07-10 08:41:14</dateChanged>
    </org.openmrs.module.metadatasharing.Item>
    <org.openmrs.module.metadatasharing.Item id="490" uuid="23cda53a-3f92-3894-98db-fa171f20e165">
      <id>75639</id>
      <classname>org.openmrs.ConceptReferenceTerm</classname>
      <dateChanged id="491">2020-07-10 08:41:14</dateChanged>
      <retired>false</retired>
    </org.openmrs.module.metadatasharing.Item>
    <org.openmrs.module.metadatasharing.Item id="492" uuid="40d1675a-186f-4b76-9863-2e517cc57eac">
      <id>285343</id>
      <classname>org.openmrs.ConceptMap</classname>
      <dateChanged id="493">2020-07-10 08:41:14</dateChanged>
    </org.openmrs.module.metadatasharing.Item>
    <org.openmrs.module.metadatasharing.Item id="494" uuid="134083ABBBBBBBBBBBBBBBBBBBBBBBBBBBBB">
      <id>134083</id>
      <classname>org.openmrs.ConceptMap</classname>
      <dateChanged id="495">2020-07-10 08:41:14</dateChanged>
    </org.openmrs.module.metadatasharing.Item>
    <org.openmrs.module.metadatasharing.Item id="496" uuid="5a5dcdf9-145e-3d3c-9671-2e219b0235fb">
      <id>134083</id>
      <classname>org.openmrs.ConceptReferenceTerm</classname>
      <dateChanged id="497">2020-07-10 08:41:14</dateChanged>
      <retired>false</retired>
    </org.openmrs.module.metadatasharing.Item>
    <org.openmrs.module.metadatasharing.Item id="498" uuid="143617ABBBBBBBBBBBBBBBBBBBBBBBBBBBBB">
      <id>143617</id>
      <classname>org.openmrs.ConceptMap</classname>
      <dateChanged id="499">2020-07-10 08:41:14</dateChanged>
    </org.openmrs.module.metadatasharing.Item>
    <org.openmrs.module.metadatasharing.Item id="500" uuid="808d90bd-04eb-37df-b517-6736a869bace">
      <id>143617</id>
      <classname>org.openmrs.ConceptReferenceTerm</classname>
      <dateChanged id="501">2020-07-10 08:41:14</dateChanged>
      <retired>false</retired>
    </org.openmrs.module.metadatasharing.Item>
    <org.openmrs.module.metadatasharing.Item id="502" uuid="180867ABBBBBBBBBBBBBBBBBBBBBBBBBBBBB">
      <id>180867</id>
      <classname>org.openmrs.ConceptMap</classname>
      <dateChanged id="503">2020-07-10 08:41:14</dateChanged>
    </org.openmrs.module.metadatasharing.Item>
    <org.openmrs.module.metadatasharing.Item id="504" uuid="a3e5d738-1d3b-30cf-862b-6a01c089c42a">
      <id>180867</id>
      <classname>org.openmrs.ConceptReferenceTerm</classname>
      <dateChanged id="505">2020-07-10 08:41:14</dateChanged>
      <retired>false</retired>
    </org.openmrs.module.metadatasharing.Item>
    <org.openmrs.module.metadatasharing.Item id="506" uuid="bd990978-93b6-403a-ab7e-52992d5f3003">
      <id>2885</id>
      <classname>org.openmrs.ConceptSet</classname>
      <dateChanged id="507">2020-07-09 13:29:35</dateChanged>
    </org.openmrs.module.metadatasharing.Item>
    <org.openmrs.module.metadatasharing.Item id="508" uuid="728899eb-a1a1-4bf8-9b68-8d963cfc2101">
      <id>2884</id>
      <classname>org.openmrs.ConceptSet</classname>
      <dateChanged id="509">2020-07-09 13:30:30</dateChanged>
    </org.openmrs.module.metadatasharing.Item>
    <org.openmrs.module.metadatasharing.Item id="510" uuid="d1215d40-aa66-44ea-b491-68924215c756">
      <id>143677</id>
      <classname>org.openmrs.ConceptName</classname>
      <dateChanged id="511">2020-07-10 08:23:20</dateChanged>
    </org.openmrs.module.metadatasharing.Item>
    <org.openmrs.module.metadatasharing.Item id="512" uuid="21764BBBBBBBBBBBBBBBBBBBBBBBBBBBBBBB">
      <id>21764</id>
      <classname>org.openmrs.ConceptName</classname>
      <dateChanged id="513">2020-07-10 08:41:14</dateChanged>
    </org.openmrs.module.metadatasharing.Item>
    <org.openmrs.module.metadatasharing.Item id="514" uuid="130249BBBBBBBBBBBBBBBBBBBBBBBBBBBBBB">
      <id>130249</id>
      <classname>org.openmrs.ConceptName</classname>
      <dateChanged id="515">2020-07-10 08:41:14</dateChanged>
    </org.openmrs.module.metadatasharing.Item>
    <org.openmrs.module.metadatasharing.Item id="516" uuid="131466BBBBBBBBBBBBBBBBBBBBBBBBBBBBBB">
      <id>131466</id>
      <classname>org.openmrs.ConceptName</classname>
      <dateChanged id="517">2020-07-10 08:41:14</dateChanged>
    </org.openmrs.module.metadatasharing.Item>
    <org.openmrs.module.metadatasharing.Item id="518" uuid="80822BBBBBBBBBBBBBBBBBBBBBBBBBBBBBBB">
      <id>80822</id>
      <classname>org.openmrs.ConceptName</classname>
      <dateChanged id="519">2020-07-10 08:41:14</dateChanged>
    </org.openmrs.module.metadatasharing.Item>
    <org.openmrs.module.metadatasharing.Item id="520" uuid="134614BBBBBBBBBBBBBBBBBBBBBBBBBBBBBB">
      <id>134614</id>
      <classname>org.openmrs.ConceptName</classname>
      <dateChanged id="521">2020-07-10 08:41:14</dateChanged>
    </org.openmrs.module.metadatasharing.Item>
    <org.openmrs.module.metadatasharing.Item id="522" uuid="21762BBBBBBBBBBBBBBBBBBBBBBBBBBBBBBB">
      <id>21762</id>
      <classname>org.openmrs.ConceptName</classname>
      <dateChanged id="523">2020-07-10 08:41:14</dateChanged>
    </org.openmrs.module.metadatasharing.Item>
    <org.openmrs.module.metadatasharing.Item id="524" uuid="127495BBBBBBBBBBBBBBBBBBBBBBBBBBBBBB">
      <id>127495</id>
      <classname>org.openmrs.ConceptName</classname>
      <dateChanged id="525">2020-07-10 08:41:14</dateChanged>
    </org.openmrs.module.metadatasharing.Item>
    <org.openmrs.module.metadatasharing.Item id="526" uuid="111240BBBBBBBBBBBBBBBBBBBBBBBBBBBBBB">
      <id>111240</id>
      <classname>org.openmrs.ConceptName</classname>
      <dateChanged id="527">2020-07-10 08:41:14</dateChanged>
    </org.openmrs.module.metadatasharing.Item>
    <org.openmrs.module.metadatasharing.Item id="528" uuid="127494BBBBBBBBBBBBBBBBBBBBBBBBBBBBBB">
      <id>127494</id>
      <classname>org.openmrs.ConceptName</classname>
      <dateChanged id="529">2020-07-10 08:41:14</dateChanged>
    </org.openmrs.module.metadatasharing.Item>
    <org.openmrs.module.metadatasharing.Item id="530" uuid="cee426ca-900d-4c67-b9b5-22ae112e7691">
      <id>143679</id>
      <classname>org.openmrs.ConceptName</classname>
      <dateChanged id="531">2020-07-10 08:41:14</dateChanged>
    </org.openmrs.module.metadatasharing.Item>
    <org.openmrs.module.metadatasharing.Item id="532" uuid="21765BBBBBBBBBBBBBBBBBBBBBBBBBBBBBBB">
      <id>21765</id>
      <classname>org.openmrs.ConceptName</classname>
      <dateChanged id="533">2020-07-10 08:41:14</dateChanged>
    </org.openmrs.module.metadatasharing.Item>
    <org.openmrs.module.metadatasharing.Item id="534" uuid="21761BBBBBBBBBBBBBBBBBBBBBBBBBBBBBBB">
      <id>21761</id>
      <classname>org.openmrs.ConceptName</classname>
      <dateChanged id="535">2020-07-10 08:53:58</dateChanged>
    </org.openmrs.module.metadatasharing.Item>
    <org.openmrs.module.metadatasharing.Item id="536" uuid="21763BBBBBBBBBBBBBBBBBBBBBBBBBBBBBBB">
      <id>21763</id>
      <classname>org.openmrs.ConceptName</classname>
      <dateChanged id="537">2020-07-10 08:41:14</dateChanged>
    </org.openmrs.module.metadatasharing.Item>
    <org.openmrs.module.metadatasharing.Item id="538" uuid="03d65830-7c48-4e66-bf93-cd3aa7109dc9">
      <id>143681</id>
      <classname>org.openmrs.ConceptName</classname>
      <dateChanged id="539">2020-07-10 08:53:58</dateChanged>
    </org.openmrs.module.metadatasharing.Item>
    <org.openmrs.module.metadatasharing.Item id="540" uuid="100564BBBBBBBBBBBBBBBBBBBBBBBBBBBBBB">
      <id>100564</id>
      <classname>org.openmrs.ConceptName</classname>
      <dateChanged id="541">2020-07-10 08:41:14</dateChanged>
    </org.openmrs.module.metadatasharing.Item>
    <org.openmrs.module.metadatasharing.Item id="542" uuid="6449FFFFFFFFFFFFFFFFFFFFFFFFFFFFFFFF">
      <id>6449</id>
      <classname>org.openmrs.ConceptDescription</classname>
      <dateChanged id="543">2020-07-10 08:41:14</dateChanged>
    </org.openmrs.module.metadatasharing.Item>
    <org.openmrs.module.metadatasharing.Item id="544" uuid="6450FFFFFFFFFFFFFFFFFFFFFFFFFFFFFFFF">
      <id>6450</id>
      <classname>org.openmrs.ConceptDescription</classname>
      <dateChanged id="545">2020-07-10 08:41:14</dateChanged>
    </org.openmrs.module.metadatasharing.Item>
    <org.openmrs.module.metadatasharing.Item id="546" uuid="185735ABBBBBBBBBBBBBBBBBBBBBBBBBBBBB">
      <id>185735</id>
      <classname>org.openmrs.ConceptMap</classname>
      <dateChanged id="547">2020-07-10 08:41:14</dateChanged>
    </org.openmrs.module.metadatasharing.Item>
    <org.openmrs.module.metadatasharing.Item id="548" uuid="fff841b2-50dd-3f05-bda8-6f0fb79cdcdd">
      <id>185735</id>
      <classname>org.openmrs.ConceptReferenceTerm</classname>
      <dateChanged id="549">2020-07-10 08:41:14</dateChanged>
      <retired>false</retired>
    </org.openmrs.module.metadatasharing.Item>
    <org.openmrs.module.metadatasharing.Item id="550" uuid="133869ABBBBBBBBBBBBBBBBBBBBBBBBBBBBB">
      <id>133869</id>
      <classname>org.openmrs.ConceptMap</classname>
      <dateChanged id="551">2020-07-10 08:41:14</dateChanged>
    </org.openmrs.module.metadatasharing.Item>
    <org.openmrs.module.metadatasharing.Item id="552" uuid="973eb68c-8b10-3568-ae3a-e069bad688fc">
      <id>133869</id>
      <classname>org.openmrs.ConceptReferenceTerm</classname>
      <dateChanged id="553">2020-07-10 08:41:14</dateChanged>
      <retired>false</retired>
    </org.openmrs.module.metadatasharing.Item>
    <org.openmrs.module.metadatasharing.Item id="554" uuid="70276ABBBBBBBBBBBBBBBBBBBBBBBBBBBBBB">
      <id>70276</id>
      <classname>org.openmrs.ConceptMap</classname>
      <dateChanged id="555">2020-07-10 08:41:14</dateChanged>
    </org.openmrs.module.metadatasharing.Item>
    <org.openmrs.module.metadatasharing.Item id="556" uuid="88742ABBBBBBBBBBBBBBBBBBBBBBBBBBBBBB">
      <id>88742</id>
      <classname>org.openmrs.ConceptMap</classname>
      <dateChanged id="557">2020-07-10 08:41:14</dateChanged>
    </org.openmrs.module.metadatasharing.Item>
    <org.openmrs.module.metadatasharing.Item id="558" uuid="f402ff04-0648-3869-af26-88575acf556c">
      <id>236951</id>
      <classname>org.openmrs.ConceptReferenceTerm</classname>
      <dateChanged id="559">2020-07-10 08:41:14</dateChanged>
      <retired>false</retired>
    </org.openmrs.module.metadatasharing.Item>
    <org.openmrs.module.metadatasharing.Item id="560" uuid="267206ABBBBBBBBBBBBBBBBBBBBBBBBBBBBB">
      <id>267206</id>
      <classname>org.openmrs.ConceptMap</classname>
      <dateChanged id="561">2020-07-10 08:41:14</dateChanged>
    </org.openmrs.module.metadatasharing.Item>
    <org.openmrs.module.metadatasharing.Item id="562" uuid="0b2188eb-7b07-3bb8-a7ec-92ba4927f954">
      <id>267206</id>
      <classname>org.openmrs.ConceptReferenceTerm</classname>
      <dateChanged id="563">2020-07-10 08:41:14</dateChanged>
      <retired>false</retired>
    </org.openmrs.module.metadatasharing.Item>
    <org.openmrs.module.metadatasharing.Item id="564" uuid="136180ABBBBBBBBBBBBBBBBBBBBBBBBBBBBB">
      <id>136180</id>
      <classname>org.openmrs.ConceptMap</classname>
      <dateChanged id="565">2020-07-10 08:41:14</dateChanged>
    </org.openmrs.module.metadatasharing.Item>
    <org.openmrs.module.metadatasharing.Item id="566" uuid="f7de16d4-fc3c-3bc4-bcb5-a3dcd0f694e9">
      <id>136180</id>
      <classname>org.openmrs.ConceptReferenceTerm</classname>
      <dateChanged id="567">2020-07-10 08:41:14</dateChanged>
      <retired>false</retired>
    </org.openmrs.module.metadatasharing.Item>
    <org.openmrs.module.metadatasharing.Item id="568" uuid="143600ABBBBBBBBBBBBBBBBBBBBBBBBBBBBB">
      <id>143600</id>
      <classname>org.openmrs.ConceptMap</classname>
      <dateChanged id="569">2020-07-10 08:41:14</dateChanged>
    </org.openmrs.module.metadatasharing.Item>
    <org.openmrs.module.metadatasharing.Item id="570" uuid="8db23b84-5d66-3aaa-9469-5a7b34028f28">
      <id>143600</id>
      <classname>org.openmrs.ConceptReferenceTerm</classname>
      <dateChanged id="571">2020-07-10 08:41:14</dateChanged>
      <retired>false</retired>
    </org.openmrs.module.metadatasharing.Item>
  </relatedItems>
</package>
