<?xml version="1.0" encoding="UTF-8"?>
<package id="1" uuid="de098f73-db68-4d27-afa9-fce021f405f4">
  <dateCreated id="2">2019-12-02 15:14:36</dateCreated>
  <name>Health_Tips</name>
  <description>The packed contains the resources required to maintain the Health Tips.</description>
  <openmrsVersion>2.1.4  Build 2cb839</openmrsVersion>
  <version>1</version>
  <groupUuid>2c695bb5-a9f0-4250-946a-2161da53f458</groupUuid>
  <modules id="3">
    <entry>
      <string>calculation</string>
      <string>1.2</string>
    </entry>
    <entry>
      <string>legacyui</string>
      <string>1.5.0</string>
    </entry>
    <entry>
      <string>attachments</string>
      <string>2.1.0</string>
    </entry>
    <entry>
      <string>referenceapplication</string>
      <string>2.9.0</string>
    </entry>
    <entry>
      <string>metadatadeploy</string>
      <string>1.11.0</string>
    </entry>
    <entry>
      <string>fhir</string>
      <string>1.18.0</string>
    </entry>
    <entry>
      <string>appointmentscheduling</string>
      <string>1.10.0</string>
    </entry>
    <entry>
      <string>atlas</string>
      <string>2.2</string>
    </entry>
    <entry>
      <string>metadatasharing</string>
      <string>1.5.0</string>
    </entry>
    <entry>
      <string>appointmentschedulingui</string>
      <string>1.8.0-SNAPSHOT</string>
    </entry>
    <entry>
      <string>allergyui</string>
      <string>1.8.1</string>
    </entry>
    <entry>
      <string>formentryapp</string>
      <string>1.4.2</string>
    </entry>
    <entry>
      <string>chartsearch</string>
      <string>2.1.0</string>
    </entry>
    <entry>
      <string>providermanagement</string>
      <string>2.10.0</string>
    </entry>
    <entry>
      <string>htmlwidgets</string>
      <string>1.10.0</string>
    </entry>
    <entry>
      <string>dataexchange</string>
      <string>1.3.3</string>
    </entry>
    <entry>
      <string>referencedemodata</string>
      <string>1.4.4</string>
    </entry>
    <entry>
      <string>sms</string>
      <string>1.0.0-SNAPSHOT</string>
    </entry>
    <entry>
      <string>addresshierarchy</string>
      <string>2.11.0</string>
    </entry>
    <entry>
      <string>reportingrest</string>
      <string>1.10.0</string>
    </entry>
    <entry>
      <string>uiframework</string>
      <string>3.15.0</string>
    </entry>
    <entry>
      <string>reportingui</string>
      <string>1.6.0</string>
    </entry>
    <entry>
      <string>referencemetadata</string>
      <string>2.9.0</string>
    </entry>
    <entry>
      <string>event</string>
      <string>2.7.0</string>
    </entry>
    <entry>
      <string>uicommons</string>
      <string>2.6.1</string>
    </entry>
    <entry>
      <string>patientflags</string>
      <string>3.0.2-SNAPSHOT</string>
    </entry>
    <entry>
      <string>emrapi</string>
      <string>1.27.0</string>
    </entry>
    <entry>
      <string>reporting</string>
      <string>1.17.0</string>
    </entry>
    <entry>
      <string>registrationapp</string>
      <string>1.13.0</string>
    </entry>
    <entry>
      <string>callflows</string>
      <string>1.0.0-SNAPSHOT</string>
    </entry>
    <entry>
      <string>idgen</string>
      <string>4.5.0</string>
    </entry>
    <entry>
      <string>htmlformentryui</string>
      <string>1.7.0</string>
    </entry>
    <entry>
      <string>htmlformentry</string>
      <string>3.8.0</string>
    </entry>
    <entry>
      <string>etllite</string>
      <string>1.0.0-SNAPSHOT</string>
    </entry>
    <entry>
      <string>cfl</string>
      <string>1.0.0-SNAPSHOT</string>
    </entry>
    <entry>
      <string>reportingcompatibility</string>
      <string>2.0.6</string>
    </entry>
    <entry>
      <string>uilibrary</string>
      <string>2.0.6</string>
    </entry>
    <entry>
      <string>locationbasedaccess</string>
      <string>0.1.1</string>
    </entry>
    <entry>
      <string>appframework</string>
      <string>2.13.0</string>
    </entry>
    <entry>
      <string>webservices.rest</string>
      <string>2.24.0.573609</string>
    </entry>
    <entry>
      <string>adminui</string>
      <string>1.2.4</string>
    </entry>
    <entry>
      <string>registrationcore</string>
      <string>1.8.0</string>
    </entry>
    <entry>
      <string>owa</string>
      <string>1.10.0</string>
    </entry>
    <entry>
      <string>messages</string>
      <string>1.0.0-SNAPSHOT</string>
    </entry>
    <entry>
      <string>metadatamapping</string>
      <string>1.3.4</string>
    </entry>
    <entry>
      <string>coreapps</string>
      <string>1.21.0</string>
    </entry>
    <entry>
      <string>appui</string>
      <string>1.9.0</string>
    </entry>
    <entry>
      <string>serialization.xstream</string>
      <string>0.2.14</string>
    </entry>
  </modules>
  <items class="linked-hash-set" id="4">
    <org.openmrs.module.metadatasharing.Item id="5" uuid="fc22c2ce-5825-43b1-bb81-6b3d96d2d5de">
      <id>165315</id>
      <classname>org.openmrs.ConceptNumeric</classname>
      <dateChanged id="6">2019-12-02 15:34:51</dateChanged>
      <retired>false</retired>
    </org.openmrs.module.metadatasharing.Item>
    <org.openmrs.module.metadatasharing.Item id="7" uuid="2924b5b9-3886-4231-ac84-ba9d45570357">
      <id>165293</id>
      <classname>org.openmrs.ConceptNumeric</classname>
      <dateChanged id="8">2019-12-02 15:24:05</dateChanged>
      <retired>false</retired>
    </org.openmrs.module.metadatasharing.Item>
    <org.openmrs.module.metadatasharing.Item id="9" uuid="d57f3d7f-32a4-420c-8985-fe5bd5e5c847">
      <id>165285</id>
      <classname>org.openmrs.ConceptNumeric</classname>
      <dateChanged id="10">2019-12-02 15:20:30</dateChanged>
      <retired>false</retired>
    </org.openmrs.module.metadatasharing.Item>
    <org.openmrs.module.metadatasharing.Item id="11" uuid="082b950d-7b0d-43ee-ab81-a41aa703f187">
      <id>165296</id>
      <classname>org.openmrs.ConceptNumeric</classname>
      <dateChanged id="12">2019-12-02 15:24:52</dateChanged>
      <retired>false</retired>
    </org.openmrs.module.metadatasharing.Item>
    <org.openmrs.module.metadatasharing.Item id="13" uuid="acd3c373-5027-4af6-860e-a1eb00972000">
      <id>165277</id>
      <classname>org.openmrs.ConceptNumeric</classname>
      <dateChanged id="14">2019-12-02 15:17:06</dateChanged>
      <retired>false</retired>
    </org.openmrs.module.metadatasharing.Item>
    <org.openmrs.module.metadatasharing.Item id="15" uuid="76064f46-cfc4-4d17-b6f9-b4f4c76084bc">
      <id>165312</id>
      <classname>org.openmrs.ConceptNumeric</classname>
      <dateChanged id="16">2019-12-02 15:32:20</dateChanged>
      <retired>false</retired>
    </org.openmrs.module.metadatasharing.Item>
    <org.openmrs.module.metadatasharing.Item id="17" uuid="6b5b8037-528e-45c9-9c18-a913fb523530">
      <id>165309</id>
      <classname>org.openmrs.ConceptNumeric</classname>
      <dateChanged id="18">2019-12-02 15:31:46</dateChanged>
      <retired>false</retired>
    </org.openmrs.module.metadatasharing.Item>
    <org.openmrs.module.metadatasharing.Item id="19" uuid="d86dfc0f-5c55-4f55-a909-693629adca5e">
      <id>165299</id>
      <classname>org.openmrs.ConceptNumeric</classname>
      <dateChanged id="20">2019-12-02 15:25:41</dateChanged>
      <retired>false</retired>
    </org.openmrs.module.metadatasharing.Item>
    <org.openmrs.module.metadatasharing.Item id="21" uuid="da742c49-d682-41f2-af3e-cdcc3b802bc3">
      <id>165308</id>
      <classname>org.openmrs.ConceptNumeric</classname>
      <dateChanged id="22">2019-12-02 15:31:34</dateChanged>
      <retired>false</retired>
    </org.openmrs.module.metadatasharing.Item>
    <org.openmrs.module.metadatasharing.Item id="23" uuid="63ecf3a9-e9fd-4547-85e7-4afa4c616da4">
      <id>165307</id>
      <classname>org.openmrs.ConceptNumeric</classname>
      <dateChanged id="24">2019-12-02 15:31:17</dateChanged>
      <retired>false</retired>
    </org.openmrs.module.metadatasharing.Item>
    <org.openmrs.module.metadatasharing.Item id="25" uuid="5eae42d7-38ab-4c89-a9e4-bcfdb21e9386">
      <id>165321</id>
      <classname>org.openmrs.ConceptNumeric</classname>
      <dateChanged id="26">2019-12-02 15:36:26</dateChanged>
      <retired>false</retired>
    </org.openmrs.module.metadatasharing.Item>
    <org.openmrs.module.metadatasharing.Item id="27" uuid="03fea354-0876-433b-8d25-0d4526685bd2">
      <id>165287</id>
      <classname>org.openmrs.ConceptNumeric</classname>
      <dateChanged id="28">2019-12-02 15:21:45</dateChanged>
      <retired>false</retired>
    </org.openmrs.module.metadatasharing.Item>
    <org.openmrs.module.metadatasharing.Item id="29" uuid="1b263519-64a8-4cf0-a801-ab57e9eab847">
      <id>165297</id>
      <classname>org.openmrs.ConceptNumeric</classname>
      <dateChanged id="30">2019-12-02 15:25:08</dateChanged>
      <retired>false</retired>
    </org.openmrs.module.metadatasharing.Item>
    <org.openmrs.module.metadatasharing.Item id="31" uuid="b441a074-d7f8-4ea5-b2e1-e9e1a9726dfa">
      <id>165283</id>
      <classname>org.openmrs.ConceptNumeric</classname>
      <dateChanged id="32">2019-12-02 15:19:47</dateChanged>
      <retired>false</retired>
    </org.openmrs.module.metadatasharing.Item>
    <org.openmrs.module.metadatasharing.Item id="33" uuid="b6f595f4-d751-4d39-965d-116ed5fbc993">
      <id>165284</id>
      <classname>org.openmrs.ConceptNumeric</classname>
      <dateChanged id="34">2019-12-02 15:20:02</dateChanged>
      <retired>false</retired>
    </org.openmrs.module.metadatasharing.Item>
    <org.openmrs.module.metadatasharing.Item id="35" uuid="b84d4bc6-21b5-4562-8ede-3aa15974ea41">
      <id>165322</id>
      <classname>org.openmrs.ConceptNumeric</classname>
      <dateChanged id="36">2019-12-02 15:36:40</dateChanged>
      <retired>false</retired>
    </org.openmrs.module.metadatasharing.Item>
    <org.openmrs.module.metadatasharing.Item id="37" uuid="cdd4e37d-7cb2-4ae7-9be8-e17691a88963">
      <id>165274</id>
      <classname>org.openmrs.ConceptNumeric</classname>
      <dateChanged id="38">2019-12-02 15:12:02</dateChanged>
      <retired>false</retired>
    </org.openmrs.module.metadatasharing.Item>
    <org.openmrs.module.metadatasharing.Item id="39" uuid="9f0b59d6-8fa9-4953-b54e-2bd63c34d1cf">
      <id>165275</id>
      <classname>org.openmrs.ConceptNumeric</classname>
      <dateChanged id="40">2019-12-02 15:12:45</dateChanged>
      <retired>false</retired>
    </org.openmrs.module.metadatasharing.Item>
    <org.openmrs.module.metadatasharing.Item id="41" uuid="31411243-b7b2-4daf-a8c5-2d1b43644dcc">
      <id>165314</id>
      <classname>org.openmrs.ConceptNumeric</classname>
      <dateChanged id="42">2019-12-02 15:34:32</dateChanged>
      <retired>false</retired>
    </org.openmrs.module.metadatasharing.Item>
    <org.openmrs.module.metadatasharing.Item id="43" uuid="a73044e9-e66d-4955-a1d8-b49dbc583757">
      <id>165306</id>
      <classname>org.openmrs.ConceptNumeric</classname>
      <dateChanged id="44">2019-12-02 15:31:05</dateChanged>
      <retired>false</retired>
    </org.openmrs.module.metadatasharing.Item>
    <org.openmrs.module.metadatasharing.Item id="45" uuid="c2251abb-73d1-49dc-bd8a-d5b217699d7a">
      <id>165282</id>
      <classname>org.openmrs.ConceptNumeric</classname>
      <dateChanged id="46">2019-12-02 15:19:05</dateChanged>
      <retired>false</retired>
    </org.openmrs.module.metadatasharing.Item>
    <org.openmrs.module.metadatasharing.Item id="47" uuid="08270446-7473-4552-85f4-b66fff0f85fd">
      <id>165294</id>
      <classname>org.openmrs.ConceptNumeric</classname>
      <dateChanged id="48">2019-12-02 15:24:19</dateChanged>
      <retired>false</retired>
    </org.openmrs.module.metadatasharing.Item>
    <org.openmrs.module.metadatasharing.Item id="49" uuid="349f5b25-e480-4ed9-82ff-82dd958b62b6">
      <id>165305</id>
      <classname>org.openmrs.ConceptNumeric</classname>
      <dateChanged id="50">2019-12-02 15:30:26</dateChanged>
      <retired>false</retired>
    </org.openmrs.module.metadatasharing.Item>
    <org.openmrs.module.metadatasharing.Item id="51" uuid="a79c5973-c43f-4194-991b-2775d9d7a628">
      <id>165272</id>
      <classname>org.openmrs.ConceptNumeric</classname>
      <dateChanged id="52">2019-12-02 15:11:07</dateChanged>
      <retired>false</retired>
    </org.openmrs.module.metadatasharing.Item>
    <org.openmrs.module.metadatasharing.Item id="53" uuid="0ea27cef-2bfe-4e07-85c9-a1782a322601">
      <id>165281</id>
      <classname>org.openmrs.ConceptNumeric</classname>
      <dateChanged id="54">2019-12-02 15:18:02</dateChanged>
      <retired>false</retired>
    </org.openmrs.module.metadatasharing.Item>
    <org.openmrs.module.metadatasharing.Item id="55" uuid="1c4db19a-f095-4277-9c4e-be810da8ee8a">
      <id>165276</id>
      <classname>org.openmrs.ConceptNumeric</classname>
      <dateChanged id="56">2019-12-02 15:19:21</dateChanged>
      <retired>false</retired>
    </org.openmrs.module.metadatasharing.Item>
    <org.openmrs.module.metadatasharing.Item id="57" uuid="9cc14289-6211-4e16-943e-4ee8da591e2a">
      <id>165273</id>
      <classname>org.openmrs.ConceptNumeric</classname>
      <dateChanged id="58">2019-12-02 15:11:43</dateChanged>
      <retired>false</retired>
    </org.openmrs.module.metadatasharing.Item>
    <org.openmrs.module.metadatasharing.Item id="59" uuid="353310cf-658e-4172-9a37-9f7be871d615">
      <id>165317</id>
      <classname>org.openmrs.ConceptNumeric</classname>
      <dateChanged id="60">2019-12-02 15:35:15</dateChanged>
      <retired>false</retired>
    </org.openmrs.module.metadatasharing.Item>
    <org.openmrs.module.metadatasharing.Item id="61" uuid="e6c0d045-83a2-45eb-96a8-593af7bec64e">
      <id>165288</id>
      <classname>org.openmrs.ConceptNumeric</classname>
      <dateChanged id="62">2019-12-02 15:23:02</dateChanged>
      <retired>false</retired>
    </org.openmrs.module.metadatasharing.Item>
    <org.openmrs.module.metadatasharing.Item id="63" uuid="508b798c-d2da-43d1-9c39-57b051d30c88">
      <id>165301</id>
      <classname>org.openmrs.ConceptNumeric</classname>
      <dateChanged id="64">2019-12-02 15:26:16</dateChanged>
      <retired>false</retired>
    </org.openmrs.module.metadatasharing.Item>
    <org.openmrs.module.metadatasharing.Item id="65" uuid="e508c467-2866-4d44-8895-40718886960e">
      <id>165304</id>
      <classname>org.openmrs.Concept</classname>
      <dateChanged id="66">2019-12-02 15:30:37</dateChanged>
      <retired>false</retired>
    </org.openmrs.module.metadatasharing.Item>
    <org.openmrs.module.metadatasharing.Item id="67" uuid="8d5f33a7-ff80-4f30-a756-e4bdc994e274">
      <id>165313</id>
      <classname>org.openmrs.ConceptNumeric</classname>
      <dateChanged id="68">2019-12-02 15:32:41</dateChanged>
      <retired>false</retired>
    </org.openmrs.module.metadatasharing.Item>
    <org.openmrs.module.metadatasharing.Item id="69" uuid="636cf48e-2765-4207-8cde-8ff0cd348f6f">
      <id>165291</id>
      <classname>org.openmrs.ConceptNumeric</classname>
      <dateChanged id="70">2019-12-02 15:23:42</dateChanged>
      <retired>false</retired>
    </org.openmrs.module.metadatasharing.Item>
    <org.openmrs.module.metadatasharing.Item id="71" uuid="ca0fafd1-59fb-4f13-bd1f-3fcc6090f4a5">
      <id>165295</id>
      <classname>org.openmrs.ConceptNumeric</classname>
      <dateChanged id="72">2019-12-02 15:24:36</dateChanged>
      <retired>false</retired>
    </org.openmrs.module.metadatasharing.Item>
    <org.openmrs.module.metadatasharing.Item id="73" uuid="a250bb73-9865-4540-9dfc-d6d9724cd380">
      <id>165320</id>
      <classname>org.openmrs.ConceptNumeric</classname>
      <dateChanged id="74">2019-12-02 15:35:53</dateChanged>
      <retired>false</retired>
    </org.openmrs.module.metadatasharing.Item>
    <org.openmrs.module.metadatasharing.Item id="75" uuid="f5f5e34e-8208-4b1a-852f-5a8ec26a6c7d">
      <id>165318</id>
      <classname>org.openmrs.ConceptNumeric</classname>
      <dateChanged id="76">2019-12-02 15:35:31</dateChanged>
      <retired>false</retired>
    </org.openmrs.module.metadatasharing.Item>
    <org.openmrs.module.metadatasharing.Item id="77" uuid="ac7a8486-54fb-4ad3-bb43-2d2ba3554c43">
      <id>165316</id>
      <classname>org.openmrs.ConceptNumeric</classname>
      <dateChanged id="78">2019-12-02 15:35:02</dateChanged>
      <retired>false</retired>
    </org.openmrs.module.metadatasharing.Item>
    <org.openmrs.module.metadatasharing.Item id="79" uuid="f99e7903-edd3-4133-a9a2-9e33aaf02fe5">
      <id>165289</id>
      <classname>org.openmrs.ConceptNumeric</classname>
      <dateChanged id="80">2019-12-02 15:23:19</dateChanged>
      <retired>false</retired>
    </org.openmrs.module.metadatasharing.Item>
    <org.openmrs.module.metadatasharing.Item id="81" uuid="a488e174-fcaa-45eb-98eb-653b4f0a4d46">
      <id>165290</id>
      <classname>org.openmrs.ConceptNumeric</classname>
      <dateChanged id="82">2019-12-02 15:23:30</dateChanged>
      <retired>false</retired>
    </org.openmrs.module.metadatasharing.Item>
    <org.openmrs.module.metadatasharing.Item id="83" uuid="d1cc9486-1122-4125-9a6d-9bfda3737fbc">
      <id>165298</id>
      <classname>org.openmrs.ConceptNumeric</classname>
      <dateChanged id="84">2019-12-02 15:25:23</dateChanged>
      <retired>false</retired>
    </org.openmrs.module.metadatasharing.Item>
    <org.openmrs.module.metadatasharing.Item id="85" uuid="1428427a-48f4-42b2-9538-4fe2ec72c45b">
      <id>165300</id>
      <classname>org.openmrs.ConceptNumeric</classname>
      <dateChanged id="86">2019-12-02 15:26:01</dateChanged>
      <retired>false</retired>
    </org.openmrs.module.metadatasharing.Item>
    <org.openmrs.module.metadatasharing.Item id="87" uuid="0d55529b-6c1d-4e98-b028-5e5001339219">
      <id>165303</id>
      <classname>org.openmrs.ConceptNumeric</classname>
      <dateChanged id="88">2019-12-02 15:30:46</dateChanged>
      <retired>false</retired>
    </org.openmrs.module.metadatasharing.Item>
    <org.openmrs.module.metadatasharing.Item id="89" uuid="ee093310-d122-4605-a4a1-998f1140172c">
      <id>165279</id>
      <classname>org.openmrs.ConceptNumeric</classname>
      <dateChanged id="90">2019-12-02 15:17:30</dateChanged>
      <retired>false</retired>
    </org.openmrs.module.metadatasharing.Item>
    <org.openmrs.module.metadatasharing.Item id="91" uuid="460a4e95-3b82-4040-b8e4-b10808ba77d7">
      <id>165311</id>
      <classname>org.openmrs.ConceptNumeric</classname>
      <dateChanged id="92">2019-12-02 15:32:05</dateChanged>
      <retired>false</retired>
    </org.openmrs.module.metadatasharing.Item>
    <org.openmrs.module.metadatasharing.Item id="93" uuid="4674d2db-3fe4-4ca6-b8ef-540cd8e20209">
      <id>165310</id>
      <classname>org.openmrs.ConceptNumeric</classname>
      <dateChanged id="94">2019-12-02 15:31:55</dateChanged>
      <retired>false</retired>
    </org.openmrs.module.metadatasharing.Item>
    <org.openmrs.module.metadatasharing.Item id="95" uuid="f1fb0d45-af63-40b0-84e6-fdf79c0bac76">
      <id>165278</id>
      <classname>org.openmrs.ConceptNumeric</classname>
      <dateChanged id="96">2019-12-02 15:17:19</dateChanged>
      <retired>false</retired>
    </org.openmrs.module.metadatasharing.Item>
    <org.openmrs.module.metadatasharing.Item id="97" uuid="c6e7d443-1000-4524-9b07-37b875975e47">
      <id>165292</id>
      <classname>org.openmrs.ConceptNumeric</classname>
      <dateChanged id="98">2019-12-02 15:23:52</dateChanged>
      <retired>false</retired>
    </org.openmrs.module.metadatasharing.Item>
    <org.openmrs.module.metadatasharing.Item id="99" uuid="fcfaff42-6b4c-4c3a-bc9f-7c389a8c98f4">
      <id>165302</id>
      <classname>org.openmrs.ConceptNumeric</classname>
      <dateChanged id="100">2019-12-02 15:26:36</dateChanged>
      <retired>false</retired>
    </org.openmrs.module.metadatasharing.Item>
    <org.openmrs.module.metadatasharing.Item id="101" uuid="998433e1-309a-45b1-ae9d-be20a5e99208">
      <id>165323</id>
      <classname>org.openmrs.ConceptNumeric</classname>
      <dateChanged id="102">2019-12-02 15:36:57</dateChanged>
      <retired>false</retired>
    </org.openmrs.module.metadatasharing.Item>
    <org.openmrs.module.metadatasharing.Item id="103" uuid="bcb63ef4-67dd-47c4-b35b-8dc2c7f522b6">
      <id>165319</id>
      <classname>org.openmrs.ConceptNumeric</classname>
      <dateChanged id="104">2019-12-02 15:35:44</dateChanged>
      <retired>false</retired>
    </org.openmrs.module.metadatasharing.Item>
    <org.openmrs.module.metadatasharing.Item id="105" uuid="78e51af3-1134-47ad-b830-378a4e76b2f1">
      <id>165324</id>
      <classname>org.openmrs.ConceptNumeric</classname>
      <dateChanged id="106">2019-12-02 15:38:17</dateChanged>
      <retired>false</retired>
    </org.openmrs.module.metadatasharing.Item>
    <org.openmrs.module.metadatasharing.Item id="107" uuid="3cf119f5-104b-44e1-813a-85f12a6762ee">
      <id>165280</id>
      <classname>org.openmrs.ConceptNumeric</classname>
      <dateChanged id="108">2019-12-02 15:17:46</dateChanged>
      <retired>false</retired>
    </org.openmrs.module.metadatasharing.Item>
    <org.openmrs.module.metadatasharing.Item id="109" uuid="29affe74-d54e-4f70-8074-25a54735dff3">
      <id>165286</id>
      <classname>org.openmrs.ConceptNumeric</classname>
      <dateChanged id="110">2019-12-02 15:20:46</dateChanged>
      <retired>false</retired>
    </org.openmrs.module.metadatasharing.Item>
    <org.openmrs.module.metadatasharing.Item id="111" uuid="68af156f-62a8-40c8-91b3-de5287d7ceef">
      <id>26</id>
      <classname>org.openmrs.ConceptClass</classname>
      <dateChanged id="112">2019-12-02 15:09:09</dateChanged>
      <retired>false</retired>
    </org.openmrs.module.metadatasharing.Item>
    <org.openmrs.module.metadatasharing.Item id="113" uuid="f24de33e-2b85-4c8a-8b70-56179f69b11f">
      <id>27</id>
      <classname>org.openmrs.ConceptClass</classname>
      <dateChanged id="114">2019-12-02 15:09:26</dateChanged>
      <retired>false</retired>
    </org.openmrs.module.metadatasharing.Item>
  </items>
  <relatedItems class="linked-hash-set" id="115">
    <org.openmrs.module.metadatasharing.Item id="116" uuid="8d4a4488-c2cc-11de-8d13-0010c6dffd0f">
      <id>1</id>
      <classname>org.openmrs.ConceptDatatype</classname>
      <dateChanged id="117">2004-02-02 00:00:00</dateChanged>
      <retired>false</retired>
    </org.openmrs.module.metadatasharing.Item>
    <org.openmrs.module.metadatasharing.Item id="118" uuid="8a4a7e22-c4e9-4ab7-9c0a-31a02ee8f5ac">
      <id>142498</id>
      <classname>org.openmrs.ConceptName</classname>
      <dateChanged id="119">2019-12-02 15:34:51</dateChanged>
    </org.openmrs.module.metadatasharing.Item>
    <org.openmrs.module.metadatasharing.Item id="120" uuid="466a4d52-8663-43f2-9310-83485bb843fc">
      <id>142499</id>
      <classname>org.openmrs.ConceptName</classname>
      <dateChanged id="121">2019-12-02 15:34:51</dateChanged>
    </org.openmrs.module.metadatasharing.Item>
    <org.openmrs.module.metadatasharing.Item id="122" uuid="01084e2d-20bf-46a9-b1cc-1f69929cfb2b">
      <id>18248</id>
      <classname>org.openmrs.ConceptDescription</classname>
      <dateChanged id="123">2019-12-02 15:34:51</dateChanged>
    </org.openmrs.module.metadatasharing.Item>
    <org.openmrs.module.metadatasharing.Item id="124" uuid="d7c16538-0cb9-42a0-972f-f8725d64524f">
      <id>142454</id>
      <classname>org.openmrs.ConceptName</classname>
      <dateChanged id="125">2019-12-02 15:24:05</dateChanged>
    </org.openmrs.module.metadatasharing.Item>
    <org.openmrs.module.metadatasharing.Item id="126" uuid="7b3bc5e0-4c47-4954-9e2b-0c443b8656d5">
      <id>142455</id>
      <classname>org.openmrs.ConceptName</classname>
      <dateChanged id="127">2019-12-02 15:24:05</dateChanged>
    </org.openmrs.module.metadatasharing.Item>
    <org.openmrs.module.metadatasharing.Item id="128" uuid="413deb92-f094-4256-9769-028ed053d9f1">
      <id>18226</id>
      <classname>org.openmrs.ConceptDescription</classname>
      <dateChanged id="129">2019-12-02 15:24:05</dateChanged>
    </org.openmrs.module.metadatasharing.Item>
    <org.openmrs.module.metadatasharing.Item id="130" uuid="d9c68a0f-bed2-4a28-b17a-14dbd1d3c50d">
      <id>142438</id>
      <classname>org.openmrs.ConceptName</classname>
      <dateChanged id="131">2019-12-02 15:20:18</dateChanged>
    </org.openmrs.module.metadatasharing.Item>
    <org.openmrs.module.metadatasharing.Item id="132" uuid="5bd64df7-3ebc-4740-9099-e95f7ca49311">
      <id>142439</id>
      <classname>org.openmrs.ConceptName</classname>
      <dateChanged id="133">2019-12-02 15:20:18</dateChanged>
    </org.openmrs.module.metadatasharing.Item>
    <org.openmrs.module.metadatasharing.Item id="134" uuid="0c938f46-6e33-4e6f-b42d-4815a0508d1b">
      <id>18218</id>
      <classname>org.openmrs.ConceptDescription</classname>
      <dateChanged id="135">2019-12-02 15:20:30</dateChanged>
    </org.openmrs.module.metadatasharing.Item>
    <org.openmrs.module.metadatasharing.Item id="136" uuid="b5132fd1-1a15-4548-976b-042eb6dbd8d7">
      <id>142460</id>
      <classname>org.openmrs.ConceptName</classname>
      <dateChanged id="137">2019-12-02 15:24:52</dateChanged>
    </org.openmrs.module.metadatasharing.Item>
    <org.openmrs.module.metadatasharing.Item id="138" uuid="2fa38083-4be7-4f42-b443-f0b029eab0d7">
      <id>142461</id>
      <classname>org.openmrs.ConceptName</classname>
      <dateChanged id="139">2019-12-02 15:24:52</dateChanged>
    </org.openmrs.module.metadatasharing.Item>
    <org.openmrs.module.metadatasharing.Item id="140" uuid="f1239e31-ba61-4d0a-bb5f-4dac84bbed86">
      <id>18229</id>
      <classname>org.openmrs.ConceptDescription</classname>
      <dateChanged id="141">2019-12-02 15:24:52</dateChanged>
    </org.openmrs.module.metadatasharing.Item>
    <org.openmrs.module.metadatasharing.Item id="142" uuid="ae050d98-7483-472e-b3f9-f953f21b25b6">
      <id>142421</id>
      <classname>org.openmrs.ConceptName</classname>
      <dateChanged id="143">2019-12-02 15:17:06</dateChanged>
    </org.openmrs.module.metadatasharing.Item>
    <org.openmrs.module.metadatasharing.Item id="144" uuid="660b2574-0d2f-4b05-b6f5-a8377d2a42d6">
      <id>142422</id>
      <classname>org.openmrs.ConceptName</classname>
      <dateChanged id="145">2019-12-02 15:17:06</dateChanged>
    </org.openmrs.module.metadatasharing.Item>
    <org.openmrs.module.metadatasharing.Item id="146" uuid="7f84f412-7c79-4176-a9df-9e82dcff7802">
      <id>18210</id>
      <classname>org.openmrs.ConceptDescription</classname>
      <dateChanged id="147">2019-12-02 15:17:06</dateChanged>
    </org.openmrs.module.metadatasharing.Item>
    <org.openmrs.module.metadatasharing.Item id="148" uuid="f95831f7-6f73-483f-bb0e-df28b3d093c4">
      <id>142492</id>
      <classname>org.openmrs.ConceptName</classname>
      <dateChanged id="149">2019-12-02 15:32:20</dateChanged>
    </org.openmrs.module.metadatasharing.Item>
    <org.openmrs.module.metadatasharing.Item id="150" uuid="83fb7d54-0ef0-45e6-afa8-0d5bf1d02fb7">
      <id>142493</id>
      <classname>org.openmrs.ConceptName</classname>
      <dateChanged id="151">2019-12-02 15:32:20</dateChanged>
    </org.openmrs.module.metadatasharing.Item>
    <org.openmrs.module.metadatasharing.Item id="152" uuid="ede92c78-1f06-4522-9860-8197fb190b2a">
      <id>18245</id>
      <classname>org.openmrs.ConceptDescription</classname>
      <dateChanged id="153">2019-12-02 15:32:20</dateChanged>
    </org.openmrs.module.metadatasharing.Item>
    <org.openmrs.module.metadatasharing.Item id="154" uuid="c32e2976-4c5b-45bc-99d0-cfb1ca23b423">
      <id>142486</id>
      <classname>org.openmrs.ConceptName</classname>
      <dateChanged id="155">2019-12-02 15:31:46</dateChanged>
    </org.openmrs.module.metadatasharing.Item>
    <org.openmrs.module.metadatasharing.Item id="156" uuid="7d09e9a7-61ca-4df4-b0aa-fe4301570606">
      <id>142487</id>
      <classname>org.openmrs.ConceptName</classname>
      <dateChanged id="157">2019-12-02 15:31:46</dateChanged>
    </org.openmrs.module.metadatasharing.Item>
    <org.openmrs.module.metadatasharing.Item id="158" uuid="ea076f9e-3779-4360-8890-55ba7335e571">
      <id>18242</id>
      <classname>org.openmrs.ConceptDescription</classname>
      <dateChanged id="159">2019-12-02 15:31:46</dateChanged>
    </org.openmrs.module.metadatasharing.Item>
    <org.openmrs.module.metadatasharing.Item id="160" uuid="ae4103eb-1872-4d00-8ff6-142ee6c969e0">
      <id>142466</id>
      <classname>org.openmrs.ConceptName</classname>
      <dateChanged id="161">2019-12-02 15:25:41</dateChanged>
    </org.openmrs.module.metadatasharing.Item>
    <org.openmrs.module.metadatasharing.Item id="162" uuid="4e722333-28f2-4e01-b24a-0f54bab3b3d4">
      <id>142467</id>
      <classname>org.openmrs.ConceptName</classname>
      <dateChanged id="163">2019-12-02 15:25:41</dateChanged>
    </org.openmrs.module.metadatasharing.Item>
    <org.openmrs.module.metadatasharing.Item id="164" uuid="447c8595-ef0f-4e22-b60d-1f7416ab47ed">
      <id>18232</id>
      <classname>org.openmrs.ConceptDescription</classname>
      <dateChanged id="165">2019-12-02 15:25:41</dateChanged>
    </org.openmrs.module.metadatasharing.Item>
    <org.openmrs.module.metadatasharing.Item id="166" uuid="6281d809-5ec8-4c78-b8a2-ae27c000afd8">
      <id>142484</id>
      <classname>org.openmrs.ConceptName</classname>
      <dateChanged id="167">2019-12-02 15:31:34</dateChanged>
    </org.openmrs.module.metadatasharing.Item>
    <org.openmrs.module.metadatasharing.Item id="168" uuid="4356c4b0-38b7-4aae-9299-88b4f4f1bc50">
      <id>142485</id>
      <classname>org.openmrs.ConceptName</classname>
      <dateChanged id="169">2019-12-02 15:31:34</dateChanged>
    </org.openmrs.module.metadatasharing.Item>
    <org.openmrs.module.metadatasharing.Item id="170" uuid="49a65cd3-6c4b-4d63-8739-f3645d8d7bd5">
      <id>18241</id>
      <classname>org.openmrs.ConceptDescription</classname>
      <dateChanged id="171">2019-12-02 15:31:34</dateChanged>
    </org.openmrs.module.metadatasharing.Item>
    <org.openmrs.module.metadatasharing.Item id="172" uuid="883e5768-3329-4c9b-93d6-c7c02efac267">
      <id>142482</id>
      <classname>org.openmrs.ConceptName</classname>
      <dateChanged id="173">2019-12-02 15:31:17</dateChanged>
    </org.openmrs.module.metadatasharing.Item>
    <org.openmrs.module.metadatasharing.Item id="174" uuid="bff77d29-da3c-4a2c-89f6-4f3463e941cc">
      <id>142483</id>
      <classname>org.openmrs.ConceptName</classname>
      <dateChanged id="175">2019-12-02 15:31:17</dateChanged>
    </org.openmrs.module.metadatasharing.Item>
    <org.openmrs.module.metadatasharing.Item id="176" uuid="d756740e-4eab-449f-a51f-e21cebbebc4f">
      <id>18240</id>
      <classname>org.openmrs.ConceptDescription</classname>
      <dateChanged id="177">2019-12-02 15:31:17</dateChanged>
    </org.openmrs.module.metadatasharing.Item>
    <org.openmrs.module.metadatasharing.Item id="178" uuid="93147d02-57da-4ba2-8c6e-6d624ee4ff88">
      <id>142510</id>
      <classname>org.openmrs.ConceptName</classname>
      <dateChanged id="179">2019-12-02 15:36:26</dateChanged>
    </org.openmrs.module.metadatasharing.Item>
    <org.openmrs.module.metadatasharing.Item id="180" uuid="5d294dda-b702-48fb-8764-08baeca84cc9">
      <id>142511</id>
      <classname>org.openmrs.ConceptName</classname>
      <dateChanged id="181">2019-12-02 15:36:26</dateChanged>
    </org.openmrs.module.metadatasharing.Item>
    <org.openmrs.module.metadatasharing.Item id="182" uuid="406e4def-fd16-4c2f-b326-76a59976276c">
      <id>18254</id>
      <classname>org.openmrs.ConceptDescription</classname>
      <dateChanged id="183">2019-12-02 15:36:26</dateChanged>
    </org.openmrs.module.metadatasharing.Item>
    <org.openmrs.module.metadatasharing.Item id="184" uuid="0303ca5e-9e47-499e-9fc7-b45a7f283796">
      <id>142442</id>
      <classname>org.openmrs.ConceptName</classname>
      <dateChanged id="185">2019-12-02 15:21:45</dateChanged>
    </org.openmrs.module.metadatasharing.Item>
    <org.openmrs.module.metadatasharing.Item id="186" uuid="eabd2f00-fd39-43b3-8b47-8460a6b51334">
      <id>142443</id>
      <classname>org.openmrs.ConceptName</classname>
      <dateChanged id="187">2019-12-02 15:21:45</dateChanged>
    </org.openmrs.module.metadatasharing.Item>
    <org.openmrs.module.metadatasharing.Item id="188" uuid="467f343a-86a4-4cc4-afef-9d7e24b66735">
      <id>2582</id>
      <classname>org.openmrs.ConceptSet</classname>
      <dateChanged id="189">2019-12-02 15:21:45</dateChanged>
    </org.openmrs.module.metadatasharing.Item>
    <org.openmrs.module.metadatasharing.Item id="190" uuid="083ca6ad-3eb0-4a7b-b74c-f1a9e7aee74a">
      <id>142434</id>
      <classname>org.openmrs.ConceptName</classname>
      <dateChanged id="191">2019-12-02 15:19:47</dateChanged>
    </org.openmrs.module.metadatasharing.Item>
    <org.openmrs.module.metadatasharing.Item id="192" uuid="adc36902-ef86-47da-8c3d-53ee3c8eab62">
      <id>142435</id>
      <classname>org.openmrs.ConceptName</classname>
      <dateChanged id="193">2019-12-02 15:19:47</dateChanged>
    </org.openmrs.module.metadatasharing.Item>
    <org.openmrs.module.metadatasharing.Item id="194" uuid="cd6464d8-945c-4a85-ab95-093984ddb5b7">
      <id>18216</id>
      <classname>org.openmrs.ConceptDescription</classname>
      <dateChanged id="195">2019-12-02 15:19:47</dateChanged>
    </org.openmrs.module.metadatasharing.Item>
    <org.openmrs.module.metadatasharing.Item id="196" uuid="c9e1e6f3-171b-48ab-9716-5b2d1223ab4f">
      <id>2583</id>
      <classname>org.openmrs.ConceptSet</classname>
      <dateChanged id="197">2019-12-02 15:21:45</dateChanged>
    </org.openmrs.module.metadatasharing.Item>
    <org.openmrs.module.metadatasharing.Item id="198" uuid="680ecdc6-3667-46af-9861-8a30016239d9">
      <id>142436</id>
      <classname>org.openmrs.ConceptName</classname>
      <dateChanged id="199">2019-12-02 15:20:02</dateChanged>
    </org.openmrs.module.metadatasharing.Item>
    <org.openmrs.module.metadatasharing.Item id="200" uuid="ecb914a5-30d5-4647-ae20-aa2889735796">
      <id>142437</id>
      <classname>org.openmrs.ConceptName</classname>
      <dateChanged id="201">2019-12-02 15:20:02</dateChanged>
    </org.openmrs.module.metadatasharing.Item>
    <org.openmrs.module.metadatasharing.Item id="202" uuid="fc50112b-62e1-4619-a624-18331daf111f">
      <id>18217</id>
      <classname>org.openmrs.ConceptDescription</classname>
      <dateChanged id="203">2019-12-02 15:20:02</dateChanged>
    </org.openmrs.module.metadatasharing.Item>
    <org.openmrs.module.metadatasharing.Item id="204" uuid="06312571-d8c6-4bd6-92c3-64c50fc32d8a">
      <id>2584</id>
      <classname>org.openmrs.ConceptSet</classname>
      <dateChanged id="205">2019-12-02 15:21:45</dateChanged>
    </org.openmrs.module.metadatasharing.Item>
    <org.openmrs.module.metadatasharing.Item id="206" uuid="cdd83d32-abb6-433c-9a1b-46fa7c85f209">
      <id>2585</id>
      <classname>org.openmrs.ConceptSet</classname>
      <dateChanged id="207">2019-12-02 15:21:45</dateChanged>
    </org.openmrs.module.metadatasharing.Item>
    <org.openmrs.module.metadatasharing.Item id="208" uuid="f7ed88a1-ce44-436b-8f93-5a8216354e6e">
      <id>142440</id>
      <classname>org.openmrs.ConceptName</classname>
      <dateChanged id="209">2019-12-02 15:20:46</dateChanged>
    </org.openmrs.module.metadatasharing.Item>
    <org.openmrs.module.metadatasharing.Item id="210" uuid="82889fe6-2c63-47dd-83fc-914d10308f34">
      <id>142441</id>
      <classname>org.openmrs.ConceptName</classname>
      <dateChanged id="211">2019-12-02 15:20:46</dateChanged>
    </org.openmrs.module.metadatasharing.Item>
    <org.openmrs.module.metadatasharing.Item id="212" uuid="e1e5fbd3-f505-44a1-ae7c-7adf9974aae3">
      <id>18219</id>
      <classname>org.openmrs.ConceptDescription</classname>
      <dateChanged id="213">2019-12-02 15:20:46</dateChanged>
    </org.openmrs.module.metadatasharing.Item>
    <org.openmrs.module.metadatasharing.Item id="214" uuid="c203b6a6-6ab6-4398-9278-3f39020700f2">
      <id>18220</id>
      <classname>org.openmrs.ConceptDescription</classname>
      <dateChanged id="215">2019-12-02 15:21:45</dateChanged>
    </org.openmrs.module.metadatasharing.Item>
    <org.openmrs.module.metadatasharing.Item id="216" uuid="b8bac39f-de60-42fc-a43d-3531ebbf2880">
      <id>142462</id>
      <classname>org.openmrs.ConceptName</classname>
      <dateChanged id="217">2019-12-02 15:25:08</dateChanged>
    </org.openmrs.module.metadatasharing.Item>
    <org.openmrs.module.metadatasharing.Item id="218" uuid="890d13ab-cb17-41a5-bca0-5a1efca7fa10">
      <id>142463</id>
      <classname>org.openmrs.ConceptName</classname>
      <dateChanged id="219">2019-12-02 15:25:08</dateChanged>
    </org.openmrs.module.metadatasharing.Item>
    <org.openmrs.module.metadatasharing.Item id="220" uuid="0374571f-268b-49d6-9624-ab886ffa8e8b">
      <id>18230</id>
      <classname>org.openmrs.ConceptDescription</classname>
      <dateChanged id="221">2019-12-02 15:25:08</dateChanged>
    </org.openmrs.module.metadatasharing.Item>
    <org.openmrs.module.metadatasharing.Item id="222" uuid="682491dc-707e-4647-b86a-c871b042e2ab">
      <id>142512</id>
      <classname>org.openmrs.ConceptName</classname>
      <dateChanged id="223">2019-12-02 15:36:40</dateChanged>
    </org.openmrs.module.metadatasharing.Item>
    <org.openmrs.module.metadatasharing.Item id="224" uuid="4d38af74-bef1-4012-87b1-83169d2afb74">
      <id>142513</id>
      <classname>org.openmrs.ConceptName</classname>
      <dateChanged id="225">2019-12-02 15:36:40</dateChanged>
    </org.openmrs.module.metadatasharing.Item>
    <org.openmrs.module.metadatasharing.Item id="226" uuid="b1f76d6a-4efd-4c6e-bd2c-cea54821edb1">
      <id>18255</id>
      <classname>org.openmrs.ConceptDescription</classname>
      <dateChanged id="227">2019-12-02 15:36:40</dateChanged>
    </org.openmrs.module.metadatasharing.Item>
    <org.openmrs.module.metadatasharing.Item id="228" uuid="fb6ccaf3-2ac6-4b58-a732-bce8480ea71c">
      <id>142415</id>
      <classname>org.openmrs.ConceptName</classname>
      <dateChanged id="229">2019-12-02 15:12:02</dateChanged>
    </org.openmrs.module.metadatasharing.Item>
    <org.openmrs.module.metadatasharing.Item id="230" uuid="f773ed3a-f1d2-47bb-b350-130d3f45b80f">
      <id>142416</id>
      <classname>org.openmrs.ConceptName</classname>
      <dateChanged id="231">2019-12-02 15:12:02</dateChanged>
    </org.openmrs.module.metadatasharing.Item>
    <org.openmrs.module.metadatasharing.Item id="232" uuid="95c546be-9a40-4c29-a0b3-06894ac4b230">
      <id>18207</id>
      <classname>org.openmrs.ConceptDescription</classname>
      <dateChanged id="233">2019-12-02 15:12:02</dateChanged>
    </org.openmrs.module.metadatasharing.Item>
    <org.openmrs.module.metadatasharing.Item id="234" uuid="7f849e4c-f53b-4e39-b420-5d4ac3a1f185">
      <id>142417</id>
      <classname>org.openmrs.ConceptName</classname>
      <dateChanged id="235">2019-12-02 15:12:45</dateChanged>
    </org.openmrs.module.metadatasharing.Item>
    <org.openmrs.module.metadatasharing.Item id="236" uuid="22ddfb3c-d457-4df7-bf6f-a8b317c1c232">
      <id>142418</id>
      <classname>org.openmrs.ConceptName</classname>
      <dateChanged id="237">2019-12-02 15:12:45</dateChanged>
    </org.openmrs.module.metadatasharing.Item>
    <org.openmrs.module.metadatasharing.Item id="238" uuid="c34ab920-dbc2-499c-926b-e1f03f42eea4">
      <id>18208</id>
      <classname>org.openmrs.ConceptDescription</classname>
      <dateChanged id="239">2019-12-02 15:12:45</dateChanged>
    </org.openmrs.module.metadatasharing.Item>
    <org.openmrs.module.metadatasharing.Item id="240" uuid="bc07812a-8f23-450a-bba3-087696c2308d">
      <id>142496</id>
      <classname>org.openmrs.ConceptName</classname>
      <dateChanged id="241">2019-12-02 15:34:32</dateChanged>
    </org.openmrs.module.metadatasharing.Item>
    <org.openmrs.module.metadatasharing.Item id="242" uuid="e67a41d2-9724-4cef-a7e3-9480ce59654d">
      <id>142497</id>
      <classname>org.openmrs.ConceptName</classname>
      <dateChanged id="243">2019-12-02 15:34:32</dateChanged>
    </org.openmrs.module.metadatasharing.Item>
    <org.openmrs.module.metadatasharing.Item id="244" uuid="2d4545b8-596e-4cd0-8645-9d500e971e0c">
      <id>2603</id>
      <classname>org.openmrs.ConceptSet</classname>
      <dateChanged id="245">2019-12-02 15:34:32</dateChanged>
    </org.openmrs.module.metadatasharing.Item>
    <org.openmrs.module.metadatasharing.Item id="246" uuid="fec81769-54d4-4b6b-bc9d-753c67f038e4">
      <id>142480</id>
      <classname>org.openmrs.ConceptName</classname>
      <dateChanged id="247">2019-12-02 15:31:05</dateChanged>
    </org.openmrs.module.metadatasharing.Item>
    <org.openmrs.module.metadatasharing.Item id="248" uuid="209da1e8-6da3-420a-83c8-a2d801bc62be">
      <id>142481</id>
      <classname>org.openmrs.ConceptName</classname>
      <dateChanged id="249">2019-12-02 15:31:05</dateChanged>
    </org.openmrs.module.metadatasharing.Item>
    <org.openmrs.module.metadatasharing.Item id="250" uuid="12a2971a-ebe9-40a7-bf60-7356388003a2">
      <id>18239</id>
      <classname>org.openmrs.ConceptDescription</classname>
      <dateChanged id="251">2019-12-02 15:31:05</dateChanged>
    </org.openmrs.module.metadatasharing.Item>
    <org.openmrs.module.metadatasharing.Item id="252" uuid="20720ffc-e041-4efc-b6ca-60af5a6b60cf">
      <id>2604</id>
      <classname>org.openmrs.ConceptSet</classname>
      <dateChanged id="253">2019-12-02 15:34:32</dateChanged>
    </org.openmrs.module.metadatasharing.Item>
    <org.openmrs.module.metadatasharing.Item id="254" uuid="06baf819-b49a-40fe-a6a6-0c4b2fae3d42">
      <id>2605</id>
      <classname>org.openmrs.ConceptSet</classname>
      <dateChanged id="255">2019-12-02 15:34:32</dateChanged>
    </org.openmrs.module.metadatasharing.Item>
    <org.openmrs.module.metadatasharing.Item id="256" uuid="992ed6bd-47a2-4980-9d4f-c54acd2e05c7">
      <id>2606</id>
      <classname>org.openmrs.ConceptSet</classname>
      <dateChanged id="257">2019-12-02 15:34:32</dateChanged>
    </org.openmrs.module.metadatasharing.Item>
    <org.openmrs.module.metadatasharing.Item id="258" uuid="598508c4-167d-4ea1-a3dd-befce89666c8">
      <id>2607</id>
      <classname>org.openmrs.ConceptSet</classname>
      <dateChanged id="259">2019-12-02 15:34:32</dateChanged>
    </org.openmrs.module.metadatasharing.Item>
    <org.openmrs.module.metadatasharing.Item id="260" uuid="c0461057-4bf5-46b2-818e-3bcf845b2fd8">
      <id>142488</id>
      <classname>org.openmrs.ConceptName</classname>
      <dateChanged id="261">2019-12-02 15:31:55</dateChanged>
    </org.openmrs.module.metadatasharing.Item>
    <org.openmrs.module.metadatasharing.Item id="262" uuid="d49f0502-470b-4ef2-b0ea-fb72627102c4">
      <id>142489</id>
      <classname>org.openmrs.ConceptName</classname>
      <dateChanged id="263">2019-12-02 15:31:55</dateChanged>
    </org.openmrs.module.metadatasharing.Item>
    <org.openmrs.module.metadatasharing.Item id="264" uuid="5308048a-370f-4ec4-a47a-5d756b9613fd">
      <id>18243</id>
      <classname>org.openmrs.ConceptDescription</classname>
      <dateChanged id="265">2019-12-02 15:31:55</dateChanged>
    </org.openmrs.module.metadatasharing.Item>
    <org.openmrs.module.metadatasharing.Item id="266" uuid="b712a3e4-aac3-448d-bfe3-cc70c16a154f">
      <id>2608</id>
      <classname>org.openmrs.ConceptSet</classname>
      <dateChanged id="267">2019-12-02 15:34:32</dateChanged>
    </org.openmrs.module.metadatasharing.Item>
    <org.openmrs.module.metadatasharing.Item id="268" uuid="48a4cd9c-c842-4037-b025-870c2a92c8fb">
      <id>142490</id>
      <classname>org.openmrs.ConceptName</classname>
      <dateChanged id="269">2019-12-02 15:32:05</dateChanged>
    </org.openmrs.module.metadatasharing.Item>
    <org.openmrs.module.metadatasharing.Item id="270" uuid="643bb5e8-14e1-48d8-923e-a6bb07a158c8">
      <id>142491</id>
      <classname>org.openmrs.ConceptName</classname>
      <dateChanged id="271">2019-12-02 15:32:05</dateChanged>
    </org.openmrs.module.metadatasharing.Item>
    <org.openmrs.module.metadatasharing.Item id="272" uuid="c9953625-3c9f-4745-92c3-5326a885bea4">
      <id>18244</id>
      <classname>org.openmrs.ConceptDescription</classname>
      <dateChanged id="273">2019-12-02 15:32:05</dateChanged>
    </org.openmrs.module.metadatasharing.Item>
    <org.openmrs.module.metadatasharing.Item id="274" uuid="bc67e8cb-4dfb-4030-b076-9fc37e9eed7c">
      <id>2609</id>
      <classname>org.openmrs.ConceptSet</classname>
      <dateChanged id="275">2019-12-02 15:34:32</dateChanged>
    </org.openmrs.module.metadatasharing.Item>
    <org.openmrs.module.metadatasharing.Item id="276" uuid="4d6c5740-027e-4511-8813-a896fe715e51">
      <id>2610</id>
      <classname>org.openmrs.ConceptSet</classname>
      <dateChanged id="277">2019-12-02 15:34:32</dateChanged>
    </org.openmrs.module.metadatasharing.Item>
    <org.openmrs.module.metadatasharing.Item id="278" uuid="7d1433b6-97d4-4305-9141-21a2aadcf928">
      <id>142494</id>
      <classname>org.openmrs.ConceptName</classname>
      <dateChanged id="279">2019-12-02 15:32:41</dateChanged>
    </org.openmrs.module.metadatasharing.Item>
    <org.openmrs.module.metadatasharing.Item id="280" uuid="986b25e7-7c52-4f69-a749-23a10d45e9e6">
      <id>142495</id>
      <classname>org.openmrs.ConceptName</classname>
      <dateChanged id="281">2019-12-02 15:32:41</dateChanged>
    </org.openmrs.module.metadatasharing.Item>
    <org.openmrs.module.metadatasharing.Item id="282" uuid="682b3cd2-f314-41ef-8265-46f0c6768f90">
      <id>18246</id>
      <classname>org.openmrs.ConceptDescription</classname>
      <dateChanged id="283">2019-12-02 15:32:41</dateChanged>
    </org.openmrs.module.metadatasharing.Item>
    <org.openmrs.module.metadatasharing.Item id="284" uuid="27bcd34f-d431-4ed1-b596-b94a527edaa5">
      <id>18247</id>
      <classname>org.openmrs.ConceptDescription</classname>
      <dateChanged id="285">2019-12-02 15:34:32</dateChanged>
    </org.openmrs.module.metadatasharing.Item>
    <org.openmrs.module.metadatasharing.Item id="286" uuid="d2124f5c-b443-4dec-b17f-ef8d1b4769c8">
      <id>142431</id>
      <classname>org.openmrs.ConceptName</classname>
      <dateChanged id="287">2019-12-02 15:19:05</dateChanged>
    </org.openmrs.module.metadatasharing.Item>
    <org.openmrs.module.metadatasharing.Item id="288" uuid="d8e662f8-1bb5-4d69-9cb2-7e1a06123f46">
      <id>142432</id>
      <classname>org.openmrs.ConceptName</classname>
      <dateChanged id="289">2019-12-02 15:19:05</dateChanged>
    </org.openmrs.module.metadatasharing.Item>
    <org.openmrs.module.metadatasharing.Item id="290" uuid="9b84e4e1-9940-4229-bdc6-32cb8f29d36b">
      <id>2577</id>
      <classname>org.openmrs.ConceptSet</classname>
      <dateChanged id="291">2019-12-02 15:19:05</dateChanged>
    </org.openmrs.module.metadatasharing.Item>
    <org.openmrs.module.metadatasharing.Item id="292" uuid="9c5f7837-9a84-49d3-b430-d5b17f1379ca">
      <id>2578</id>
      <classname>org.openmrs.ConceptSet</classname>
      <dateChanged id="293">2019-12-02 15:19:05</dateChanged>
    </org.openmrs.module.metadatasharing.Item>
    <org.openmrs.module.metadatasharing.Item id="294" uuid="11dade00-8d94-4a0d-bbc2-c6cf9e20b9f5">
      <id>142423</id>
      <classname>org.openmrs.ConceptName</classname>
      <dateChanged id="295">2019-12-02 15:17:19</dateChanged>
    </org.openmrs.module.metadatasharing.Item>
    <org.openmrs.module.metadatasharing.Item id="296" uuid="8a5c8108-1b1a-41c1-a00c-e7cb5b580c99">
      <id>142424</id>
      <classname>org.openmrs.ConceptName</classname>
      <dateChanged id="297">2019-12-02 15:17:19</dateChanged>
    </org.openmrs.module.metadatasharing.Item>
    <org.openmrs.module.metadatasharing.Item id="298" uuid="09efe247-51bc-470d-b361-406fed8a6a66">
      <id>18211</id>
      <classname>org.openmrs.ConceptDescription</classname>
      <dateChanged id="299">2019-12-02 15:17:19</dateChanged>
    </org.openmrs.module.metadatasharing.Item>
    <org.openmrs.module.metadatasharing.Item id="300" uuid="88dd810d-be20-4951-8f69-b1e3af864717">
      <id>2579</id>
      <classname>org.openmrs.ConceptSet</classname>
      <dateChanged id="301">2019-12-02 15:19:05</dateChanged>
    </org.openmrs.module.metadatasharing.Item>
    <org.openmrs.module.metadatasharing.Item id="302" uuid="ebef7c70-0627-4cb0-bb09-7f8ca7ba3e7c">
      <id>142425</id>
      <classname>org.openmrs.ConceptName</classname>
      <dateChanged id="303">2019-12-02 15:17:30</dateChanged>
    </org.openmrs.module.metadatasharing.Item>
    <org.openmrs.module.metadatasharing.Item id="304" uuid="1c870deb-2f4a-4656-b2bb-04915967e149">
      <id>142426</id>
      <classname>org.openmrs.ConceptName</classname>
      <dateChanged id="305">2019-12-02 15:17:30</dateChanged>
    </org.openmrs.module.metadatasharing.Item>
    <org.openmrs.module.metadatasharing.Item id="306" uuid="cbe1d6d5-373a-4584-bae0-d76e70c3de98">
      <id>18212</id>
      <classname>org.openmrs.ConceptDescription</classname>
      <dateChanged id="307">2019-12-02 15:17:30</dateChanged>
    </org.openmrs.module.metadatasharing.Item>
    <org.openmrs.module.metadatasharing.Item id="308" uuid="b8df7d21-3520-452d-beca-fd5ee311515a">
      <id>2580</id>
      <classname>org.openmrs.ConceptSet</classname>
      <dateChanged id="309">2019-12-02 15:19:05</dateChanged>
    </org.openmrs.module.metadatasharing.Item>
    <org.openmrs.module.metadatasharing.Item id="310" uuid="c9f97819-08e3-49b4-8936-eee90c84b7da">
      <id>142427</id>
      <classname>org.openmrs.ConceptName</classname>
      <dateChanged id="311">2019-12-02 15:17:46</dateChanged>
    </org.openmrs.module.metadatasharing.Item>
    <org.openmrs.module.metadatasharing.Item id="312" uuid="71c14605-4b66-42e2-b8ea-9a3246528845">
      <id>142428</id>
      <classname>org.openmrs.ConceptName</classname>
      <dateChanged id="313">2019-12-02 15:17:46</dateChanged>
    </org.openmrs.module.metadatasharing.Item>
    <org.openmrs.module.metadatasharing.Item id="314" uuid="49242ea3-56bd-403d-9579-f64fe15c7d31">
      <id>18213</id>
      <classname>org.openmrs.ConceptDescription</classname>
      <dateChanged id="315">2019-12-02 15:17:46</dateChanged>
    </org.openmrs.module.metadatasharing.Item>
    <org.openmrs.module.metadatasharing.Item id="316" uuid="f44f0123-3612-4f30-a7ee-f56e81ad2202">
      <id>2581</id>
      <classname>org.openmrs.ConceptSet</classname>
      <dateChanged id="317">2019-12-02 15:19:05</dateChanged>
    </org.openmrs.module.metadatasharing.Item>
    <org.openmrs.module.metadatasharing.Item id="318" uuid="e0829bc5-5a70-46a1-a7ad-be26555cbcb7">
      <id>142429</id>
      <classname>org.openmrs.ConceptName</classname>
      <dateChanged id="319">2019-12-02 15:18:02</dateChanged>
    </org.openmrs.module.metadatasharing.Item>
    <org.openmrs.module.metadatasharing.Item id="320" uuid="40a4d0ba-acdc-46e4-84ec-b35654cdeacf">
      <id>142430</id>
      <classname>org.openmrs.ConceptName</classname>
      <dateChanged id="321">2019-12-02 15:18:02</dateChanged>
    </org.openmrs.module.metadatasharing.Item>
    <org.openmrs.module.metadatasharing.Item id="322" uuid="9d1c9fe0-ed36-4fd5-ab49-3f91c02ec26e">
      <id>18214</id>
      <classname>org.openmrs.ConceptDescription</classname>
      <dateChanged id="323">2019-12-02 15:18:02</dateChanged>
    </org.openmrs.module.metadatasharing.Item>
    <org.openmrs.module.metadatasharing.Item id="324" uuid="e22a12e6-a0cf-4a40-8403-d003c05f56f6">
      <id>18215</id>
      <classname>org.openmrs.ConceptDescription</classname>
      <dateChanged id="325">2019-12-02 15:19:05</dateChanged>
    </org.openmrs.module.metadatasharing.Item>
    <org.openmrs.module.metadatasharing.Item id="326" uuid="040d4efc-85cb-446c-ac81-93217e456c01">
      <id>142456</id>
      <classname>org.openmrs.ConceptName</classname>
      <dateChanged id="327">2019-12-02 15:24:19</dateChanged>
    </org.openmrs.module.metadatasharing.Item>
    <org.openmrs.module.metadatasharing.Item id="328" uuid="c24688d7-6469-415f-a062-8360e4d9f038">
      <id>142457</id>
      <classname>org.openmrs.ConceptName</classname>
      <dateChanged id="329">2019-12-02 15:24:19</dateChanged>
    </org.openmrs.module.metadatasharing.Item>
    <org.openmrs.module.metadatasharing.Item id="330" uuid="c23ac6d0-2134-49b3-9663-4cc3884b096d">
      <id>18227</id>
      <classname>org.openmrs.ConceptDescription</classname>
      <dateChanged id="331">2019-12-02 15:24:19</dateChanged>
    </org.openmrs.module.metadatasharing.Item>
    <org.openmrs.module.metadatasharing.Item id="332" uuid="1c0d7862-938b-4cc9-a331-1ffa8c145e2e">
      <id>142478</id>
      <classname>org.openmrs.ConceptName</classname>
      <dateChanged id="333">2019-12-02 15:30:26</dateChanged>
    </org.openmrs.module.metadatasharing.Item>
    <org.openmrs.module.metadatasharing.Item id="334" uuid="2915d0aa-e47b-4bda-9751-ab28dc33a0e2">
      <id>142479</id>
      <classname>org.openmrs.ConceptName</classname>
      <dateChanged id="335">2019-12-02 15:30:26</dateChanged>
    </org.openmrs.module.metadatasharing.Item>
    <org.openmrs.module.metadatasharing.Item id="336" uuid="36f8548c-95f3-4795-8428-8ab94394cdd4">
      <id>2586</id>
      <classname>org.openmrs.ConceptSet</classname>
      <dateChanged id="337">2019-12-02 15:30:26</dateChanged>
    </org.openmrs.module.metadatasharing.Item>
    <org.openmrs.module.metadatasharing.Item id="338" uuid="92252c97-7573-4f41-bd5e-f769d5c47504">
      <id>142444</id>
      <classname>org.openmrs.ConceptName</classname>
      <dateChanged id="339">2019-12-02 15:23:02</dateChanged>
    </org.openmrs.module.metadatasharing.Item>
    <org.openmrs.module.metadatasharing.Item id="340" uuid="cd862a4a-d2e5-4704-bc7e-a69dbfd05bf9">
      <id>142445</id>
      <classname>org.openmrs.ConceptName</classname>
      <dateChanged id="341">2019-12-02 15:23:02</dateChanged>
    </org.openmrs.module.metadatasharing.Item>
    <org.openmrs.module.metadatasharing.Item id="342" uuid="55f12bac-00a6-4684-bfd4-2deaa8fb6b09">
      <id>18221</id>
      <classname>org.openmrs.ConceptDescription</classname>
      <dateChanged id="343">2019-12-02 15:23:02</dateChanged>
    </org.openmrs.module.metadatasharing.Item>
    <org.openmrs.module.metadatasharing.Item id="344" uuid="8ecf97a0-e4c3-4681-8494-9770acc97e7c">
      <id>2587</id>
      <classname>org.openmrs.ConceptSet</classname>
      <dateChanged id="345">2019-12-02 15:30:26</dateChanged>
    </org.openmrs.module.metadatasharing.Item>
    <org.openmrs.module.metadatasharing.Item id="346" uuid="42cf40e7-f3db-4d74-bb5c-3b625fab95a4">
      <id>142446</id>
      <classname>org.openmrs.ConceptName</classname>
      <dateChanged id="347">2019-12-02 15:23:19</dateChanged>
    </org.openmrs.module.metadatasharing.Item>
    <org.openmrs.module.metadatasharing.Item id="348" uuid="1d181bdc-2869-4aa9-9506-f1bda3abebff">
      <id>142447</id>
      <classname>org.openmrs.ConceptName</classname>
      <dateChanged id="349">2019-12-02 15:23:19</dateChanged>
    </org.openmrs.module.metadatasharing.Item>
    <org.openmrs.module.metadatasharing.Item id="350" uuid="fe0c701d-250a-4ddd-ae58-eda2b9a6c29c">
      <id>18222</id>
      <classname>org.openmrs.ConceptDescription</classname>
      <dateChanged id="351">2019-12-02 15:23:19</dateChanged>
    </org.openmrs.module.metadatasharing.Item>
    <org.openmrs.module.metadatasharing.Item id="352" uuid="f66bdf2e-98d8-4002-911d-d8887b7b6c2c">
      <id>2588</id>
      <classname>org.openmrs.ConceptSet</classname>
      <dateChanged id="353">2019-12-02 15:30:26</dateChanged>
    </org.openmrs.module.metadatasharing.Item>
    <org.openmrs.module.metadatasharing.Item id="354" uuid="2e698a38-1958-411f-8c9b-3389c1185df6">
      <id>142448</id>
      <classname>org.openmrs.ConceptName</classname>
      <dateChanged id="355">2019-12-02 15:23:30</dateChanged>
    </org.openmrs.module.metadatasharing.Item>
    <org.openmrs.module.metadatasharing.Item id="356" uuid="a479b187-7431-4a8d-8298-ca870efe003e">
      <id>142449</id>
      <classname>org.openmrs.ConceptName</classname>
      <dateChanged id="357">2019-12-02 15:23:30</dateChanged>
    </org.openmrs.module.metadatasharing.Item>
    <org.openmrs.module.metadatasharing.Item id="358" uuid="fecc5b9b-08b0-44de-99a9-1a6e9d65c094">
      <id>18223</id>
      <classname>org.openmrs.ConceptDescription</classname>
      <dateChanged id="359">2019-12-02 15:23:30</dateChanged>
    </org.openmrs.module.metadatasharing.Item>
    <org.openmrs.module.metadatasharing.Item id="360" uuid="13068283-5174-42f7-9c43-6cceb709846c">
      <id>2589</id>
      <classname>org.openmrs.ConceptSet</classname>
      <dateChanged id="361">2019-12-02 15:30:26</dateChanged>
    </org.openmrs.module.metadatasharing.Item>
    <org.openmrs.module.metadatasharing.Item id="362" uuid="2cf4ee04-4393-4b21-af82-8eebb8e15532">
      <id>142450</id>
      <classname>org.openmrs.ConceptName</classname>
      <dateChanged id="363">2019-12-02 15:23:42</dateChanged>
    </org.openmrs.module.metadatasharing.Item>
    <org.openmrs.module.metadatasharing.Item id="364" uuid="dc0db1ed-cdeb-42db-8d1e-0fd2ee2d20b7">
      <id>142451</id>
      <classname>org.openmrs.ConceptName</classname>
      <dateChanged id="365">2019-12-02 15:23:42</dateChanged>
    </org.openmrs.module.metadatasharing.Item>
    <org.openmrs.module.metadatasharing.Item id="366" uuid="a293f345-c561-4f15-b3da-4ffa99b2a622">
      <id>18224</id>
      <classname>org.openmrs.ConceptDescription</classname>
      <dateChanged id="367">2019-12-02 15:23:42</dateChanged>
    </org.openmrs.module.metadatasharing.Item>
    <org.openmrs.module.metadatasharing.Item id="368" uuid="5e866c6f-9a12-4431-8246-33fb7f8c33bc">
      <id>2590</id>
      <classname>org.openmrs.ConceptSet</classname>
      <dateChanged id="369">2019-12-02 15:30:26</dateChanged>
    </org.openmrs.module.metadatasharing.Item>
    <org.openmrs.module.metadatasharing.Item id="370" uuid="314db6e4-27b5-4257-a494-da4125ec051d">
      <id>142452</id>
      <classname>org.openmrs.ConceptName</classname>
      <dateChanged id="371">2019-12-02 15:23:52</dateChanged>
    </org.openmrs.module.metadatasharing.Item>
    <org.openmrs.module.metadatasharing.Item id="372" uuid="55dcea4f-8c68-40b9-97a7-dc630ad18d41">
      <id>142453</id>
      <classname>org.openmrs.ConceptName</classname>
      <dateChanged id="373">2019-12-02 15:23:52</dateChanged>
    </org.openmrs.module.metadatasharing.Item>
    <org.openmrs.module.metadatasharing.Item id="374" uuid="ee1f76fc-2df3-4962-902d-14cb5fe68f15">
      <id>18225</id>
      <classname>org.openmrs.ConceptDescription</classname>
      <dateChanged id="375">2019-12-02 15:23:52</dateChanged>
    </org.openmrs.module.metadatasharing.Item>
    <org.openmrs.module.metadatasharing.Item id="376" uuid="cdc5f3f3-e7ff-4cbd-b8c5-a2e3a60e8420">
      <id>2591</id>
      <classname>org.openmrs.ConceptSet</classname>
      <dateChanged id="377">2019-12-02 15:30:26</dateChanged>
    </org.openmrs.module.metadatasharing.Item>
    <org.openmrs.module.metadatasharing.Item id="378" uuid="e27cc3bb-e6af-44b5-b0e6-c31c40db5e53">
      <id>2592</id>
      <classname>org.openmrs.ConceptSet</classname>
      <dateChanged id="379">2019-12-02 15:30:26</dateChanged>
    </org.openmrs.module.metadatasharing.Item>
    <org.openmrs.module.metadatasharing.Item id="380" uuid="5c47b75c-eaa3-4970-a1a9-33fd7291fdae">
      <id>2593</id>
      <classname>org.openmrs.ConceptSet</classname>
      <dateChanged id="381">2019-12-02 15:30:26</dateChanged>
    </org.openmrs.module.metadatasharing.Item>
    <org.openmrs.module.metadatasharing.Item id="382" uuid="9aa01235-ece0-4794-a03a-7c2d9961574e">
      <id>142458</id>
      <classname>org.openmrs.ConceptName</classname>
      <dateChanged id="383">2019-12-02 15:24:36</dateChanged>
    </org.openmrs.module.metadatasharing.Item>
    <org.openmrs.module.metadatasharing.Item id="384" uuid="a940cb8c-1dad-4d13-82d5-caffb1588571">
      <id>142459</id>
      <classname>org.openmrs.ConceptName</classname>
      <dateChanged id="385">2019-12-02 15:24:36</dateChanged>
    </org.openmrs.module.metadatasharing.Item>
    <org.openmrs.module.metadatasharing.Item id="386" uuid="70b6fa8c-b6e1-4f17-96e7-682ef9af35ab">
      <id>18228</id>
      <classname>org.openmrs.ConceptDescription</classname>
      <dateChanged id="387">2019-12-02 15:24:36</dateChanged>
    </org.openmrs.module.metadatasharing.Item>
    <org.openmrs.module.metadatasharing.Item id="388" uuid="de36a9c5-2d92-4c10-b20b-2e74e3cc2f54">
      <id>2594</id>
      <classname>org.openmrs.ConceptSet</classname>
      <dateChanged id="389">2019-12-02 15:30:26</dateChanged>
    </org.openmrs.module.metadatasharing.Item>
    <org.openmrs.module.metadatasharing.Item id="390" uuid="ca48717f-1405-4d2f-aec3-e4ca5619c4a4">
      <id>2595</id>
      <classname>org.openmrs.ConceptSet</classname>
      <dateChanged id="391">2019-12-02 15:30:26</dateChanged>
    </org.openmrs.module.metadatasharing.Item>
    <org.openmrs.module.metadatasharing.Item id="392" uuid="ffbe5ead-4841-487e-8274-0ed0bdcf3b0f">
      <id>2596</id>
      <classname>org.openmrs.ConceptSet</classname>
      <dateChanged id="393">2019-12-02 15:30:26</dateChanged>
    </org.openmrs.module.metadatasharing.Item>
    <org.openmrs.module.metadatasharing.Item id="394" uuid="458dad5d-328c-44c7-8d5d-f5476dd492e7">
      <id>142464</id>
      <classname>org.openmrs.ConceptName</classname>
      <dateChanged id="395">2019-12-02 15:25:23</dateChanged>
    </org.openmrs.module.metadatasharing.Item>
    <org.openmrs.module.metadatasharing.Item id="396" uuid="14d17155-8b34-4178-9c5b-6d4330207ae9">
      <id>142465</id>
      <classname>org.openmrs.ConceptName</classname>
      <dateChanged id="397">2019-12-02 15:25:23</dateChanged>
    </org.openmrs.module.metadatasharing.Item>
    <org.openmrs.module.metadatasharing.Item id="398" uuid="1beebd1b-0508-4a9e-a8eb-c52c3ab09272">
      <id>18231</id>
      <classname>org.openmrs.ConceptDescription</classname>
      <dateChanged id="399">2019-12-02 15:25:23</dateChanged>
    </org.openmrs.module.metadatasharing.Item>
    <org.openmrs.module.metadatasharing.Item id="400" uuid="8d08199f-d952-4322-89f7-1c0c5c6d985a">
      <id>2597</id>
      <classname>org.openmrs.ConceptSet</classname>
      <dateChanged id="401">2019-12-02 15:30:26</dateChanged>
    </org.openmrs.module.metadatasharing.Item>
    <org.openmrs.module.metadatasharing.Item id="402" uuid="238d2054-d956-4d8f-bf6f-dba209cbb06d">
      <id>2598</id>
      <classname>org.openmrs.ConceptSet</classname>
      <dateChanged id="403">2019-12-02 15:30:26</dateChanged>
    </org.openmrs.module.metadatasharing.Item>
    <org.openmrs.module.metadatasharing.Item id="404" uuid="f2b668de-4a14-4fbc-aa8d-5cb4005d2828">
      <id>142468</id>
      <classname>org.openmrs.ConceptName</classname>
      <dateChanged id="405">2019-12-02 15:26:01</dateChanged>
    </org.openmrs.module.metadatasharing.Item>
    <org.openmrs.module.metadatasharing.Item id="406" uuid="9b11fb23-d1a6-4c52-a723-a5af90e3c9cf">
      <id>142469</id>
      <classname>org.openmrs.ConceptName</classname>
      <dateChanged id="407">2019-12-02 15:26:01</dateChanged>
    </org.openmrs.module.metadatasharing.Item>
    <org.openmrs.module.metadatasharing.Item id="408" uuid="a1b7d6fd-6271-45cf-9d1b-3eacf9599dba">
      <id>18233</id>
      <classname>org.openmrs.ConceptDescription</classname>
      <dateChanged id="409">2019-12-02 15:26:01</dateChanged>
    </org.openmrs.module.metadatasharing.Item>
    <org.openmrs.module.metadatasharing.Item id="410" uuid="6d07f583-de98-4cf1-a4aa-88a659b6ff60">
      <id>2599</id>
      <classname>org.openmrs.ConceptSet</classname>
      <dateChanged id="411">2019-12-02 15:30:26</dateChanged>
    </org.openmrs.module.metadatasharing.Item>
    <org.openmrs.module.metadatasharing.Item id="412" uuid="d0d92923-4b1d-4a7c-9012-323fcef6f7a0">
      <id>142470</id>
      <classname>org.openmrs.ConceptName</classname>
      <dateChanged id="413">2019-12-02 15:26:16</dateChanged>
    </org.openmrs.module.metadatasharing.Item>
    <org.openmrs.module.metadatasharing.Item id="414" uuid="69710318-0b16-48df-a55e-ca1a939cb5f2">
      <id>142471</id>
      <classname>org.openmrs.ConceptName</classname>
      <dateChanged id="415">2019-12-02 15:26:16</dateChanged>
    </org.openmrs.module.metadatasharing.Item>
    <org.openmrs.module.metadatasharing.Item id="416" uuid="33b2e59a-08ad-448f-a6ac-3044b55e2a9f">
      <id>18234</id>
      <classname>org.openmrs.ConceptDescription</classname>
      <dateChanged id="417">2019-12-02 15:26:16</dateChanged>
    </org.openmrs.module.metadatasharing.Item>
    <org.openmrs.module.metadatasharing.Item id="418" uuid="e7f737a6-6217-44c2-bf9e-e0a940a0cca1">
      <id>2600</id>
      <classname>org.openmrs.ConceptSet</classname>
      <dateChanged id="419">2019-12-02 15:30:26</dateChanged>
    </org.openmrs.module.metadatasharing.Item>
    <org.openmrs.module.metadatasharing.Item id="420" uuid="3d749eee-9a10-4282-83b8-3b2d9d2fc564">
      <id>142472</id>
      <classname>org.openmrs.ConceptName</classname>
      <dateChanged id="421">2019-12-02 15:26:36</dateChanged>
    </org.openmrs.module.metadatasharing.Item>
    <org.openmrs.module.metadatasharing.Item id="422" uuid="7fbc71c2-7141-4899-8a65-94411bdd8750">
      <id>142473</id>
      <classname>org.openmrs.ConceptName</classname>
      <dateChanged id="423">2019-12-02 15:26:36</dateChanged>
    </org.openmrs.module.metadatasharing.Item>
    <org.openmrs.module.metadatasharing.Item id="424" uuid="ff66f947-b940-4eeb-adff-e4bc3890b147">
      <id>18235</id>
      <classname>org.openmrs.ConceptDescription</classname>
      <dateChanged id="425">2019-12-02 15:26:36</dateChanged>
    </org.openmrs.module.metadatasharing.Item>
    <org.openmrs.module.metadatasharing.Item id="426" uuid="90eb201b-63f5-4857-8052-7a71e8260459">
      <id>2601</id>
      <classname>org.openmrs.ConceptSet</classname>
      <dateChanged id="427">2019-12-02 15:30:26</dateChanged>
    </org.openmrs.module.metadatasharing.Item>
    <org.openmrs.module.metadatasharing.Item id="428" uuid="7efdfd49-c0ec-48b1-a575-3fa2f75f23a9">
      <id>142474</id>
      <classname>org.openmrs.ConceptName</classname>
      <dateChanged id="429">2019-12-02 15:26:48</dateChanged>
    </org.openmrs.module.metadatasharing.Item>
    <org.openmrs.module.metadatasharing.Item id="430" uuid="420db6f2-1f6c-4b8a-a274-1534b2d8ed43">
      <id>142475</id>
      <classname>org.openmrs.ConceptName</classname>
      <dateChanged id="431">2019-12-02 15:30:46</dateChanged>
    </org.openmrs.module.metadatasharing.Item>
    <org.openmrs.module.metadatasharing.Item id="432" uuid="dbd4e063-4eea-4cec-ad5d-263be339ea7c">
      <id>18236</id>
      <classname>org.openmrs.ConceptDescription</classname>
      <dateChanged id="433">2019-12-02 15:26:48</dateChanged>
    </org.openmrs.module.metadatasharing.Item>
    <org.openmrs.module.metadatasharing.Item id="434" uuid="81b1625e-9b32-47e7-967c-bd20ae9b3ce7">
      <id>2602</id>
      <classname>org.openmrs.ConceptSet</classname>
      <dateChanged id="435">2019-12-02 15:30:26</dateChanged>
    </org.openmrs.module.metadatasharing.Item>
    <org.openmrs.module.metadatasharing.Item id="436" uuid="fec2fc9f-3bde-4a41-abd5-6646162ed529">
      <id>142476</id>
      <classname>org.openmrs.ConceptName</classname>
      <dateChanged id="437">2019-12-02 15:27:09</dateChanged>
    </org.openmrs.module.metadatasharing.Item>
    <org.openmrs.module.metadatasharing.Item id="438" uuid="7047617f-9eb5-46dc-aa75-037cfc36588a">
      <id>142477</id>
      <classname>org.openmrs.ConceptName</classname>
      <dateChanged id="439">2019-12-02 15:30:37</dateChanged>
    </org.openmrs.module.metadatasharing.Item>
    <org.openmrs.module.metadatasharing.Item id="440" uuid="ef5bcf59-0318-4cbc-9577-472c3f4831ef">
      <id>18237</id>
      <classname>org.openmrs.ConceptDescription</classname>
      <dateChanged id="441">2019-12-02 15:27:09</dateChanged>
    </org.openmrs.module.metadatasharing.Item>
    <org.openmrs.module.metadatasharing.Item id="442" uuid="8509f23b-83c8-47e5-98e4-feabf1047f2a">
      <id>18238</id>
      <classname>org.openmrs.ConceptDescription</classname>
      <dateChanged id="443">2019-12-02 15:30:26</dateChanged>
    </org.openmrs.module.metadatasharing.Item>
    <org.openmrs.module.metadatasharing.Item id="444" uuid="f6440ed8-d1f0-4e56-a3b5-add45b1a1ddd">
      <id>142411</id>
      <classname>org.openmrs.ConceptName</classname>
      <dateChanged id="445">2019-12-02 15:11:07</dateChanged>
    </org.openmrs.module.metadatasharing.Item>
    <org.openmrs.module.metadatasharing.Item id="446" uuid="5045c8a7-81f0-45e5-a98b-a56086474ebb">
      <id>142412</id>
      <classname>org.openmrs.ConceptName</classname>
      <dateChanged id="447">2019-12-02 15:11:07</dateChanged>
    </org.openmrs.module.metadatasharing.Item>
    <org.openmrs.module.metadatasharing.Item id="448" uuid="8e794ba3-51a7-4af9-a5a7-0f71d9f9b8c0">
      <id>18205</id>
      <classname>org.openmrs.ConceptDescription</classname>
      <dateChanged id="449">2019-12-02 15:11:07</dateChanged>
    </org.openmrs.module.metadatasharing.Item>
    <org.openmrs.module.metadatasharing.Item id="450" uuid="2e8b3ff3-ea57-407c-a20f-b38c7bb569bc">
      <id>142419</id>
      <classname>org.openmrs.ConceptName</classname>
      <dateChanged id="451">2019-12-02 15:14:05</dateChanged>
    </org.openmrs.module.metadatasharing.Item>
    <org.openmrs.module.metadatasharing.Item id="452" uuid="c9b03007-3518-4987-a1d6-6fe7cd91b48f">
      <id>142433</id>
      <classname>org.openmrs.ConceptName</classname>
      <dateChanged id="453">2019-12-02 15:19:21</dateChanged>
    </org.openmrs.module.metadatasharing.Item>
    <org.openmrs.module.metadatasharing.Item id="454" uuid="b927731b-3cf4-4d0c-a858-820425e8f79a">
      <id>142420</id>
      <classname>org.openmrs.ConceptName</classname>
      <dateChanged id="455">2019-12-02 15:19:21</dateChanged>
    </org.openmrs.module.metadatasharing.Item>
    <org.openmrs.module.metadatasharing.Item id="456" uuid="7c5e8f12-0004-4129-810c-50568482d239">
      <id>2573</id>
      <classname>org.openmrs.ConceptSet</classname>
      <dateChanged id="457">2019-12-02 15:14:05</dateChanged>
    </org.openmrs.module.metadatasharing.Item>
    <org.openmrs.module.metadatasharing.Item id="458" uuid="ceb36441-aab2-4718-bd66-018647863f88">
      <id>2574</id>
      <classname>org.openmrs.ConceptSet</classname>
      <dateChanged id="459">2019-12-02 15:14:05</dateChanged>
    </org.openmrs.module.metadatasharing.Item>
    <org.openmrs.module.metadatasharing.Item id="460" uuid="759b07b5-f995-47f1-bc6c-d03e58c0ad95">
      <id>142413</id>
      <classname>org.openmrs.ConceptName</classname>
      <dateChanged id="461">2019-12-02 15:11:43</dateChanged>
    </org.openmrs.module.metadatasharing.Item>
    <org.openmrs.module.metadatasharing.Item id="462" uuid="1f319d19-57fc-42b5-a8cd-fdaee000ed95">
      <id>142414</id>
      <classname>org.openmrs.ConceptName</classname>
      <dateChanged id="463">2019-12-02 15:11:43</dateChanged>
    </org.openmrs.module.metadatasharing.Item>
    <org.openmrs.module.metadatasharing.Item id="464" uuid="a6e3a7d7-447b-4e08-98ec-23f844da56c0">
      <id>18206</id>
      <classname>org.openmrs.ConceptDescription</classname>
      <dateChanged id="465">2019-12-02 15:11:43</dateChanged>
    </org.openmrs.module.metadatasharing.Item>
    <org.openmrs.module.metadatasharing.Item id="466" uuid="01527992-42c3-44b8-ae1d-93a5f200e2b0">
      <id>2575</id>
      <classname>org.openmrs.ConceptSet</classname>
      <dateChanged id="467">2019-12-02 15:14:05</dateChanged>
    </org.openmrs.module.metadatasharing.Item>
    <org.openmrs.module.metadatasharing.Item id="468" uuid="fa213733-c741-456a-a652-940326fa5fe2">
      <id>2576</id>
      <classname>org.openmrs.ConceptSet</classname>
      <dateChanged id="469">2019-12-02 15:14:05</dateChanged>
    </org.openmrs.module.metadatasharing.Item>
    <org.openmrs.module.metadatasharing.Item id="470" uuid="c61ee768-9e96-44b5-af1e-2ef9af3f6524">
      <id>18209</id>
      <classname>org.openmrs.ConceptDescription</classname>
      <dateChanged id="471">2019-12-02 15:14:05</dateChanged>
    </org.openmrs.module.metadatasharing.Item>
    <org.openmrs.module.metadatasharing.Item id="472" uuid="95604915-955e-4d03-a02c-7b05f62f2148">
      <id>142502</id>
      <classname>org.openmrs.ConceptName</classname>
      <dateChanged id="473">2019-12-02 15:35:15</dateChanged>
    </org.openmrs.module.metadatasharing.Item>
    <org.openmrs.module.metadatasharing.Item id="474" uuid="8e5f18a9-4278-4f6f-9938-f0a554668d7a">
      <id>142503</id>
      <classname>org.openmrs.ConceptName</classname>
      <dateChanged id="475">2019-12-02 15:35:15</dateChanged>
    </org.openmrs.module.metadatasharing.Item>
    <org.openmrs.module.metadatasharing.Item id="476" uuid="f4d9f7f7-6550-40f2-9e9d-e1ce1611e0c2">
      <id>18250</id>
      <classname>org.openmrs.ConceptDescription</classname>
      <dateChanged id="477">2019-12-02 15:35:15</dateChanged>
    </org.openmrs.module.metadatasharing.Item>
    <org.openmrs.module.metadatasharing.Item id="478" uuid="23ef95c9-c34c-44fd-9ae8-541d497d437f">
      <id>142508</id>
      <classname>org.openmrs.ConceptName</classname>
      <dateChanged id="479">2019-12-02 15:35:53</dateChanged>
    </org.openmrs.module.metadatasharing.Item>
    <org.openmrs.module.metadatasharing.Item id="480" uuid="0bc0d200-afc8-4ff4-b7fa-fc888f711a7d">
      <id>142509</id>
      <classname>org.openmrs.ConceptName</classname>
      <dateChanged id="481">2019-12-02 15:35:53</dateChanged>
    </org.openmrs.module.metadatasharing.Item>
    <org.openmrs.module.metadatasharing.Item id="482" uuid="3da8cf80-cfd3-47cb-b790-e00ae0de2af0">
      <id>18253</id>
      <classname>org.openmrs.ConceptDescription</classname>
      <dateChanged id="483">2019-12-02 15:35:53</dateChanged>
    </org.openmrs.module.metadatasharing.Item>
    <org.openmrs.module.metadatasharing.Item id="484" uuid="414ec131-be32-49b4-aacc-c7ba22349f61">
      <id>142504</id>
      <classname>org.openmrs.ConceptName</classname>
      <dateChanged id="485">2019-12-02 15:35:31</dateChanged>
    </org.openmrs.module.metadatasharing.Item>
    <org.openmrs.module.metadatasharing.Item id="486" uuid="aef2f0c7-7e1e-4484-a27b-0c6b89c218d6">
      <id>142505</id>
      <classname>org.openmrs.ConceptName</classname>
      <dateChanged id="487">2019-12-02 15:35:31</dateChanged>
    </org.openmrs.module.metadatasharing.Item>
    <org.openmrs.module.metadatasharing.Item id="488" uuid="44260b2b-2ef4-47ab-a774-48a70816aa85">
      <id>18251</id>
      <classname>org.openmrs.ConceptDescription</classname>
      <dateChanged id="489">2019-12-02 15:35:31</dateChanged>
    </org.openmrs.module.metadatasharing.Item>
    <org.openmrs.module.metadatasharing.Item id="490" uuid="6874f03d-a0b3-49d5-9e4b-aae5e2b8c555">
      <id>142500</id>
      <classname>org.openmrs.ConceptName</classname>
      <dateChanged id="491">2019-12-02 15:35:02</dateChanged>
    </org.openmrs.module.metadatasharing.Item>
    <org.openmrs.module.metadatasharing.Item id="492" uuid="5058052f-5a89-4f52-b128-48bc0b0ecbe3">
      <id>142501</id>
      <classname>org.openmrs.ConceptName</classname>
      <dateChanged id="493">2019-12-02 15:35:02</dateChanged>
    </org.openmrs.module.metadatasharing.Item>
    <org.openmrs.module.metadatasharing.Item id="494" uuid="89ae25d0-b5f1-482d-a626-01f1fc131b20">
      <id>18249</id>
      <classname>org.openmrs.ConceptDescription</classname>
      <dateChanged id="495">2019-12-02 15:35:02</dateChanged>
    </org.openmrs.module.metadatasharing.Item>
    <org.openmrs.module.metadatasharing.Item id="496" uuid="1f5df660-7cea-42e3-813c-819be95afb47">
      <id>142514</id>
      <classname>org.openmrs.ConceptName</classname>
      <dateChanged id="497">2019-12-02 15:36:57</dateChanged>
    </org.openmrs.module.metadatasharing.Item>
    <org.openmrs.module.metadatasharing.Item id="498" uuid="eb1d9d00-0f11-4a68-b043-27a1370983a3">
      <id>142515</id>
      <classname>org.openmrs.ConceptName</classname>
      <dateChanged id="499">2019-12-02 15:36:57</dateChanged>
    </org.openmrs.module.metadatasharing.Item>
    <org.openmrs.module.metadatasharing.Item id="500" uuid="01e80dc8-cb4e-452b-83cd-76a94109ba80">
      <id>18256</id>
      <classname>org.openmrs.ConceptDescription</classname>
      <dateChanged id="501">2019-12-02 15:36:57</dateChanged>
    </org.openmrs.module.metadatasharing.Item>
    <org.openmrs.module.metadatasharing.Item id="502" uuid="8d964c9f-6315-470b-acdb-717c480bcec3">
      <id>142506</id>
      <classname>org.openmrs.ConceptName</classname>
      <dateChanged id="503">2019-12-02 15:35:44</dateChanged>
    </org.openmrs.module.metadatasharing.Item>
    <org.openmrs.module.metadatasharing.Item id="504" uuid="4d838f1c-d95e-49bd-ac27-615cb9dfb1dc">
      <id>142507</id>
      <classname>org.openmrs.ConceptName</classname>
      <dateChanged id="505">2019-12-02 15:35:44</dateChanged>
    </org.openmrs.module.metadatasharing.Item>
    <org.openmrs.module.metadatasharing.Item id="506" uuid="55143aac-51c7-431c-900d-79eb46f26831">
      <id>18252</id>
      <classname>org.openmrs.ConceptDescription</classname>
      <dateChanged id="507">2019-12-02 15:35:44</dateChanged>
    </org.openmrs.module.metadatasharing.Item>
    <org.openmrs.module.metadatasharing.Item id="508" uuid="afc53455-acf7-4241-9180-f7ee16dd4d45">
      <id>142516</id>
      <classname>org.openmrs.ConceptName</classname>
      <dateChanged id="509">2019-12-02 15:38:17</dateChanged>
    </org.openmrs.module.metadatasharing.Item>
    <org.openmrs.module.metadatasharing.Item id="510" uuid="2664bd22-6966-4ec3-8163-6311e1782d19">
      <id>142517</id>
      <classname>org.openmrs.ConceptName</classname>
      <dateChanged id="511">2019-12-02 15:38:17</dateChanged>
    </org.openmrs.module.metadatasharing.Item>
    <org.openmrs.module.metadatasharing.Item id="512" uuid="78c3edb2-98b8-44ae-a6fb-0bd0f202284e">
      <id>2611</id>
      <classname>org.openmrs.ConceptSet</classname>
      <dateChanged id="513">2019-12-02 15:38:17</dateChanged>
    </org.openmrs.module.metadatasharing.Item>
    <org.openmrs.module.metadatasharing.Item id="514" uuid="76ec224c-203e-431c-b657-2d15b8b9bb9b">
      <id>2612</id>
      <classname>org.openmrs.ConceptSet</classname>
      <dateChanged id="515">2019-12-02 15:38:17</dateChanged>
    </org.openmrs.module.metadatasharing.Item>
    <org.openmrs.module.metadatasharing.Item id="516" uuid="211038f1-a483-41e2-8da5-874b2a80767b">
      <id>2613</id>
      <classname>org.openmrs.ConceptSet</classname>
      <dateChanged id="517">2019-12-02 15:38:17</dateChanged>
    </org.openmrs.module.metadatasharing.Item>
    <org.openmrs.module.metadatasharing.Item id="518" uuid="dc4b4f0f-2a5d-4795-aed0-2534d614215e">
      <id>2614</id>
      <classname>org.openmrs.ConceptSet</classname>
      <dateChanged id="519">2019-12-02 15:38:17</dateChanged>
    </org.openmrs.module.metadatasharing.Item>
    <org.openmrs.module.metadatasharing.Item id="520" uuid="92fd5279-c9d2-4b0a-8bfe-949c62f3f472">
      <id>2615</id>
      <classname>org.openmrs.ConceptSet</classname>
      <dateChanged id="521">2019-12-02 15:38:17</dateChanged>
    </org.openmrs.module.metadatasharing.Item>
    <org.openmrs.module.metadatasharing.Item id="522" uuid="e5c16bfb-72ed-4be5-8333-4b1d296164de">
      <id>2616</id>
      <classname>org.openmrs.ConceptSet</classname>
      <dateChanged id="523">2019-12-02 15:38:17</dateChanged>
    </org.openmrs.module.metadatasharing.Item>
    <org.openmrs.module.metadatasharing.Item id="524" uuid="cd28314a-1696-4bce-89fd-9f437e5fad22">
      <id>2617</id>
      <classname>org.openmrs.ConceptSet</classname>
      <dateChanged id="525">2019-12-02 15:38:17</dateChanged>
    </org.openmrs.module.metadatasharing.Item>
    <org.openmrs.module.metadatasharing.Item id="526" uuid="4ac94ea8-b005-4f3b-a1bc-a26171a26517">
      <id>2618</id>
      <classname>org.openmrs.ConceptSet</classname>
      <dateChanged id="527">2019-12-02 15:38:17</dateChanged>
    </org.openmrs.module.metadatasharing.Item>
    <org.openmrs.module.metadatasharing.Item id="528" uuid="4b3d1068-ddf6-4494-8e1c-114d078a7f66">
      <id>2619</id>
      <classname>org.openmrs.ConceptSet</classname>
      <dateChanged id="529">2019-12-02 15:38:17</dateChanged>
    </org.openmrs.module.metadatasharing.Item>
    <org.openmrs.module.metadatasharing.Item id="530" uuid="479bf217-40d5-4fc7-aaf8-b0cc3e67a3e0">
      <id>18257</id>
      <classname>org.openmrs.ConceptDescription</classname>
      <dateChanged id="531">2019-12-02 15:38:17</dateChanged>
    </org.openmrs.module.metadatasharing.Item>
  </relatedItems>
</package>
