<?xml version="1.0" encoding="UTF-8"?>
<package id="1" uuid="300f6f7c-6dd9-48ff-be93-6664c33fa8ad">
  <dateCreated id="2">2020-03-04 09:18:30</dateCreated>
  <name>Sputum Visit Information</name>
  <description>Package containing concept data for sputum visit information</description>
  <openmrsVersion>2.1.4  Build 2cb839</openmrsVersion>
  <version>1</version>
  <groupUuid>ba73f025-dba5-4ba7-8291-648bc602f37e</groupUuid>
  <modules id="3">
    <entry>
      <string>calculation</string>
      <string>1.2</string>
    </entry>
    <entry>
      <string>legacyui</string>
      <string>1.5.0</string>
    </entry>
    <entry>
      <string>referenceapplication</string>
      <string>2.9.0</string>
    </entry>
    <entry>
      <string>attachments</string>
      <string>2.1.0</string>
    </entry>
    <entry>
      <string>metadatadeploy</string>
      <string>1.11.0</string>
    </entry>
    <entry>
      <string>fhir</string>
      <string>1.18.0</string>
    </entry>
    <entry>
      <string>appointmentscheduling</string>
      <string>1.10.0</string>
    </entry>
    <entry>
      <string>atlas</string>
      <string>2.2</string>
    </entry>
    <entry>
      <string>metadatasharing</string>
      <string>1.5.0</string>
    </entry>
    <entry>
      <string>appointmentschedulingui</string>
      <string>1.8.0-SNAPSHOT</string>
    </entry>
    <entry>
      <string>allergyui</string>
      <string>1.8.1</string>
    </entry>
    <entry>
      <string>formentryapp</string>
      <string>1.4.2</string>
    </entry>
    <entry>
      <string>chartsearch</string>
      <string>2.1.0</string>
    </entry>
    <entry>
      <string>providermanagement</string>
      <string>2.10.0</string>
    </entry>
    <entry>
      <string>visits</string>
      <string>1.0.0-SNAPSHOT</string>
    </entry>
    <entry>
      <string>htmlwidgets</string>
      <string>1.10.0</string>
    </entry>
    <entry>
      <string>dataexchange</string>
      <string>1.3.3</string>
    </entry>
    <entry>
      <string>referencedemodata</string>
      <string>1.4.4</string>
    </entry>
    <entry>
      <string>addresshierarchy</string>
      <string>2.11.0</string>
    </entry>
    <entry>
      <string>reportingrest</string>
      <string>1.10.0</string>
    </entry>
    <entry>
      <string>uiframework</string>
      <string>3.15.0</string>
    </entry>
    <entry>
      <string>reportingui</string>
      <string>1.6.0</string>
    </entry>
    <entry>
      <string>referencemetadata</string>
      <string>2.9.0</string>
    </entry>
    <entry>
      <string>event</string>
      <string>2.7.0</string>
    </entry>
    <entry>
      <string>uicommons</string>
      <string>2.6.1</string>
    </entry>
    <entry>
      <string>patientflags</string>
      <string>3.0.2-SNAPSHOT</string>
    </entry>
    <entry>
      <string>reporting</string>
      <string>1.17.0</string>
    </entry>
    <entry>
      <string>emrapi</string>
      <string>1.27.0</string>
    </entry>
    <entry>
      <string>registrationapp</string>
      <string>1.13.0</string>
    </entry>
    <entry>
      <string>callflows</string>
      <string>1.0.0-SNAPSHOT</string>
    </entry>
    <entry>
      <string>idgen</string>
      <string>4.5.0</string>
    </entry>
    <entry>
      <string>htmlformentryui</string>
      <string>1.7.0</string>
    </entry>
    <entry>
      <string>htmlformentry</string>
      <string>3.8.0</string>
    </entry>
    <entry>
      <string>cfl</string>
      <string>1.0.0-SNAPSHOT</string>
    </entry>
    <entry>
      <string>reportingcompatibility</string>
      <string>2.0.6</string>
    </entry>
    <entry>
      <string>uilibrary</string>
      <string>2.0.6</string>
    </entry>
    <entry>
      <string>locationbasedaccess</string>
      <string>0.1.1</string>
    </entry>
    <entry>
      <string>appframework</string>
      <string>2.13.0</string>
    </entry>
    <entry>
      <string>webservices.rest</string>
      <string>2.24.0.573609</string>
    </entry>
    <entry>
      <string>adminui</string>
      <string>1.2.4</string>
    </entry>
    <entry>
      <string>registrationcore</string>
      <string>1.8.0</string>
    </entry>
    <entry>
      <string>owa</string>
      <string>1.10.0</string>
    </entry>
    <entry>
      <string>messages</string>
      <string>1.0.0-SNAPSHOT</string>
    </entry>
    <entry>
      <string>metadatamapping</string>
      <string>1.3.4</string>
    </entry>
    <entry>
      <string>coreapps</string>
      <string>1.21.0</string>
    </entry>
    <entry>
      <string>appui</string>
      <string>1.9.0</string>
    </entry>
    <entry>
      <string>serialization.xstream</string>
      <string>0.2.14</string>
    </entry>
  </modules>
  <items class="linked-hash-set" id="4">
    <org.openmrs.module.metadatasharing.Item id="5" uuid="c0ef29ca-78bb-4e9b-8c13-aa030cdcef94">
      <id>165353</id>
      <classname>org.openmrs.Concept</classname>
      <dateChanged id="6">2020-03-03 14:22:02</dateChanged>
      <retired>false</retired>
    </org.openmrs.module.metadatasharing.Item>
  </items>
  <relatedItems class="linked-hash-set" id="7">
    <org.openmrs.module.metadatasharing.Item id="8" uuid="8d4a505e-c2cc-11de-8d13-0010c6dffd0f">
      <id>6</id>
      <classname>org.openmrs.ConceptDatatype</classname>
      <dateChanged id="9">2004-07-22 00:00:00</dateChanged>
      <retired>false</retired>
    </org.openmrs.module.metadatasharing.Item>
    <org.openmrs.module.metadatasharing.Item id="10" uuid="5fe51e3e-06f2-47dc-a387-931304a38dcd">
      <id>34</id>
      <classname>org.openmrs.ConceptClass</classname>
      <dateChanged id="11">2020-03-04 08:28:28</dateChanged>
      <retired>false</retired>
    </org.openmrs.module.metadatasharing.Item>
    <org.openmrs.module.metadatasharing.Item id="12" uuid="22bd82fb-e9af-46a4-a928-5ebccdc2e17b">
      <id>142439</id>
      <classname>org.openmrs.ConceptName</classname>
      <dateChanged id="13">2020-03-03 14:22:02</dateChanged>
    </org.openmrs.module.metadatasharing.Item>
    <org.openmrs.module.metadatasharing.Item id="14" uuid="a0765d01-2c0c-4b3a-9e8b-ec7ca031cae7">
      <id>18300</id>
      <classname>org.openmrs.ConceptDescription</classname>
      <dateChanged id="15">2020-03-03 14:22:02</dateChanged>
    </org.openmrs.module.metadatasharing.Item>
  </relatedItems>
</package>
