<?xml version="1.0" encoding="UTF-8"?>
<list id="1">
  <org.openmrs.Concept id="2" uuid="c0ef29ca-78bb-4e9b-8c13-aa030cdcef94">
    <conceptId>165353</conceptId>
    <retired>false</retired>
    <datatype id="3" resolves-to="org.openmrs.ConceptDatatype" uuid="8d4a505e-c2cc-11de-8d13-0010c6dffd0f">
      <name>Date</name>
      <description>Absolute date</description>
      <creator/>
      <dateCreated id="4">2004-07-22 00:00:00</dateCreated>
      <retired>false</retired>
      <retiredBy/>
      <conceptDatatypeId>6</conceptDatatypeId>
      <hl7Abbreviation>DT</hl7Abbreviation>
    </datatype>
    <conceptClass id="5" resolves-to="org.openmrs.ConceptClass" uuid="5fe51e3e-06f2-47dc-a387-931304a38dcd">
      <name>Visit Outcome Question</name>
      <description>Class representing outcome question related to visit</description>
      <creator/>
      <dateCreated id="6">2020-02-27 14:14:29</dateCreated>
      <changedBy/>
      <dateChanged id="7">2020-03-04 08:28:28</dateChanged>
      <retired>false</retired>
      <conceptClassId>34</conceptClassId>
    </conceptClass>
    <set>false</set>
    <creator/>
    <dateCreated id="8">2020-03-03 14:22:02</dateCreated>
    <changedBy/>
    <dateChanged id="9">2020-03-03 14:22:02</dateChanged>
    <names class="set" id="10">
      <org.openmrs.ConceptName id="11" uuid="22bd82fb-e9af-46a4-a928-5ebccdc2e17b">
        <conceptNameId>142439</conceptNameId>
        <concept reference="2"/>
        <name>Sputum collection date</name>
        <locale id="12">en</locale>
        <creator/>
        <dateCreated id="13">2020-03-03 14:22:02</dateCreated>
        <voided>false</voided>
        <tags class="set" id="14"/>
        <conceptNameType>FULLY_SPECIFIED</conceptNameType>
        <localePreferred>true</localePreferred>
      </org.openmrs.ConceptName>
    </names>
    <answers class="set" id="15"/>
    <conceptSets class="set" id="16"/>
    <descriptions class="set" id="17">
      <org.openmrs.ConceptDescription id="18" uuid="a0765d01-2c0c-4b3a-9e8b-ec7ca031cae7">
        <conceptDescriptionId>18300</conceptDescriptionId>
        <concept reference="2"/>
        <description>Sputum collection date</description>
        <locale id="19">en</locale>
        <creator/>
        <dateCreated id="20">2020-03-03 14:22:02</dateCreated>
      </org.openmrs.ConceptDescription>
    </descriptions>
    <conceptMappings class="set" id="21"/>
    <attributes id="22"/>
  </org.openmrs.Concept>
</list>
