<?xml version="1.0" encoding="UTF-8"?>
<list id="1">
  <org.openmrs.module.appframework.domain.UserApp id="2">
    <appId>cflui.findCaregiver</appId>
    <json>{&#xd;
    &quot;id&quot;: &quot;cflui.findCaregiver&quot;,&#xd;
    &quot;description&quot;: &quot;CFL UI&quot;,&#xd;
    &quot;order&quot;: 3,&#xd;
    &quot;extensions&quot;: [&#xd;
      {&#xd;
        &quot;id&quot;: &quot;demoapp.homepageLink&quot;,&#xd;
        &quot;extensionPointId&quot;: &quot;org.openmrs.referenceapplication.homepageLink&quot;,&#xd;
        &quot;type&quot;: &quot;link&quot;,&#xd;
        &quot;label&quot;: &quot;Find Caregiver Record&quot;,&#xd;
        &quot;url&quot;: &quot;owa/cfl-ui/index.html#/find-caregiver&quot;,&#xd;
        &quot;icon&quot;: &quot;cfl-find-caregiver&quot;,&#xd;
        &quot;requiredPrivilege&quot;: &quot;Get People&quot;&#xd;
      }&#xd;
    ],&#xd;
    &quot;config&quot;: {&#xd;
      &quot;tableColumns&quot;: &quot;patientIdentifier,display,gender,age,birthdate,phoneNumber&quot;&#xd;
    }&#xd;
  }</json>
  </org.openmrs.module.appframework.domain.UserApp>
  <org.openmrs.module.appframework.domain.UserApp id="3">
    <appId>cflui.findPatient</appId>
    <json>{&#xd;
    &quot;id&quot;: &quot;cflui.findPatient&quot;,&#xd;
    &quot;description&quot;: &quot;CFL UI&quot;,&#xd;
    &quot;order&quot;: 1,&#xd;
    &quot;extensions&quot;: [&#xd;
      {&#xd;
        &quot;id&quot;: &quot;demoapp.homepageLink&quot;,&#xd;
        &quot;extensionPointId&quot;: &quot;org.openmrs.referenceapplication.homepageLink&quot;,&#xd;
        &quot;type&quot;: &quot;link&quot;,&#xd;
        &quot;label&quot;: &quot;Find Patient Record&quot;,&#xd;
        &quot;url&quot;: &quot;owa/cfl-ui/index.html#/find-patient&quot;,&#xd;
        &quot;icon&quot;: &quot;cfl-find-patient&quot;,&#xd;
        &quot;requiredPrivilege&quot;: &quot;Get Patients&quot;&#xd;
      }&#xd;
    ],&#xd;
    &quot;config&quot;: {&#xd;
      &quot;tableColumns&quot;: &quot;patientIdentifier,display,gender,age,birthdate,phoneNumber&quot;&#xd;
    }&#xd;
  }</json>
  </org.openmrs.module.appframework.domain.UserApp>
  <org.openmrs.module.appframework.domain.UserApp id="4">
    <appId>cflui.registerPatient</appId>
    <json>{&#xd;
    &quot;id&quot;: &quot;cflui.registerPatient&quot;,&#xd;
    &quot;description&quot;: &quot;CFL UI&quot;,&#xd;
    &quot;order&quot;: 0,&#xd;
    &quot;extensions&quot;: [&#xd;
      {&#xd;
        &quot;id&quot;: &quot;demoapp.homepageLink&quot;,&#xd;
        &quot;extensionPointId&quot;: &quot;org.openmrs.referenceapplication.homepageLink&quot;,&#xd;
        &quot;type&quot;: &quot;link&quot;,&#xd;
        &quot;label&quot;: &quot;CFL Register Patient&quot;,&#xd;
        &quot;url&quot;: &quot;owa/cfl-ui/index.html#/register-patient&quot;,&#xd;
        &quot;icon&quot;: &quot;cfl-register-patient&quot;,&#xd;
        &quot;requiredPrivilege&quot;: &quot;Add Patients&quot;&#xd;
      }&#xd;
    ],&#xd;
    &quot;config&quot;: {&#xd;
      &quot;steps&quot;: [&#xd;
        {&#xd;
          &quot;label&quot;: &quot;Name&quot;,&#xd;
          &quot;title&quot;: &quot;Patient Demographics&quot;,&#xd;
          &quot;subtitle&quot;: &quot;What&apos;s the patient&apos;s name?&quot;,&#xd;
          &quot;fields&quot;: [&#xd;
            {&#xd;
              &quot;name&quot;: &quot;givenName&quot;,&#xd;
              &quot;required&quot;: true&#xd;
            },&#xd;
            {&#xd;
              &quot;name&quot;: &quot;middleName&quot;,&#xd;
              &quot;required&quot;: false&#xd;
            },&#xd;
            {&#xd;
              &quot;name&quot;: &quot;familyName&quot;,&#xd;
              &quot;required&quot;: true&#xd;
            }&#xd;
          ]&#xd;
        },&#xd;
        {&#xd;
          &quot;label&quot;: &quot;Gender&quot;,&#xd;
          &quot;title&quot;: &quot;Patient Demographics&quot;,&#xd;
          &quot;subtitle&quot;: &quot;What&apos;s the patient&apos;s gender? (Required)&quot;,&#xd;
          &quot;fields&quot;: [&#xd;
            {&#xd;
              &quot;name&quot;: &quot;gender&quot;,&#xd;
              &quot;required&quot;: true,&#xd;
              &quot;type&quot;: &quot;buttons&quot;,&#xd;
              &quot;options&quot;: [&#xd;
                {&#xd;
                  &quot;label&quot;: &quot;Male&quot;,&#xd;
                  &quot;value&quot;: &quot;M&quot;&#xd;
                },&#xd;
                {&#xd;
                  &quot;label&quot;: &quot;Female&quot;,&#xd;
                  &quot;value&quot;: &quot;F&quot;&#xd;
                }&#xd;
              ]&#xd;
            }&#xd;
          ]&#xd;
        },&#xd;
        {&#xd;
          &quot;label&quot;: &quot;Birthdate&quot;,&#xd;
          &quot;title&quot;: &quot;Patient Demographics&quot;,&#xd;
          &quot;subtitle&quot;: &quot;What&apos;s the patient&apos;s birth date? (Required)&quot;,&#xd;
          &quot;fields&quot;: [&#xd;
            {&#xd;
              &quot;name&quot;: &quot;birthdate&quot;,&#xd;
              &quot;required&quot;: true,&#xd;
              &quot;type&quot;: &quot;date&quot;&#xd;
            },&#xd;
            {&#xd;
              &quot;label&quot;: &quot;Or&quot;,&#xd;
              &quot;type&quot;: &quot;separator&quot;&#xd;
            },&#xd;
            {&#xd;
              &quot;name&quot;: &quot;birthdateYears&quot;,&#xd;
              &quot;required&quot;: false,&#xd;
              &quot;type&quot;: &quot;number&quot;&#xd;
            },&#xd;
            {&#xd;
              &quot;name&quot;: &quot;birthdateMonths&quot;,&#xd;
              &quot;required&quot;: false,&#xd;
              &quot;type&quot;: &quot;number&quot;&#xd;
            }&#xd;
          ]&#xd;
        },&#xd;
        {&#xd;
          &quot;label&quot;: &quot;Address&quot;,&#xd;
          &quot;title&quot;: &quot;Patient Demographics&quot;,&#xd;
          &quot;subtitle&quot;: &quot;What&apos;s the patient&apos;s address?&quot;,&#xd;
          &quot;columns&quot;: 2,&#xd;
          &quot;fields&quot;: [&#xd;
            {&#xd;
              &quot;name&quot;: &quot;address1&quot;,&#xd;
              &quot;required&quot;: false&#xd;
            },&#xd;
            {&#xd;
              &quot;name&quot;: &quot;address2&quot;,&#xd;
              &quot;required&quot;: false&#xd;
            },&#xd;
            {&#xd;
              &quot;name&quot;: &quot;cityVillage&quot;,&#xd;
              &quot;required&quot;: false&#xd;
            },&#xd;
            {&#xd;
              &quot;name&quot;: &quot;stateProvince&quot;,&#xd;
              &quot;required&quot;: false&#xd;
            },&#xd;
            {&#xd;
              &quot;name&quot;: &quot;country&quot;,&#xd;
              &quot;required&quot;: false&#xd;
            },&#xd;
            {&#xd;
              &quot;name&quot;: &quot;postalCode&quot;,&#xd;
              &quot;required&quot;: false&#xd;
            }&#xd;
          ]&#xd;
        },&#xd;
        {&#xd;
          &quot;label&quot;: &quot;Language&quot;,&#xd;
          &quot;title&quot;: &quot;Patient Demographics&quot;,&#xd;
          &quot;subtitle&quot;: &quot;What language does the patient prefer?&quot;,&#xd;
          &quot;fields&quot;: [&#xd;
            {&#xd;
              &quot;name&quot;: &quot;personLanguage&quot;,&#xd;
              &quot;required&quot;: false,&#xd;
              &quot;type&quot;: &quot;select&quot;,&#xd;
              &quot;options&quot;: [&quot;English&quot;, &quot;Marathi&quot;, &quot;Hindi&quot;]&#xd;
            }&#xd;
          ]&#xd;
        },&#xd;
        {&#xd;
          &quot;label&quot;: &quot;Phone Number&quot;,&#xd;
          &quot;title&quot;: &quot;Patient Demographics&quot;,&#xd;
          &quot;subtitle&quot;: &quot;What&apos;s the patient&apos;s phone number?&quot;,&#xd;
          &quot;fields&quot;: [&#xd;
            {&#xd;
              &quot;name&quot;: &quot;Telephone Number&quot;,&#xd;
              &quot;required&quot;: false,&#xd;
              &quot;type&quot;: &quot;phone&quot;&#xd;
            }&#xd;
          ]&#xd;
        },&#xd;
        {&#xd;
          &quot;label&quot;: &quot;Patient Location&quot;,&#xd;
          &quot;title&quot;: &quot;Patient Demographics&quot;,&#xd;
          &quot;subtitle&quot;: &quot;What&apos;s the patient&apos;s location?&quot;,&#xd;
          &quot;fields&quot;: [&#xd;
            {&#xd;
              &quot;name&quot;: &quot;LocationAttribute&quot;,&#xd;
              &quot;label&quot;: &quot;Patient Location&quot;,&#xd;
              &quot;required&quot;: false,&#xd;
              &quot;type&quot;: &quot;select&quot;,&#xd;
              &quot;optionSource&quot;: &quot;locations&quot;&#xd;
            }&#xd;
          ]&#xd;
        },&#xd;
        {&#xd;
          &quot;label&quot;: &quot;Aadhar Number&quot;,&#xd;
          &quot;title&quot;: &quot;Patient Demographics&quot;,&#xd;
          &quot;subtitle&quot;: &quot;What&apos;s the patient&apos;s Aadhar Number?&quot;,&#xd;
          &quot;fields&quot;: [&#xd;
            {&#xd;
              &quot;name&quot;: &quot;Aadhar Number&quot;,&#xd;
              &quot;label&quot;: &quot;AADHAR Number&quot;,&#xd;
              &quot;required&quot;: false,&#xd;
              &quot;type&quot;: &quot;number&quot;&#xd;
            }&#xd;
          ]&#xd;
        },&#xd;
        {&#xd;
          &quot;label&quot;: &quot;ART Number&quot;,&#xd;
          &quot;title&quot;: &quot;Patient Demographics&quot;,&#xd;
          &quot;subtitle&quot;: &quot;What&apos;s the patient&apos;s ART Number?&quot;,&#xd;
          &quot;fields&quot;: [&#xd;
            {&#xd;
              &quot;name&quot;: &quot;ART Number&quot;,&#xd;
              &quot;label&quot;: &quot;ART Number&quot;,&#xd;
              &quot;required&quot;: false,&#xd;
              &quot;type&quot;: &quot;number&quot;&#xd;
            }&#xd;
          ]&#xd;
        },&#xd;
        {&#xd;
          &quot;label&quot;: &quot;Relatives&quot;,&#xd;
          &quot;title&quot;: &quot;Patient Demographics&quot;,&#xd;
          &quot;subtitle&quot;: &quot;Who is the patient related to?&quot;,&#xd;
          &quot;fields&quot;: [&#xd;
            {&#xd;
              &quot;name&quot;: &quot;relatives&quot;,&#xd;
              &quot;required&quot;: false,&#xd;
              &quot;type&quot;: &quot;relatives&quot;&#xd;
            }&#xd;
          ]&#xd;
        }&#xd;
      ]&#xd;
    }&#xd;
  }</json>
  </org.openmrs.module.appframework.domain.UserApp>
  <org.openmrs.module.appframework.domain.UserApp id="5">
    <appId>cflui.registerCaregiver</appId>
    <json>{&#xd;
    &quot;id&quot;: &quot;cflui.registerCaregiver&quot;,&#xd;
    &quot;description&quot;: &quot;CFL UI&quot;,&#xd;
    &quot;order&quot;: 2,&#xd;
    &quot;extensions&quot;: [&#xd;
      {&#xd;
        &quot;id&quot;: &quot;demoapp.homepageLink&quot;,&#xd;
        &quot;extensionPointId&quot;: &quot;org.openmrs.referenceapplication.homepageLink&quot;,&#xd;
        &quot;type&quot;: &quot;link&quot;,&#xd;
        &quot;label&quot;: &quot;CFL Register Caregiver&quot;,&#xd;
        &quot;url&quot;: &quot;owa/cfl-ui/index.html#/register-caregiver&quot;,&#xd;
        &quot;icon&quot;: &quot;cfl-register-caregiver&quot;,&#xd;
        &quot;requiredPrivilege&quot;: &quot;Add People&quot;&#xd;
      }&#xd;
    ],&#xd;
    &quot;config&quot;: {&#xd;
      &quot;steps&quot;: [&#xd;
        {&#xd;
          &quot;label&quot;: &quot;Name&quot;,&#xd;
          &quot;title&quot;: &quot;Demographics&quot;,&#xd;
          &quot;subtitle&quot;: &quot;What&apos;s the caregiver&apos;s name?&quot;,&#xd;
          &quot;fields&quot;: [&#xd;
            {&#xd;
              &quot;name&quot;: &quot;givenName&quot;,&#xd;
              &quot;required&quot;: true&#xd;
            },&#xd;
            {&#xd;
              &quot;name&quot;: &quot;middleName&quot;,&#xd;
              &quot;required&quot;: false&#xd;
            },&#xd;
            {&#xd;
              &quot;name&quot;: &quot;familyName&quot;,&#xd;
              &quot;required&quot;: true&#xd;
            }&#xd;
          ]&#xd;
        },&#xd;
        {&#xd;
          &quot;label&quot;: &quot;Language&quot;,&#xd;
          &quot;title&quot;: &quot;Demographics&quot;,&#xd;
          &quot;subtitle&quot;: &quot;What language does the caregiver prefer?&quot;,&#xd;
          &quot;fields&quot;: [&#xd;
            {&#xd;
              &quot;name&quot;: &quot;personLanguage&quot;,&#xd;
              &quot;required&quot;: false,&#xd;
              &quot;type&quot;: &quot;select&quot;,&#xd;
              &quot;options&quot;: [&quot;English&quot;, &quot;Marathi&quot;, &quot;Hindi&quot;]&#xd;
            }&#xd;
          ]&#xd;
        },&#xd;
        {&#xd;
          &quot;label&quot;: &quot;Phone Number&quot;,&#xd;
          &quot;title&quot;: &quot;Demographics&quot;,&#xd;
          &quot;subtitle&quot;: &quot;What&apos;s the caregiver&apos;s phone number?&quot;,&#xd;
          &quot;fields&quot;: [&#xd;
            {&#xd;
              &quot;name&quot;: &quot;Telephone Number&quot;,&#xd;
              &quot;required&quot;: false,&#xd;
              &quot;type&quot;: &quot;phone&quot;&#xd;
            }&#xd;
          ]&#xd;
        },&#xd;
        {&#xd;
          &quot;label&quot;: &quot;Person Location&quot;,&#xd;
          &quot;title&quot;: &quot;Demographics&quot;,&#xd;
          &quot;subtitle&quot;: &quot;What&apos;s the caregiver&apos;s location?&quot;,&#xd;
          &quot;fields&quot;: [&#xd;
            {&#xd;
              &quot;name&quot;: &quot;LocationAttribute&quot;,&#xd;
              &quot;label&quot;: &quot;Person Location&quot;,&#xd;
              &quot;required&quot;: false,&#xd;
              &quot;type&quot;: &quot;select&quot;,&#xd;
              &quot;optionSource&quot;: &quot;locations&quot;&#xd;
            }&#xd;
          ]&#xd;
        },&#xd;
        {&#xd;
          &quot;label&quot;: &quot;Relatives&quot;,&#xd;
          &quot;title&quot;: &quot;Demographics&quot;,&#xd;
          &quot;subtitle&quot;: &quot;Who is the caregiver related to?&quot;,&#xd;
          &quot;fields&quot;: [&#xd;
            {&#xd;
              &quot;name&quot;: &quot;relatives&quot;,&#xd;
              &quot;required&quot;: false,&#xd;
              &quot;type&quot;: &quot;relatives&quot;&#xd;
            }&#xd;
          ]&#xd;
        }&#xd;
      ]&#xd;
    }&#xd;
  }</json>
  </org.openmrs.module.appframework.domain.UserApp>
</list>
