<?xml version="1.0" encoding="UTF-8"?>
<package id="1" uuid="6ff64c28-c380-42ea-8b00-75951fcd0910">
  <dateCreated id="2">2020-03-04 13:34:55</dateCreated>
  <name>Medicine Refill Visit</name>
  <description>The package containing concepts and form definition for Medicine Refill visits</description>
  <openmrsVersion>2.1.4  Build 2cb839</openmrsVersion>
  <version>1</version>
  <groupUuid>035f8357-25fd-404a-baee-e42d7f92eef9</groupUuid>
  <modules id="3">
    <entry>
      <string>calculation</string>
      <string>1.2</string>
    </entry>
    <entry>
      <string>legacyui</string>
      <string>1.5.0</string>
    </entry>
    <entry>
      <string>referenceapplication</string>
      <string>2.9.0</string>
    </entry>
    <entry>
      <string>appointmentscheduling</string>
      <string>1.10.0</string>
    </entry>
    <entry>
      <string>atlas</string>
      <string>2.2</string>
    </entry>
    <entry>
      <string>appointmentschedulingui</string>
      <string>1.8.0-SNAPSHOT</string>
    </entry>
    <entry>
      <string>htmlwidgets</string>
      <string>1.10.0</string>
    </entry>
    <entry>
      <string>dataexchange</string>
      <string>1.3.3</string>
    </entry>
    <entry>
      <string>referencedemodata</string>
      <string>1.4.4</string>
    </entry>
    <entry>
      <string>addresshierarchy</string>
      <string>2.11.0</string>
    </entry>
    <entry>
      <string>reportingui</string>
      <string>1.6.0</string>
    </entry>
    <entry>
      <string>referencemetadata</string>
      <string>2.9.0</string>
    </entry>
    <entry>
      <string>uicommons</string>
      <string>2.6.1</string>
    </entry>
    <entry>
      <string>patientflags</string>
      <string>3.0.2-SNAPSHOT</string>
    </entry>
    <entry>
      <string>emrapi</string>
      <string>1.27.0</string>
    </entry>
    <entry>
      <string>registrationapp</string>
      <string>1.13.0</string>
    </entry>
    <entry>
      <string>idgen</string>
      <string>4.5.0</string>
    </entry>
    <entry>
      <string>htmlformentry</string>
      <string>3.8.0</string>
    </entry>
    <entry>
      <string>etllite</string>
      <string>1.0.0-SNAPSHOT</string>
    </entry>
    <entry>
      <string>reportingcompatibility</string>
      <string>2.0.6</string>
    </entry>
    <entry>
      <string>uilibrary</string>
      <string>2.0.6</string>
    </entry>
    <entry>
      <string>locationbasedaccess</string>
      <string>0.1.1</string>
    </entry>
    <entry>
      <string>adminui</string>
      <string>1.2.4</string>
    </entry>
    <entry>
      <string>messages</string>
      <string>1.0.0-SNAPSHOT</string>
    </entry>
    <entry>
      <string>metadatamapping</string>
      <string>1.3.4</string>
    </entry>
    <entry>
      <string>coreapps</string>
      <string>1.21.0</string>
    </entry>
    <entry>
      <string>serialization.xstream</string>
      <string>0.2.14</string>
    </entry>
    <entry>
      <string>attachments</string>
      <string>2.1.0</string>
    </entry>
    <entry>
      <string>metadatadeploy</string>
      <string>1.11.0</string>
    </entry>
    <entry>
      <string>fhir</string>
      <string>1.18.0</string>
    </entry>
    <entry>
      <string>metadatasharing</string>
      <string>1.5.0</string>
    </entry>
    <entry>
      <string>allergyui</string>
      <string>1.8.1</string>
    </entry>
    <entry>
      <string>formentryapp</string>
      <string>1.4.2</string>
    </entry>
    <entry>
      <string>chartsearch</string>
      <string>2.1.0</string>
    </entry>
    <entry>
      <string>providermanagement</string>
      <string>2.10.0</string>
    </entry>
    <entry>
      <string>visits</string>
      <string>1.0.0-SNAPSHOT</string>
    </entry>
    <entry>
      <string>sms</string>
      <string>1.0.0-SNAPSHOT</string>
    </entry>
    <entry>
      <string>reportingrest</string>
      <string>1.10.0</string>
    </entry>
    <entry>
      <string>uiframework</string>
      <string>3.15.0</string>
    </entry>
    <entry>
      <string>event</string>
      <string>2.7.0</string>
    </entry>
    <entry>
      <string>reporting</string>
      <string>1.17.0</string>
    </entry>
    <entry>
      <string>callflows</string>
      <string>1.0.0-SNAPSHOT</string>
    </entry>
    <entry>
      <string>htmlformentryui</string>
      <string>1.7.0</string>
    </entry>
    <entry>
      <string>cfl</string>
      <string>1.0.0-SNAPSHOT</string>
    </entry>
    <entry>
      <string>appframework</string>
      <string>2.13.0</string>
    </entry>
    <entry>
      <string>webservices.rest</string>
      <string>2.24.0.573609</string>
    </entry>
    <entry>
      <string>registrationcore</string>
      <string>1.8.0</string>
    </entry>
    <entry>
      <string>owa</string>
      <string>1.10.0</string>
    </entry>
    <entry>
      <string>appui</string>
      <string>1.9.0</string>
    </entry>
  </modules>
  <items class="linked-hash-set" id="4">
    <org.openmrs.module.metadatasharing.Item id="5" uuid="0a303db1-e8be-4f19-bc79-ad8fad9e655d">
      <id>165358</id>
      <classname>org.openmrs.Concept</classname>
      <dateChanged id="6">2020-03-04 11:02:21</dateChanged>
      <retired>false</retired>
    </org.openmrs.module.metadatasharing.Item>
    <org.openmrs.module.metadatasharing.Item id="7" uuid="b4d3bd20-f470-45bb-b136-9b59a1d72b04">
      <id>165356</id>
      <classname>org.openmrs.Concept</classname>
      <dateChanged id="8">2020-03-04 11:02:21</dateChanged>
      <retired>false</retired>
    </org.openmrs.module.metadatasharing.Item>
    <org.openmrs.module.metadatasharing.Item id="9" uuid="fe3e977e-a904-4899-b8ea-f7d40afc196f">
      <id>165359</id>
      <classname>org.openmrs.Concept</classname>
      <dateChanged id="10">2020-03-04 11:02:22</dateChanged>
      <retired>false</retired>
    </org.openmrs.module.metadatasharing.Item>
    <org.openmrs.module.metadatasharing.Item id="11" uuid="49f1cf21-ec1e-4e54-8ff0-e410e7de6857">
      <id>165207</id>
      <classname>org.openmrs.Concept</classname>
      <dateChanged id="12">2020-03-04 11:02:22</dateChanged>
      <retired>false</retired>
    </org.openmrs.module.metadatasharing.Item>
    <org.openmrs.module.metadatasharing.Item id="13" uuid="328bd7e6-19aa-4fa5-9532-18141c5d0504">
      <id>165210</id>
      <classname>org.openmrs.Concept</classname>
      <dateChanged id="14">2020-03-04 11:02:22</dateChanged>
      <retired>false</retired>
    </org.openmrs.module.metadatasharing.Item>
    <org.openmrs.module.metadatasharing.Item id="15" uuid="fe6e67b6-7084-4cc7-8fbf-6d5987fbe3aa">
      <id>165357</id>
      <classname>org.openmrs.Concept</classname>
      <dateChanged id="16">2020-03-04 11:02:21</dateChanged>
      <retired>false</retired>
    </org.openmrs.module.metadatasharing.Item>
    <org.openmrs.module.metadatasharing.Item id="17" uuid="9819ecd1-bf3e-4258-80c7-881feb1cb638">
      <id>11</id>
      <classname>org.openmrs.Form</classname>
      <dateChanged id="18">2020-03-04 11:02:22</dateChanged>
      <retired>false</retired>
    </org.openmrs.module.metadatasharing.Item>
  </items>
  <relatedItems class="linked-hash-set" id="19">
    <org.openmrs.module.metadatasharing.Item id="20" uuid="8d4a48b6-c2cc-11de-8d13-0010c6dffd0f">
      <id>2</id>
      <classname>org.openmrs.ConceptDatatype</classname>
      <dateChanged id="21">2004-02-02 00:00:00</dateChanged>
      <retired>false</retired>
    </org.openmrs.module.metadatasharing.Item>
    <org.openmrs.module.metadatasharing.Item id="22" uuid="5fe51e3e-06f2-47dc-a387-931304a38dcd">
      <id>34</id>
      <classname>org.openmrs.ConceptClass</classname>
      <dateChanged id="23">2020-03-04 12:33:28</dateChanged>
      <retired>false</retired>
    </org.openmrs.module.metadatasharing.Item>
    <org.openmrs.module.metadatasharing.Item id="24" uuid="c07e9a48-d0e7-4103-a97c-11550c586e4d">
      <id>142448</id>
      <classname>org.openmrs.ConceptName</classname>
      <dateChanged id="25">2020-03-02 13:27:01</dateChanged>
    </org.openmrs.module.metadatasharing.Item>
    <org.openmrs.module.metadatasharing.Item id="26" uuid="ec3e0fcd-86ac-4bd0-9be2-ba87e1635131">
      <id>6622</id>
      <classname>org.openmrs.ConceptAnswer</classname>
      <dateChanged id="27">2020-03-02 13:27:01</dateChanged>
    </org.openmrs.module.metadatasharing.Item>
    <org.openmrs.module.metadatasharing.Item id="28" uuid="8d4a4c94-c2cc-11de-8d13-0010c6dffd0f">
      <id>4</id>
      <classname>org.openmrs.ConceptDatatype</classname>
      <dateChanged id="29">2004-02-02 00:00:00</dateChanged>
      <retired>false</retired>
    </org.openmrs.module.metadatasharing.Item>
    <org.openmrs.module.metadatasharing.Item id="30" uuid="8d490dfc-c2cc-11de-8d13-0010c6dffd0f">
      <id>3</id>
      <classname>org.openmrs.ConceptClass</classname>
      <dateChanged id="31">2020-03-04 11:02:22</dateChanged>
      <retired>false</retired>
    </org.openmrs.module.metadatasharing.Item>
    <org.openmrs.module.metadatasharing.Item id="32" uuid="8d3d93e9-c249-4866-ac7b-80fbb470d56b">
      <id>142152</id>
      <classname>org.openmrs.ConceptName</classname>
      <dateChanged id="33">2020-03-04 11:02:22</dateChanged>
    </org.openmrs.module.metadatasharing.Item>
    <org.openmrs.module.metadatasharing.Item id="34" uuid="cf255e6a-ba7d-4c9f-b9bd-e949b3556f7b">
      <id>142153</id>
      <classname>org.openmrs.ConceptName</classname>
      <dateChanged id="35">2020-03-04 11:02:22</dateChanged>
    </org.openmrs.module.metadatasharing.Item>
    <org.openmrs.module.metadatasharing.Item id="36" uuid="31977d36-d98d-4127-91e7-befc7ed51e4f">
      <id>6621</id>
      <classname>org.openmrs.ConceptAnswer</classname>
      <dateChanged id="37">2020-03-02 13:27:01</dateChanged>
    </org.openmrs.module.metadatasharing.Item>
    <org.openmrs.module.metadatasharing.Item id="38" uuid="782f6ab1-8c99-4405-a742-723780e859cb">
      <id>142146</id>
      <classname>org.openmrs.ConceptName</classname>
      <dateChanged id="39">2020-03-04 11:02:22</dateChanged>
    </org.openmrs.module.metadatasharing.Item>
    <org.openmrs.module.metadatasharing.Item id="40" uuid="df0e3579-34d7-439c-b45b-f676a99580be">
      <id>142147</id>
      <classname>org.openmrs.ConceptName</classname>
      <dateChanged id="41">2020-03-04 11:02:22</dateChanged>
    </org.openmrs.module.metadatasharing.Item>
    <org.openmrs.module.metadatasharing.Item id="42" uuid="f9743b25-3325-4278-8d96-beda053a1c8b">
      <id>6623</id>
      <classname>org.openmrs.ConceptAnswer</classname>
      <dateChanged id="43">2020-03-02 13:27:01</dateChanged>
    </org.openmrs.module.metadatasharing.Item>
    <org.openmrs.module.metadatasharing.Item id="44" uuid="965eb952-e85a-4367-b3aa-3a3e2103cf39">
      <id>142446</id>
      <classname>org.openmrs.ConceptName</classname>
      <dateChanged id="45">2020-03-02 13:19:13</dateChanged>
    </org.openmrs.module.metadatasharing.Item>
    <org.openmrs.module.metadatasharing.Item id="46" uuid="751ef16d-ba3c-4d38-8dad-c342cddd2500">
      <id>142447</id>
      <classname>org.openmrs.ConceptName</classname>
      <dateChanged id="47">2020-03-02 13:19:13</dateChanged>
    </org.openmrs.module.metadatasharing.Item>
    <org.openmrs.module.metadatasharing.Item id="48" uuid="a339f953-63ad-44d1-b1fa-1b9b8fe03c65">
      <id>6620</id>
      <classname>org.openmrs.ConceptAnswer</classname>
      <dateChanged id="49">2020-03-02 13:27:01</dateChanged>
    </org.openmrs.module.metadatasharing.Item>
    <org.openmrs.module.metadatasharing.Item id="50" uuid="f665be49-6808-4f16-acc3-9f681a9a7b86">
      <id>142444</id>
      <classname>org.openmrs.ConceptName</classname>
      <dateChanged id="51">2020-03-02 13:26:12</dateChanged>
    </org.openmrs.module.metadatasharing.Item>
    <org.openmrs.module.metadatasharing.Item id="52" uuid="753a436a-9378-40b6-a558-1722cbafb180">
      <id>142445</id>
      <classname>org.openmrs.ConceptName</classname>
      <dateChanged id="53">2020-03-02 13:26:12</dateChanged>
    </org.openmrs.module.metadatasharing.Item>
    <org.openmrs.module.metadatasharing.Item id="54" uuid="8d4a4ab4-c2cc-11de-8d13-0010c6dffd0f">
      <id>3</id>
      <classname>org.openmrs.ConceptDatatype</classname>
      <dateChanged id="55">2004-02-02 00:00:00</dateChanged>
      <retired>false</retired>
    </org.openmrs.module.metadatasharing.Item>
    <org.openmrs.module.metadatasharing.Item id="56" uuid="77c96e9c-99d0-4914-9148-9d8aaf72a0f7">
      <id>142449</id>
      <classname>org.openmrs.ConceptName</classname>
      <dateChanged id="57">2020-03-03 13:38:15</dateChanged>
    </org.openmrs.module.metadatasharing.Item>
    <org.openmrs.module.metadatasharing.Item id="58" uuid="d7151f82-c1f3-4152-a605-2f9ea7414a79">
      <id>3</id>
      <classname>org.openmrs.EncounterType</classname>
      <dateChanged id="59">2020-03-04 11:02:22</dateChanged>
      <retired>false</retired>
    </org.openmrs.module.metadatasharing.Item>
  </relatedItems>
</package>
