<?xml version="1.0" encoding="UTF-8"?>
<list id="1">
  <org.openmrs.Concept id="2" uuid="0a303db1-e8be-4f19-bc79-ad8fad9e655d">
    <conceptId>165358</conceptId>
    <retired>false</retired>
    <datatype id="3" resolves-to="org.openmrs.ConceptDatatype" uuid="8d4a48b6-c2cc-11de-8d13-0010c6dffd0f">
      <name>Coded</name>
      <description>Value determined by term dictionary lookup (i.e., term identifier)</description>
      <creator/>
      <dateCreated id="4">2004-02-02 00:00:00</dateCreated>
      <retired>false</retired>
      <retiredBy/>
      <conceptDatatypeId>2</conceptDatatypeId>
      <hl7Abbreviation>CWE</hl7Abbreviation>
    </datatype>
    <conceptClass id="5" resolves-to="org.openmrs.ConceptClass" uuid="5fe51e3e-06f2-47dc-a387-931304a38dcd">
      <name>Visit Outcome Question</name>
      <description>Class representing outcome question related to visit</description>
      <creator/>
      <dateCreated id="6">2020-02-27 14:14:29</dateCreated>
      <changedBy/>
      <dateChanged id="7">2020-03-03 14:35:05</dateChanged>
      <retired>false</retired>
      <conceptClassId>34</conceptClassId>
    </conceptClass>
    <set>false</set>
    <creator/>
    <dateCreated id="8">2020-03-02 13:27:01</dateCreated>
    <changedBy/>
    <dateChanged id="9">2020-03-03 12:24:16</dateChanged>
    <names class="set" id="10">
      <org.openmrs.ConceptName id="11" uuid="c07e9a48-d0e7-4103-a97c-11550c586e4d">
        <conceptNameId>142448</conceptNameId>
        <concept reference="2"/>
        <name>Medication provided to the Patient</name>
        <locale id="12">en</locale>
        <creator/>
        <dateCreated id="13">2020-03-02 13:27:01</dateCreated>
        <voided>false</voided>
        <tags class="set" id="14"/>
        <conceptNameType>FULLY_SPECIFIED</conceptNameType>
        <localePreferred>true</localePreferred>
      </org.openmrs.ConceptName>
    </names>
    <answers class="set" id="15">
      <org.openmrs.ConceptAnswer id="16" uuid="a339f953-63ad-44d1-b1fa-1b9b8fe03c65">
        <conceptAnswerId>6620</conceptAnswerId>
        <concept reference="2"/>
        <answerConcept id="17" resolves-to="org.openmrs.Concept" uuid="b4d3bd20-f470-45bb-b136-9b59a1d72b04">
          <conceptId>165356</conceptId>
          <retired>false</retired>
          <datatype id="18" resolves-to="org.openmrs.ConceptDatatype" uuid="8d4a4c94-c2cc-11de-8d13-0010c6dffd0f">
            <name>N/A</name>
            <description>Not associated with a datatype (e.g., term answers, sets)</description>
            <creator/>
            <dateCreated id="19">2004-02-02 00:00:00</dateCreated>
            <retired>false</retired>
            <retiredBy/>
            <conceptDatatypeId>4</conceptDatatypeId>
            <hl7Abbreviation>ZZ</hl7Abbreviation>
          </datatype>
          <conceptClass id="20" resolves-to="org.openmrs.ConceptClass" uuid="8d490dfc-c2cc-11de-8d13-0010c6dffd0f">
            <name>Drug</name>
            <description>Drug</description>
            <creator/>
            <dateCreated id="21">2004-02-02 00:00:00</dateCreated>
            <changedBy/>
            <dateChanged id="22">2020-03-03 12:24:16</dateChanged>
            <retired>false</retired>
            <conceptClassId>3</conceptClassId>
          </conceptClass>
          <set>false</set>
          <creator/>
          <dateCreated id="23">2020-03-02 13:26:12</dateCreated>
          <changedBy/>
          <dateChanged id="24">2020-03-03 12:24:16</dateChanged>
          <names class="set" id="25">
            <org.openmrs.ConceptName id="26" uuid="f665be49-6808-4f16-acc3-9f681a9a7b86">
              <conceptNameId>142444</conceptNameId>
              <concept reference="17"/>
              <name>Pyridoxin</name>
              <locale id="27">en</locale>
              <creator/>
              <dateCreated id="28">2020-03-02 13:26:12</dateCreated>
              <voided>false</voided>
              <tags class="set" id="29"/>
              <conceptNameType>FULLY_SPECIFIED</conceptNameType>
              <localePreferred>true</localePreferred>
            </org.openmrs.ConceptName>
            <org.openmrs.ConceptName id="30" uuid="753a436a-9378-40b6-a558-1722cbafb180">
              <conceptNameId>142445</conceptNameId>
              <concept reference="17"/>
              <name>Pyridoxin</name>
              <locale id="31">en</locale>
              <creator/>
              <dateCreated id="32">2020-03-02 13:26:12</dateCreated>
              <voided>false</voided>
              <tags class="set" id="33"/>
              <conceptNameType>SHORT</conceptNameType>
              <localePreferred>false</localePreferred>
            </org.openmrs.ConceptName>
          </names>
          <answers class="set" id="34"/>
          <conceptSets class="set" id="35"/>
          <descriptions class="set" id="36"/>
          <conceptMappings class="set" id="37"/>
          <attributes id="38"/>
        </answerConcept>
        <creator/>
        <dateCreated id="39">2020-03-02 13:27:01</dateCreated>
        <sortWeight>4.0</sortWeight>
      </org.openmrs.ConceptAnswer>
      <org.openmrs.ConceptAnswer id="40" uuid="31977d36-d98d-4127-91e7-befc7ed51e4f">
        <conceptAnswerId>6621</conceptAnswerId>
        <concept reference="2"/>
        <answerConcept id="41" resolves-to="org.openmrs.Concept" uuid="0592fac3-6ca0-4bea-9cd0-57db5c112d7e">
          <conceptId>165207</conceptId>
          <retired>false</retired>
          <datatype reference="18"/>
          <conceptClass reference="20"/>
          <set>false</set>
          <creator/>
          <dateCreated id="42">2019-10-15 20:04:04</dateCreated>
          <changedBy/>
          <dateChanged id="43">2020-03-03 12:24:16</dateChanged>
          <names class="set" id="44">
            <org.openmrs.ConceptName id="45" uuid="782f6ab1-8c99-4405-a742-723780e859cb">
              <conceptNameId>142146</conceptNameId>
              <concept reference="41"/>
              <name>Isoniazid</name>
              <locale id="46">en</locale>
              <creator/>
              <dateCreated id="47">2019-10-15 20:04:04</dateCreated>
              <voided>false</voided>
              <tags class="set" id="48"/>
              <conceptNameType>SHORT</conceptNameType>
              <localePreferred>false</localePreferred>
              <changedBy/>
              <dateChanged id="49">2020-03-03 12:24:16</dateChanged>
            </org.openmrs.ConceptName>
            <org.openmrs.ConceptName id="50" uuid="df0e3579-34d7-439c-b45b-f676a99580be">
              <conceptNameId>142147</conceptNameId>
              <concept reference="41"/>
              <name>Isoniazid</name>
              <locale id="51">en</locale>
              <creator/>
              <dateCreated id="52">2019-10-15 20:04:04</dateCreated>
              <voided>false</voided>
              <tags class="set" id="53"/>
              <conceptNameType>FULLY_SPECIFIED</conceptNameType>
              <localePreferred>true</localePreferred>
              <changedBy/>
              <dateChanged id="54">2020-03-03 12:24:16</dateChanged>
            </org.openmrs.ConceptName>
          </names>
          <answers class="set" id="55"/>
          <conceptSets class="set" id="56"/>
          <descriptions class="set" id="57"/>
          <conceptMappings class="set" id="58"/>
          <attributes id="59"/>
        </answerConcept>
        <creator/>
        <dateCreated id="60">2020-03-02 13:27:01</dateCreated>
        <sortWeight>2.0</sortWeight>
      </org.openmrs.ConceptAnswer>
      <org.openmrs.ConceptAnswer id="61" uuid="ec3e0fcd-86ac-4bd0-9be2-ba87e1635131">
        <conceptAnswerId>6622</conceptAnswerId>
        <concept reference="2"/>
        <answerConcept id="62" resolves-to="org.openmrs.Concept" uuid="b85e4318-660d-4dcb-81f1-d9a723d57cc1">
          <conceptId>165210</conceptId>
          <retired>false</retired>
          <datatype reference="18"/>
          <conceptClass reference="20"/>
          <set>false</set>
          <creator/>
          <dateCreated id="63">2019-10-15 20:04:57</dateCreated>
          <changedBy/>
          <dateChanged id="64">2020-03-03 12:24:16</dateChanged>
          <names class="set" id="65">
            <org.openmrs.ConceptName id="66" uuid="8d3d93e9-c249-4866-ac7b-80fbb470d56b">
              <conceptNameId>142152</conceptNameId>
              <concept reference="62"/>
              <name>4FDCs</name>
              <locale id="67">en</locale>
              <creator/>
              <dateCreated id="68">2019-10-15 20:04:57</dateCreated>
              <voided>false</voided>
              <tags class="set" id="69"/>
              <conceptNameType>FULLY_SPECIFIED</conceptNameType>
              <localePreferred>true</localePreferred>
              <changedBy/>
              <dateChanged id="70">2020-03-03 12:24:16</dateChanged>
            </org.openmrs.ConceptName>
            <org.openmrs.ConceptName id="71" uuid="cf255e6a-ba7d-4c9f-b9bd-e949b3556f7b">
              <conceptNameId>142153</conceptNameId>
              <concept reference="62"/>
              <name>4FDCs</name>
              <locale id="72">en</locale>
              <creator/>
              <dateCreated id="73">2019-10-15 20:04:57</dateCreated>
              <voided>false</voided>
              <tags class="set" id="74"/>
              <conceptNameType>SHORT</conceptNameType>
              <localePreferred>false</localePreferred>
              <changedBy/>
              <dateChanged id="75">2020-03-03 12:24:16</dateChanged>
            </org.openmrs.ConceptName>
          </names>
          <answers class="set" id="76"/>
          <conceptSets class="set" id="77"/>
          <descriptions class="set" id="78"/>
          <conceptMappings class="set" id="79"/>
          <attributes id="80"/>
        </answerConcept>
        <creator/>
        <dateCreated id="81">2020-03-02 13:27:01</dateCreated>
        <sortWeight>1.0</sortWeight>
      </org.openmrs.ConceptAnswer>
      <org.openmrs.ConceptAnswer id="82" uuid="f9743b25-3325-4278-8d96-beda053a1c8b">
        <conceptAnswerId>6623</conceptAnswerId>
        <concept reference="2"/>
        <answerConcept id="83" resolves-to="org.openmrs.Concept" uuid="fe6e67b6-7084-4cc7-8fbf-6d5987fbe3aa">
          <conceptId>165357</conceptId>
          <retired>false</retired>
          <datatype reference="18"/>
          <conceptClass reference="20"/>
          <set>false</set>
          <creator/>
          <dateCreated id="84">2020-03-02 13:19:13</dateCreated>
          <changedBy/>
          <dateChanged id="85">2020-03-03 12:24:16</dateChanged>
          <names class="set" id="86">
            <org.openmrs.ConceptName id="87" uuid="965eb952-e85a-4367-b3aa-3a3e2103cf39">
              <conceptNameId>142446</conceptNameId>
              <concept reference="83"/>
              <name>Rifabutin</name>
              <locale id="88">en</locale>
              <creator/>
              <dateCreated id="89">2020-03-02 13:19:13</dateCreated>
              <voided>false</voided>
              <tags class="set" id="90"/>
              <conceptNameType>SHORT</conceptNameType>
              <localePreferred>false</localePreferred>
            </org.openmrs.ConceptName>
            <org.openmrs.ConceptName id="91" uuid="751ef16d-ba3c-4d38-8dad-c342cddd2500">
              <conceptNameId>142447</conceptNameId>
              <concept reference="83"/>
              <name>Rifabutin</name>
              <locale id="92">en</locale>
              <creator/>
              <dateCreated id="93">2020-03-02 13:19:13</dateCreated>
              <voided>false</voided>
              <tags class="set" id="94"/>
              <conceptNameType>FULLY_SPECIFIED</conceptNameType>
              <localePreferred>true</localePreferred>
            </org.openmrs.ConceptName>
          </names>
          <answers class="set" id="95"/>
          <conceptSets class="set" id="96"/>
          <descriptions class="set" id="97"/>
          <conceptMappings class="set" id="98"/>
          <attributes id="99"/>
        </answerConcept>
        <creator/>
        <dateCreated id="100">2020-03-02 13:27:01</dateCreated>
        <sortWeight>3.0</sortWeight>
      </org.openmrs.ConceptAnswer>
    </answers>
    <conceptSets class="set" id="101"/>
    <descriptions class="set" id="102"/>
    <conceptMappings class="set" id="103"/>
    <attributes id="104"/>
  </org.openmrs.Concept>
  <org.openmrs.Concept reference="62"/>
  <org.openmrs.Concept reference="17"/>
  <org.openmrs.Concept id="105" uuid="fe3e977e-a904-4899-b8ea-f7d40afc196f">
    <conceptId>165359</conceptId>
    <retired>false</retired>
    <datatype id="106" resolves-to="org.openmrs.ConceptDatatype" uuid="8d4a4ab4-c2cc-11de-8d13-0010c6dffd0f">
      <name>Text</name>
      <description>Free text</description>
      <creator/>
      <dateCreated id="107">2004-02-02 00:00:00</dateCreated>
      <retired>false</retired>
      <retiredBy/>
      <conceptDatatypeId>3</conceptDatatypeId>
      <hl7Abbreviation>ST</hl7Abbreviation>
    </datatype>
    <conceptClass reference="5"/>
    <set>false</set>
    <creator/>
    <dateCreated id="108">2020-03-03 13:38:15</dateCreated>
    <changedBy/>
    <dateChanged id="109">2020-03-03 13:38:15</dateChanged>
    <names class="set" id="110">
      <org.openmrs.ConceptName id="111" uuid="77c96e9c-99d0-4914-9148-9d8aaf72a0f7">
        <conceptNameId>142449</conceptNameId>
        <concept reference="105"/>
        <name>Amount of medication provided</name>
        <locale id="112">en</locale>
        <creator/>
        <dateCreated id="113">2020-03-03 13:38:15</dateCreated>
        <voided>false</voided>
        <tags class="set" id="114"/>
        <conceptNameType>FULLY_SPECIFIED</conceptNameType>
        <localePreferred>true</localePreferred>
      </org.openmrs.ConceptName>
    </names>
    <answers class="set" id="115"/>
    <conceptSets class="set" id="116"/>
    <descriptions class="set" id="117"/>
    <conceptMappings class="set" id="118"/>
    <attributes id="119"/>
  </org.openmrs.Concept>
  <org.openmrs.Concept reference="41"/>
  <org.openmrs.Concept reference="83"/>
  <org.openmrs.Form id="120" uuid="9819ecd1-bf3e-4258-80c7-881feb1cb638">
    <name>CFL Medicine Refill Visit Note</name>
    <creator/>
    <dateCreated id="121">2020-03-03 13:52:17</dateCreated>
    <changedBy/>
    <dateChanged id="122">2020-03-03 23:01:22</dateChanged>
    <retired>false</retired>
    <formId>12</formId>
    <version>1.0</version>
    <published>false</published>
    <encounterType id="123" resolves-to="org.openmrs.EncounterType" uuid="d7151f82-c1f3-4152-a605-2f9ea7414a79">
      <name>Visit Note</name>
      <description>Encounter where a full or abbreviated examination is done, usually leading to a presumptive or confirmed diagnosis, recorded by the examining clinician.</description>
      <creator/>
      <dateCreated id="124">2013-08-02 05:16:06</dateCreated>
      <retired>false</retired>
      <encounterTypeId>3</encounterTypeId>
    </encounterType>
    <formFields id="125"/>
  </org.openmrs.Form>
</list>
