<?xml version="1.0" encoding="UTF-8"?>
<package id="1" uuid="62593f9d-6df6-4f7c-ba6f-79e8e18c1eb7">
  <dateCreated id="2">2020-03-26 17:22:35</dateCreated>
  <name>Health_Tips_Concepts</name>
  <description>The packed contains the resources required to maintain the Health Tips.</description>
  <openmrsVersion>2.1.4  Build 2cb839</openmrsVersion>
  <version>1</version>
  <groupUuid>b9c0c2b5-bc8f-4dd4-b720-4e7faa3d773b</groupUuid>
  <modules id="3">
    <entry>
      <string>calculation</string>
      <string>1.2</string>
    </entry>
    <entry>
      <string>legacyui</string>
      <string>1.5.0</string>
    </entry>
    <entry>
      <string>referenceapplication</string>
      <string>2.9.0</string>
    </entry>
    <entry>
      <string>appointmentscheduling</string>
      <string>1.10.0</string>
    </entry>
    <entry>
      <string>atlas</string>
      <string>2.2</string>
    </entry>
    <entry>
      <string>appointmentschedulingui</string>
      <string>1.8.0-SNAPSHOT</string>
    </entry>
    <entry>
      <string>htmlwidgets</string>
      <string>1.10.0</string>
    </entry>
    <entry>
      <string>dataexchange</string>
      <string>1.3.3</string>
    </entry>
    <entry>
      <string>referencedemodata</string>
      <string>1.4.4</string>
    </entry>
    <entry>
      <string>addresshierarchy</string>
      <string>2.11.0</string>
    </entry>
    <entry>
      <string>reportingui</string>
      <string>1.6.0</string>
    </entry>
    <entry>
      <string>referencemetadata</string>
      <string>2.9.0</string>
    </entry>
    <entry>
      <string>uicommons</string>
      <string>2.6.1</string>
    </entry>
    <entry>
      <string>patientflags</string>
      <string>3.0.2-SNAPSHOT</string>
    </entry>
    <entry>
      <string>emrapi</string>
      <string>1.27.0</string>
    </entry>
    <entry>
      <string>registrationapp</string>
      <string>1.13.0</string>
    </entry>
    <entry>
      <string>idgen</string>
      <string>4.5.0</string>
    </entry>
    <entry>
      <string>htmlformentry</string>
      <string>3.8.0</string>
    </entry>
    <entry>
      <string>etllite</string>
      <string>1.0.0-SNAPSHOT</string>
    </entry>
    <entry>
      <string>reportingcompatibility</string>
      <string>2.0.6</string>
    </entry>
    <entry>
      <string>uilibrary</string>
      <string>2.0.6</string>
    </entry>
    <entry>
      <string>locationbasedaccess</string>
      <string>0.1.1</string>
    </entry>
    <entry>
      <string>adminui</string>
      <string>1.2.4</string>
    </entry>
    <entry>
      <string>messages</string>
      <string>1.0.0-SNAPSHOT</string>
    </entry>
    <entry>
      <string>metadatamapping</string>
      <string>1.3.4</string>
    </entry>
    <entry>
      <string>coreapps</string>
      <string>1.21.0</string>
    </entry>
    <entry>
      <string>serialization.xstream</string>
      <string>0.2.14</string>
    </entry>
    <entry>
      <string>attachments</string>
      <string>2.1.0</string>
    </entry>
    <entry>
      <string>metadatadeploy</string>
      <string>1.11.0</string>
    </entry>
    <entry>
      <string>fhir</string>
      <string>1.18.0</string>
    </entry>
    <entry>
      <string>metadatasharing</string>
      <string>1.5.0</string>
    </entry>
    <entry>
      <string>allergyui</string>
      <string>1.8.1</string>
    </entry>
    <entry>
      <string>formentryapp</string>
      <string>1.4.2</string>
    </entry>
    <entry>
      <string>chartsearch</string>
      <string>2.1.0</string>
    </entry>
    <entry>
      <string>providermanagement</string>
      <string>2.10.0</string>
    </entry>
    <entry>
      <string>visits</string>
      <string>1.0.0-SNAPSHOT</string>
    </entry>
    <entry>
      <string>sms</string>
      <string>1.0.0-SNAPSHOT</string>
    </entry>
    <entry>
      <string>reportingrest</string>
      <string>1.10.0</string>
    </entry>
    <entry>
      <string>uiframework</string>
      <string>3.15.0</string>
    </entry>
    <entry>
      <string>event</string>
      <string>2.7.0</string>
    </entry>
    <entry>
      <string>reporting</string>
      <string>1.17.0</string>
    </entry>
    <entry>
      <string>callflows</string>
      <string>1.0.0-SNAPSHOT</string>
    </entry>
    <entry>
      <string>htmlformentryui</string>
      <string>1.7.0</string>
    </entry>
    <entry>
      <string>cfl</string>
      <string>1.0.0-SNAPSHOT</string>
    </entry>
    <entry>
      <string>appframework</string>
      <string>2.13.0</string>
    </entry>
    <entry>
      <string>webservices.rest</string>
      <string>2.24.0.573609</string>
    </entry>
    <entry>
      <string>registrationcore</string>
      <string>1.8.0</string>
    </entry>
    <entry>
      <string>owa</string>
      <string>1.10.0</string>
    </entry>
    <entry>
      <string>appui</string>
      <string>1.9.0</string>
    </entry>
  </modules>
  <items class="linked-hash-set" id="4">
    <org.openmrs.module.metadatasharing.Item id="5" uuid="31411243-b7b2-4daf-a8c5-2d1b43644dcc">
      <id>165197</id>
      <classname>org.openmrs.ConceptNumeric</classname>
      <dateChanged id="6">2020-03-26 15:57:35</dateChanged>
      <retired>false</retired>
    </org.openmrs.module.metadatasharing.Item>
    <org.openmrs.module.metadatasharing.Item id="7" uuid="e7541654-c327-4fee-8e48-f729946c7791">
      <id>165272</id>
      <classname>org.openmrs.Concept</classname>
      <dateChanged id="8">2020-03-26 16:21:15</dateChanged>
      <retired>false</retired>
    </org.openmrs.module.metadatasharing.Item>
    <org.openmrs.module.metadatasharing.Item id="9" uuid="c2251abb-73d1-49dc-bd8a-d5b217699d7a">
      <id>165202</id>
      <classname>org.openmrs.ConceptNumeric</classname>
      <dateChanged id="10">2020-03-26 15:57:35</dateChanged>
      <retired>false</retired>
    </org.openmrs.module.metadatasharing.Item>
    <org.openmrs.module.metadatasharing.Item id="11" uuid="1c4db19a-f095-4277-9c4e-be810da8ee8a">
      <id>165219</id>
      <classname>org.openmrs.ConceptNumeric</classname>
      <dateChanged id="12">2020-03-26 15:57:35</dateChanged>
      <retired>false</retired>
    </org.openmrs.module.metadatasharing.Item>
    <org.openmrs.module.metadatasharing.Item id="13" uuid="78e51af3-1134-47ad-b830-378a4e76b2f1">
      <id>165226</id>
      <classname>org.openmrs.ConceptNumeric</classname>
      <dateChanged id="14">2020-03-26 15:57:35</dateChanged>
      <retired>false</retired>
    </org.openmrs.module.metadatasharing.Item>
    <org.openmrs.module.metadatasharing.Item id="15" uuid="349f5b25-e480-4ed9-82ff-82dd958b62b6">
      <id>165216</id>
      <classname>org.openmrs.ConceptNumeric</classname>
      <dateChanged id="16">2020-03-26 15:57:35</dateChanged>
      <retired>false</retired>
    </org.openmrs.module.metadatasharing.Item>
    <org.openmrs.module.metadatasharing.Item id="17" uuid="03fea354-0876-433b-8d25-0d4526685bd2">
      <id>165188</id>
      <classname>org.openmrs.ConceptNumeric</classname>
      <dateChanged id="18">2020-03-26 15:57:35</dateChanged>
      <retired>false</retired>
    </org.openmrs.module.metadatasharing.Item>
    <org.openmrs.module.metadatasharing.Item id="19" uuid="68af156f-62a8-40c8-91b3-de5287d7ceef">
      <id>27</id>
      <classname>org.openmrs.ConceptClass</classname>
      <dateChanged id="20">2020-03-26 15:57:35</dateChanged>
      <retired>false</retired>
    </org.openmrs.module.metadatasharing.Item>
    <org.openmrs.module.metadatasharing.Item id="21" uuid="f24de33e-2b85-4c8a-8b70-56179f69b11f">
      <id>26</id>
      <classname>org.openmrs.ConceptClass</classname>
      <dateChanged id="22">2020-03-26 15:57:35</dateChanged>
      <retired>false</retired>
    </org.openmrs.module.metadatasharing.Item>
  </items>
  <relatedItems class="linked-hash-set" id="23">
    <org.openmrs.module.metadatasharing.Item id="24" uuid="8d4a4488-c2cc-11de-8d13-0010c6dffd0f">
      <id>1</id>
      <classname>org.openmrs.ConceptDatatype</classname>
      <dateChanged id="25">2004-02-02 00:00:00</dateChanged>
      <retired>false</retired>
    </org.openmrs.module.metadatasharing.Item>
    <org.openmrs.module.metadatasharing.Item id="26" uuid="bc07812a-8f23-450a-bba3-087696c2308d">
      <id>142149</id>
      <classname>org.openmrs.ConceptName</classname>
      <dateChanged id="27">2020-03-26 15:57:35</dateChanged>
    </org.openmrs.module.metadatasharing.Item>
    <org.openmrs.module.metadatasharing.Item id="28" uuid="e67a41d2-9724-4cef-a7e3-9480ce59654d">
      <id>142150</id>
      <classname>org.openmrs.ConceptName</classname>
      <dateChanged id="29">2020-03-26 15:57:35</dateChanged>
    </org.openmrs.module.metadatasharing.Item>
    <org.openmrs.module.metadatasharing.Item id="30" uuid="2d4545b8-596e-4cd0-8645-9d500e971e0c">
      <id>2546</id>
      <classname>org.openmrs.ConceptSet</classname>
      <dateChanged id="31">2019-12-02 15:34:32</dateChanged>
    </org.openmrs.module.metadatasharing.Item>
    <org.openmrs.module.metadatasharing.Item id="32" uuid="a73044e9-e66d-4955-a1d8-b49dbc583757">
      <id>165193</id>
      <classname>org.openmrs.ConceptNumeric</classname>
      <dateChanged id="33">2020-03-26 15:57:35</dateChanged>
      <retired>false</retired>
    </org.openmrs.module.metadatasharing.Item>
    <org.openmrs.module.metadatasharing.Item id="34" uuid="fec81769-54d4-4b6b-bc9d-753c67f038e4">
      <id>142141</id>
      <classname>org.openmrs.ConceptName</classname>
      <dateChanged id="35">2020-03-26 15:57:35</dateChanged>
    </org.openmrs.module.metadatasharing.Item>
    <org.openmrs.module.metadatasharing.Item id="36" uuid="209da1e8-6da3-420a-83c8-a2d801bc62be">
      <id>142142</id>
      <classname>org.openmrs.ConceptName</classname>
      <dateChanged id="37">2020-03-26 15:57:35</dateChanged>
    </org.openmrs.module.metadatasharing.Item>
    <org.openmrs.module.metadatasharing.Item id="38" uuid="12a2971a-ebe9-40a7-bf60-7356388003a2">
      <id>18181</id>
      <classname>org.openmrs.ConceptDescription</classname>
      <dateChanged id="39">2020-03-26 15:57:35</dateChanged>
    </org.openmrs.module.metadatasharing.Item>
    <org.openmrs.module.metadatasharing.Item id="40" uuid="20720ffc-e041-4efc-b6ca-60af5a6b60cf">
      <id>2550</id>
      <classname>org.openmrs.ConceptSet</classname>
      <dateChanged id="41">2019-12-02 15:34:32</dateChanged>
    </org.openmrs.module.metadatasharing.Item>
    <org.openmrs.module.metadatasharing.Item id="42" uuid="63ecf3a9-e9fd-4547-85e7-4afa4c616da4">
      <id>165183</id>
      <classname>org.openmrs.ConceptNumeric</classname>
      <dateChanged id="43">2020-03-26 15:57:35</dateChanged>
      <retired>false</retired>
    </org.openmrs.module.metadatasharing.Item>
    <org.openmrs.module.metadatasharing.Item id="44" uuid="883e5768-3329-4c9b-93d6-c7c02efac267">
      <id>142121</id>
      <classname>org.openmrs.ConceptName</classname>
      <dateChanged id="45">2020-03-26 15:57:35</dateChanged>
    </org.openmrs.module.metadatasharing.Item>
    <org.openmrs.module.metadatasharing.Item id="46" uuid="bff77d29-da3c-4a2c-89f6-4f3463e941cc">
      <id>142122</id>
      <classname>org.openmrs.ConceptName</classname>
      <dateChanged id="47">2020-03-26 15:57:35</dateChanged>
    </org.openmrs.module.metadatasharing.Item>
    <org.openmrs.module.metadatasharing.Item id="48" uuid="d756740e-4eab-449f-a51f-e21cebbebc4f">
      <id>18171</id>
      <classname>org.openmrs.ConceptDescription</classname>
      <dateChanged id="49">2020-03-26 15:57:35</dateChanged>
    </org.openmrs.module.metadatasharing.Item>
    <org.openmrs.module.metadatasharing.Item id="50" uuid="06baf819-b49a-40fe-a6a6-0c4b2fae3d42">
      <id>2547</id>
      <classname>org.openmrs.ConceptSet</classname>
      <dateChanged id="51">2019-12-02 15:34:32</dateChanged>
    </org.openmrs.module.metadatasharing.Item>
    <org.openmrs.module.metadatasharing.Item id="52" uuid="da742c49-d682-41f2-af3e-cdcc3b802bc3">
      <id>165182</id>
      <classname>org.openmrs.ConceptNumeric</classname>
      <dateChanged id="53">2020-03-26 15:57:35</dateChanged>
      <retired>false</retired>
    </org.openmrs.module.metadatasharing.Item>
    <org.openmrs.module.metadatasharing.Item id="54" uuid="6281d809-5ec8-4c78-b8a2-ae27c000afd8">
      <id>142119</id>
      <classname>org.openmrs.ConceptName</classname>
      <dateChanged id="55">2020-03-26 15:57:35</dateChanged>
    </org.openmrs.module.metadatasharing.Item>
    <org.openmrs.module.metadatasharing.Item id="56" uuid="4356c4b0-38b7-4aae-9299-88b4f4f1bc50">
      <id>142120</id>
      <classname>org.openmrs.ConceptName</classname>
      <dateChanged id="57">2020-03-26 15:57:35</dateChanged>
    </org.openmrs.module.metadatasharing.Item>
    <org.openmrs.module.metadatasharing.Item id="58" uuid="49a65cd3-6c4b-4d63-8739-f3645d8d7bd5">
      <id>18170</id>
      <classname>org.openmrs.ConceptDescription</classname>
      <dateChanged id="59">2020-03-26 15:57:35</dateChanged>
    </org.openmrs.module.metadatasharing.Item>
    <org.openmrs.module.metadatasharing.Item id="60" uuid="992ed6bd-47a2-4980-9d4f-c54acd2e05c7">
      <id>2545</id>
      <classname>org.openmrs.ConceptSet</classname>
      <dateChanged id="61">2019-12-02 15:34:32</dateChanged>
    </org.openmrs.module.metadatasharing.Item>
    <org.openmrs.module.metadatasharing.Item id="62" uuid="6b5b8037-528e-45c9-9c18-a913fb523530">
      <id>165180</id>
      <classname>org.openmrs.ConceptNumeric</classname>
      <dateChanged id="63">2020-03-26 15:57:35</dateChanged>
      <retired>false</retired>
    </org.openmrs.module.metadatasharing.Item>
    <org.openmrs.module.metadatasharing.Item id="64" uuid="c32e2976-4c5b-45bc-99d0-cfb1ca23b423">
      <id>142115</id>
      <classname>org.openmrs.ConceptName</classname>
      <dateChanged id="65">2020-03-26 15:57:35</dateChanged>
    </org.openmrs.module.metadatasharing.Item>
    <org.openmrs.module.metadatasharing.Item id="66" uuid="7d09e9a7-61ca-4df4-b0aa-fe4301570606">
      <id>142116</id>
      <classname>org.openmrs.ConceptName</classname>
      <dateChanged id="67">2020-03-26 15:57:35</dateChanged>
    </org.openmrs.module.metadatasharing.Item>
    <org.openmrs.module.metadatasharing.Item id="68" uuid="ea076f9e-3779-4360-8890-55ba7335e571">
      <id>18168</id>
      <classname>org.openmrs.ConceptDescription</classname>
      <dateChanged id="69">2020-03-26 15:57:35</dateChanged>
    </org.openmrs.module.metadatasharing.Item>
    <org.openmrs.module.metadatasharing.Item id="70" uuid="598508c4-167d-4ea1-a3dd-befce89666c8">
      <id>2552</id>
      <classname>org.openmrs.ConceptSet</classname>
      <dateChanged id="71">2019-12-02 15:34:32</dateChanged>
    </org.openmrs.module.metadatasharing.Item>
    <org.openmrs.module.metadatasharing.Item id="72" uuid="4674d2db-3fe4-4ca6-b8ef-540cd8e20209">
      <id>165196</id>
      <classname>org.openmrs.ConceptNumeric</classname>
      <dateChanged id="73">2020-03-26 15:57:35</dateChanged>
      <retired>false</retired>
    </org.openmrs.module.metadatasharing.Item>
    <org.openmrs.module.metadatasharing.Item id="74" uuid="c0461057-4bf5-46b2-818e-3bcf845b2fd8">
      <id>142147</id>
      <classname>org.openmrs.ConceptName</classname>
      <dateChanged id="75">2020-03-26 15:57:35</dateChanged>
    </org.openmrs.module.metadatasharing.Item>
    <org.openmrs.module.metadatasharing.Item id="76" uuid="d49f0502-470b-4ef2-b0ea-fb72627102c4">
      <id>142148</id>
      <classname>org.openmrs.ConceptName</classname>
      <dateChanged id="77">2020-03-26 15:57:35</dateChanged>
    </org.openmrs.module.metadatasharing.Item>
    <org.openmrs.module.metadatasharing.Item id="78" uuid="5308048a-370f-4ec4-a47a-5d756b9613fd">
      <id>18184</id>
      <classname>org.openmrs.ConceptDescription</classname>
      <dateChanged id="79">2020-03-26 15:57:35</dateChanged>
    </org.openmrs.module.metadatasharing.Item>
    <org.openmrs.module.metadatasharing.Item id="80" uuid="b712a3e4-aac3-448d-bfe3-cc70c16a154f">
      <id>2549</id>
      <classname>org.openmrs.ConceptSet</classname>
      <dateChanged id="81">2019-12-02 15:34:32</dateChanged>
    </org.openmrs.module.metadatasharing.Item>
    <org.openmrs.module.metadatasharing.Item id="82" uuid="460a4e95-3b82-4040-b8e4-b10808ba77d7">
      <id>165195</id>
      <classname>org.openmrs.ConceptNumeric</classname>
      <dateChanged id="83">2020-03-26 15:57:35</dateChanged>
      <retired>false</retired>
    </org.openmrs.module.metadatasharing.Item>
    <org.openmrs.module.metadatasharing.Item id="84" uuid="48a4cd9c-c842-4037-b025-870c2a92c8fb">
      <id>142145</id>
      <classname>org.openmrs.ConceptName</classname>
      <dateChanged id="85">2020-03-26 15:57:35</dateChanged>
    </org.openmrs.module.metadatasharing.Item>
    <org.openmrs.module.metadatasharing.Item id="86" uuid="643bb5e8-14e1-48d8-923e-a6bb07a158c8">
      <id>142146</id>
      <classname>org.openmrs.ConceptName</classname>
      <dateChanged id="87">2020-03-26 15:57:35</dateChanged>
    </org.openmrs.module.metadatasharing.Item>
    <org.openmrs.module.metadatasharing.Item id="88" uuid="c9953625-3c9f-4745-92c3-5326a885bea4">
      <id>18183</id>
      <classname>org.openmrs.ConceptDescription</classname>
      <dateChanged id="89">2020-03-26 15:57:35</dateChanged>
    </org.openmrs.module.metadatasharing.Item>
    <org.openmrs.module.metadatasharing.Item id="90" uuid="bc67e8cb-4dfb-4030-b076-9fc37e9eed7c">
      <id>2551</id>
      <classname>org.openmrs.ConceptSet</classname>
      <dateChanged id="91">2019-12-02 15:34:32</dateChanged>
    </org.openmrs.module.metadatasharing.Item>
    <org.openmrs.module.metadatasharing.Item id="92" uuid="76064f46-cfc4-4d17-b6f9-b4f4c76084bc">
      <id>165179</id>
      <classname>org.openmrs.ConceptNumeric</classname>
      <dateChanged id="93">2020-03-26 15:57:35</dateChanged>
      <retired>false</retired>
    </org.openmrs.module.metadatasharing.Item>
    <org.openmrs.module.metadatasharing.Item id="94" uuid="f95831f7-6f73-483f-bb0e-df28b3d093c4">
      <id>142113</id>
      <classname>org.openmrs.ConceptName</classname>
      <dateChanged id="95">2020-03-26 15:57:35</dateChanged>
    </org.openmrs.module.metadatasharing.Item>
    <org.openmrs.module.metadatasharing.Item id="96" uuid="83fb7d54-0ef0-45e6-afa8-0d5bf1d02fb7">
      <id>142114</id>
      <classname>org.openmrs.ConceptName</classname>
      <dateChanged id="97">2020-03-26 15:57:35</dateChanged>
    </org.openmrs.module.metadatasharing.Item>
    <org.openmrs.module.metadatasharing.Item id="98" uuid="ede92c78-1f06-4522-9860-8197fb190b2a">
      <id>18167</id>
      <classname>org.openmrs.ConceptDescription</classname>
      <dateChanged id="99">2020-03-26 15:57:35</dateChanged>
    </org.openmrs.module.metadatasharing.Item>
    <org.openmrs.module.metadatasharing.Item id="100" uuid="4d6c5740-027e-4511-8813-a896fe715e51">
      <id>2548</id>
      <classname>org.openmrs.ConceptSet</classname>
      <dateChanged id="101">2019-12-02 15:34:32</dateChanged>
    </org.openmrs.module.metadatasharing.Item>
    <org.openmrs.module.metadatasharing.Item id="102" uuid="8d5f33a7-ff80-4f30-a756-e4bdc994e274">
      <id>165194</id>
      <classname>org.openmrs.ConceptNumeric</classname>
      <dateChanged id="103">2020-03-26 15:57:35</dateChanged>
      <retired>false</retired>
    </org.openmrs.module.metadatasharing.Item>
    <org.openmrs.module.metadatasharing.Item id="104" uuid="7d1433b6-97d4-4305-9141-21a2aadcf928">
      <id>142143</id>
      <classname>org.openmrs.ConceptName</classname>
      <dateChanged id="105">2020-03-26 15:57:35</dateChanged>
    </org.openmrs.module.metadatasharing.Item>
    <org.openmrs.module.metadatasharing.Item id="106" uuid="986b25e7-7c52-4f69-a749-23a10d45e9e6">
      <id>142144</id>
      <classname>org.openmrs.ConceptName</classname>
      <dateChanged id="107">2020-03-26 15:57:35</dateChanged>
    </org.openmrs.module.metadatasharing.Item>
    <org.openmrs.module.metadatasharing.Item id="108" uuid="682b3cd2-f314-41ef-8265-46f0c6768f90">
      <id>18182</id>
      <classname>org.openmrs.ConceptDescription</classname>
      <dateChanged id="109">2020-03-26 15:57:35</dateChanged>
    </org.openmrs.module.metadatasharing.Item>
    <org.openmrs.module.metadatasharing.Item id="110" uuid="27bcd34f-d431-4ed1-b596-b94a527edaa5">
      <id>18185</id>
      <classname>org.openmrs.ConceptDescription</classname>
      <dateChanged id="111">2020-03-26 15:57:35</dateChanged>
    </org.openmrs.module.metadatasharing.Item>
    <org.openmrs.module.metadatasharing.Item id="112" uuid="8d4a48b6-c2cc-11de-8d13-0010c6dffd0f">
      <id>2</id>
      <classname>org.openmrs.ConceptDatatype</classname>
      <dateChanged id="113">2004-02-02 00:00:00</dateChanged>
      <retired>false</retired>
    </org.openmrs.module.metadatasharing.Item>
    <org.openmrs.module.metadatasharing.Item id="114" uuid="8d491e50-c2cc-11de-8d13-0010c6dffd0f">
      <id>7</id>
      <classname>org.openmrs.ConceptClass</classname>
      <dateChanged id="115">2004-03-02 00:00:00</dateChanged>
      <retired>false</retired>
    </org.openmrs.module.metadatasharing.Item>
    <org.openmrs.module.metadatasharing.Item id="116" uuid="20d50cde-fa0e-45af-a067-a430480a285e">
      <id>142282</id>
      <classname>org.openmrs.ConceptName</classname>
      <dateChanged id="117">2020-03-26 16:21:15</dateChanged>
    </org.openmrs.module.metadatasharing.Item>
    <org.openmrs.module.metadatasharing.Item id="118" uuid="727181f3-11cd-4dfb-a761-d90b21e5a542">
      <id>18248</id>
      <classname>org.openmrs.ConceptDescription</classname>
      <dateChanged id="119">2020-03-26 16:21:15</dateChanged>
    </org.openmrs.module.metadatasharing.Item>
    <org.openmrs.module.metadatasharing.Item id="120" uuid="d2124f5c-b443-4dec-b17f-ef8d1b4769c8">
      <id>142159</id>
      <classname>org.openmrs.ConceptName</classname>
      <dateChanged id="121">2020-03-26 15:57:35</dateChanged>
    </org.openmrs.module.metadatasharing.Item>
    <org.openmrs.module.metadatasharing.Item id="122" uuid="d8e662f8-1bb5-4d69-9cb2-7e1a06123f46">
      <id>142160</id>
      <classname>org.openmrs.ConceptName</classname>
      <dateChanged id="123">2020-03-26 15:57:35</dateChanged>
    </org.openmrs.module.metadatasharing.Item>
    <org.openmrs.module.metadatasharing.Item id="124" uuid="9b84e4e1-9940-4229-bdc6-32cb8f29d36b">
      <id>2555</id>
      <classname>org.openmrs.ConceptSet</classname>
      <dateChanged id="125">2019-12-02 15:19:05</dateChanged>
    </org.openmrs.module.metadatasharing.Item>
    <org.openmrs.module.metadatasharing.Item id="126" uuid="acd3c373-5027-4af6-860e-a1eb00972000">
      <id>165178</id>
      <classname>org.openmrs.ConceptNumeric</classname>
      <dateChanged id="127">2020-03-26 15:57:35</dateChanged>
      <retired>false</retired>
    </org.openmrs.module.metadatasharing.Item>
    <org.openmrs.module.metadatasharing.Item id="128" uuid="ae050d98-7483-472e-b3f9-f953f21b25b6">
      <id>142111</id>
      <classname>org.openmrs.ConceptName</classname>
      <dateChanged id="129">2020-03-26 15:57:35</dateChanged>
    </org.openmrs.module.metadatasharing.Item>
    <org.openmrs.module.metadatasharing.Item id="130" uuid="660b2574-0d2f-4b05-b6f5-a8377d2a42d6">
      <id>142112</id>
      <classname>org.openmrs.ConceptName</classname>
      <dateChanged id="131">2020-03-26 15:57:35</dateChanged>
    </org.openmrs.module.metadatasharing.Item>
    <org.openmrs.module.metadatasharing.Item id="132" uuid="7f84f412-7c79-4176-a9df-9e82dcff7802">
      <id>18166</id>
      <classname>org.openmrs.ConceptDescription</classname>
      <dateChanged id="133">2020-03-26 15:57:35</dateChanged>
    </org.openmrs.module.metadatasharing.Item>
    <org.openmrs.module.metadatasharing.Item id="134" uuid="9c5f7837-9a84-49d3-b430-d5b17f1379ca">
      <id>2554</id>
      <classname>org.openmrs.ConceptSet</classname>
      <dateChanged id="135">2019-12-02 15:19:05</dateChanged>
    </org.openmrs.module.metadatasharing.Item>
    <org.openmrs.module.metadatasharing.Item id="136" uuid="f1fb0d45-af63-40b0-84e6-fdf79c0bac76">
      <id>165199</id>
      <classname>org.openmrs.ConceptNumeric</classname>
      <dateChanged id="137">2020-03-26 15:57:35</dateChanged>
      <retired>false</retired>
    </org.openmrs.module.metadatasharing.Item>
    <org.openmrs.module.metadatasharing.Item id="138" uuid="11dade00-8d94-4a0d-bbc2-c6cf9e20b9f5">
      <id>142153</id>
      <classname>org.openmrs.ConceptName</classname>
      <dateChanged id="139">2020-03-26 15:57:35</dateChanged>
    </org.openmrs.module.metadatasharing.Item>
    <org.openmrs.module.metadatasharing.Item id="140" uuid="8a5c8108-1b1a-41c1-a00c-e7cb5b580c99">
      <id>142154</id>
      <classname>org.openmrs.ConceptName</classname>
      <dateChanged id="141">2020-03-26 15:57:35</dateChanged>
    </org.openmrs.module.metadatasharing.Item>
    <org.openmrs.module.metadatasharing.Item id="142" uuid="09efe247-51bc-470d-b361-406fed8a6a66">
      <id>18187</id>
      <classname>org.openmrs.ConceptDescription</classname>
      <dateChanged id="143">2020-03-26 15:57:35</dateChanged>
    </org.openmrs.module.metadatasharing.Item>
    <org.openmrs.module.metadatasharing.Item id="144" uuid="88dd810d-be20-4951-8f69-b1e3af864717">
      <id>2557</id>
      <classname>org.openmrs.ConceptSet</classname>
      <dateChanged id="145">2019-12-02 15:19:05</dateChanged>
    </org.openmrs.module.metadatasharing.Item>
    <org.openmrs.module.metadatasharing.Item id="146" uuid="ee093310-d122-4605-a4a1-998f1140172c">
      <id>165201</id>
      <classname>org.openmrs.ConceptNumeric</classname>
      <dateChanged id="147">2020-03-26 15:57:35</dateChanged>
      <retired>false</retired>
    </org.openmrs.module.metadatasharing.Item>
    <org.openmrs.module.metadatasharing.Item id="148" uuid="ebef7c70-0627-4cb0-bb09-7f8ca7ba3e7c">
      <id>142157</id>
      <classname>org.openmrs.ConceptName</classname>
      <dateChanged id="149">2020-03-26 15:57:35</dateChanged>
    </org.openmrs.module.metadatasharing.Item>
    <org.openmrs.module.metadatasharing.Item id="150" uuid="1c870deb-2f4a-4656-b2bb-04915967e149">
      <id>142158</id>
      <classname>org.openmrs.ConceptName</classname>
      <dateChanged id="151">2020-03-26 15:57:35</dateChanged>
    </org.openmrs.module.metadatasharing.Item>
    <org.openmrs.module.metadatasharing.Item id="152" uuid="cbe1d6d5-373a-4584-bae0-d76e70c3de98">
      <id>18189</id>
      <classname>org.openmrs.ConceptDescription</classname>
      <dateChanged id="153">2020-03-26 15:57:35</dateChanged>
    </org.openmrs.module.metadatasharing.Item>
    <org.openmrs.module.metadatasharing.Item id="154" uuid="b8df7d21-3520-452d-beca-fd5ee311515a">
      <id>2553</id>
      <classname>org.openmrs.ConceptSet</classname>
      <dateChanged id="155">2019-12-02 15:19:05</dateChanged>
    </org.openmrs.module.metadatasharing.Item>
    <org.openmrs.module.metadatasharing.Item id="156" uuid="3cf119f5-104b-44e1-813a-85f12a6762ee">
      <id>165198</id>
      <classname>org.openmrs.ConceptNumeric</classname>
      <dateChanged id="157">2020-03-26 15:57:35</dateChanged>
      <retired>false</retired>
    </org.openmrs.module.metadatasharing.Item>
    <org.openmrs.module.metadatasharing.Item id="158" uuid="c9f97819-08e3-49b4-8936-eee90c84b7da">
      <id>142151</id>
      <classname>org.openmrs.ConceptName</classname>
      <dateChanged id="159">2020-03-26 15:57:35</dateChanged>
    </org.openmrs.module.metadatasharing.Item>
    <org.openmrs.module.metadatasharing.Item id="160" uuid="71c14605-4b66-42e2-b8ea-9a3246528845">
      <id>142152</id>
      <classname>org.openmrs.ConceptName</classname>
      <dateChanged id="161">2020-03-26 15:57:35</dateChanged>
    </org.openmrs.module.metadatasharing.Item>
    <org.openmrs.module.metadatasharing.Item id="162" uuid="49242ea3-56bd-403d-9579-f64fe15c7d31">
      <id>18186</id>
      <classname>org.openmrs.ConceptDescription</classname>
      <dateChanged id="163">2020-03-26 15:57:35</dateChanged>
    </org.openmrs.module.metadatasharing.Item>
    <org.openmrs.module.metadatasharing.Item id="164" uuid="f44f0123-3612-4f30-a7ee-f56e81ad2202">
      <id>2556</id>
      <classname>org.openmrs.ConceptSet</classname>
      <dateChanged id="165">2019-12-02 15:19:05</dateChanged>
    </org.openmrs.module.metadatasharing.Item>
    <org.openmrs.module.metadatasharing.Item id="166" uuid="0ea27cef-2bfe-4e07-85c9-a1782a322601">
      <id>165200</id>
      <classname>org.openmrs.ConceptNumeric</classname>
      <dateChanged id="167">2020-03-26 15:57:35</dateChanged>
      <retired>false</retired>
    </org.openmrs.module.metadatasharing.Item>
    <org.openmrs.module.metadatasharing.Item id="168" uuid="e0829bc5-5a70-46a1-a7ad-be26555cbcb7">
      <id>142155</id>
      <classname>org.openmrs.ConceptName</classname>
      <dateChanged id="169">2020-03-26 15:57:35</dateChanged>
    </org.openmrs.module.metadatasharing.Item>
    <org.openmrs.module.metadatasharing.Item id="170" uuid="40a4d0ba-acdc-46e4-84ec-b35654cdeacf">
      <id>142156</id>
      <classname>org.openmrs.ConceptName</classname>
      <dateChanged id="171">2020-03-26 15:57:35</dateChanged>
    </org.openmrs.module.metadatasharing.Item>
    <org.openmrs.module.metadatasharing.Item id="172" uuid="9d1c9fe0-ed36-4fd5-ab49-3f91c02ec26e">
      <id>18188</id>
      <classname>org.openmrs.ConceptDescription</classname>
      <dateChanged id="173">2020-03-26 15:57:35</dateChanged>
    </org.openmrs.module.metadatasharing.Item>
    <org.openmrs.module.metadatasharing.Item id="174" uuid="e22a12e6-a0cf-4a40-8403-d003c05f56f6">
      <id>18190</id>
      <classname>org.openmrs.ConceptDescription</classname>
      <dateChanged id="175">2020-03-26 15:57:35</dateChanged>
    </org.openmrs.module.metadatasharing.Item>
    <org.openmrs.module.metadatasharing.Item id="176" uuid="2e8b3ff3-ea57-407c-a20f-b38c7bb569bc">
      <id>142193</id>
      <classname>org.openmrs.ConceptName</classname>
      <dateChanged id="177">2020-03-26 15:57:35</dateChanged>
    </org.openmrs.module.metadatasharing.Item>
    <org.openmrs.module.metadatasharing.Item id="178" uuid="c9b03007-3518-4987-a1d6-6fe7cd91b48f">
      <id>142194</id>
      <classname>org.openmrs.ConceptName</classname>
      <dateChanged id="179">2020-03-26 15:57:35</dateChanged>
    </org.openmrs.module.metadatasharing.Item>
    <org.openmrs.module.metadatasharing.Item id="180" uuid="b927731b-3cf4-4d0c-a858-820425e8f79a">
      <id>142195</id>
      <classname>org.openmrs.ConceptName</classname>
      <dateChanged id="181">2020-03-26 15:57:35</dateChanged>
    </org.openmrs.module.metadatasharing.Item>
    <org.openmrs.module.metadatasharing.Item id="182" uuid="7c5e8f12-0004-4129-810c-50568482d239">
      <id>2578</id>
      <classname>org.openmrs.ConceptSet</classname>
      <dateChanged id="183">2019-12-02 15:14:05</dateChanged>
    </org.openmrs.module.metadatasharing.Item>
    <org.openmrs.module.metadatasharing.Item id="184" uuid="a79c5973-c43f-4194-991b-2775d9d7a628">
      <id>165217</id>
      <classname>org.openmrs.ConceptNumeric</classname>
      <dateChanged id="185">2020-03-26 15:57:35</dateChanged>
      <retired>false</retired>
    </org.openmrs.module.metadatasharing.Item>
    <org.openmrs.module.metadatasharing.Item id="186" uuid="f6440ed8-d1f0-4e56-a3b5-add45b1a1ddd">
      <id>142189</id>
      <classname>org.openmrs.ConceptName</classname>
      <dateChanged id="187">2020-03-26 15:57:35</dateChanged>
    </org.openmrs.module.metadatasharing.Item>
    <org.openmrs.module.metadatasharing.Item id="188" uuid="5045c8a7-81f0-45e5-a98b-a56086474ebb">
      <id>142190</id>
      <classname>org.openmrs.ConceptName</classname>
      <dateChanged id="189">2020-03-26 15:57:35</dateChanged>
    </org.openmrs.module.metadatasharing.Item>
    <org.openmrs.module.metadatasharing.Item id="190" uuid="8e794ba3-51a7-4af9-a5a7-0f71d9f9b8c0">
      <id>18205</id>
      <classname>org.openmrs.ConceptDescription</classname>
      <dateChanged id="191">2020-03-26 15:57:35</dateChanged>
    </org.openmrs.module.metadatasharing.Item>
    <org.openmrs.module.metadatasharing.Item id="192" uuid="ceb36441-aab2-4718-bd66-018647863f88">
      <id>2576</id>
      <classname>org.openmrs.ConceptSet</classname>
      <dateChanged id="193">2019-12-02 15:14:05</dateChanged>
    </org.openmrs.module.metadatasharing.Item>
    <org.openmrs.module.metadatasharing.Item id="194" uuid="9cc14289-6211-4e16-943e-4ee8da591e2a">
      <id>165218</id>
      <classname>org.openmrs.ConceptNumeric</classname>
      <dateChanged id="195">2020-03-26 15:57:35</dateChanged>
      <retired>false</retired>
    </org.openmrs.module.metadatasharing.Item>
    <org.openmrs.module.metadatasharing.Item id="196" uuid="759b07b5-f995-47f1-bc6c-d03e58c0ad95">
      <id>142191</id>
      <classname>org.openmrs.ConceptName</classname>
      <dateChanged id="197">2020-03-26 15:57:35</dateChanged>
    </org.openmrs.module.metadatasharing.Item>
    <org.openmrs.module.metadatasharing.Item id="198" uuid="1f319d19-57fc-42b5-a8cd-fdaee000ed95">
      <id>142192</id>
      <classname>org.openmrs.ConceptName</classname>
      <dateChanged id="199">2020-03-26 15:57:35</dateChanged>
    </org.openmrs.module.metadatasharing.Item>
    <org.openmrs.module.metadatasharing.Item id="200" uuid="a6e3a7d7-447b-4e08-98ec-23f844da56c0">
      <id>18206</id>
      <classname>org.openmrs.ConceptDescription</classname>
      <dateChanged id="201">2020-03-26 15:57:35</dateChanged>
    </org.openmrs.module.metadatasharing.Item>
    <org.openmrs.module.metadatasharing.Item id="202" uuid="01527992-42c3-44b8-ae1d-93a5f200e2b0">
      <id>2575</id>
      <classname>org.openmrs.ConceptSet</classname>
      <dateChanged id="203">2019-12-02 15:14:05</dateChanged>
    </org.openmrs.module.metadatasharing.Item>
    <org.openmrs.module.metadatasharing.Item id="204" uuid="cdd4e37d-7cb2-4ae7-9be8-e17691a88963">
      <id>165191</id>
      <classname>org.openmrs.ConceptNumeric</classname>
      <dateChanged id="205">2020-03-26 15:57:35</dateChanged>
      <retired>false</retired>
    </org.openmrs.module.metadatasharing.Item>
    <org.openmrs.module.metadatasharing.Item id="206" uuid="fb6ccaf3-2ac6-4b58-a732-bce8480ea71c">
      <id>142137</id>
      <classname>org.openmrs.ConceptName</classname>
      <dateChanged id="207">2020-03-26 15:57:35</dateChanged>
    </org.openmrs.module.metadatasharing.Item>
    <org.openmrs.module.metadatasharing.Item id="208" uuid="f773ed3a-f1d2-47bb-b350-130d3f45b80f">
      <id>142138</id>
      <classname>org.openmrs.ConceptName</classname>
      <dateChanged id="209">2020-03-26 15:57:35</dateChanged>
    </org.openmrs.module.metadatasharing.Item>
    <org.openmrs.module.metadatasharing.Item id="210" uuid="95c546be-9a40-4c29-a0b3-06894ac4b230">
      <id>18179</id>
      <classname>org.openmrs.ConceptDescription</classname>
      <dateChanged id="211">2020-03-26 15:57:35</dateChanged>
    </org.openmrs.module.metadatasharing.Item>
    <org.openmrs.module.metadatasharing.Item id="212" uuid="fa213733-c741-456a-a652-940326fa5fe2">
      <id>2577</id>
      <classname>org.openmrs.ConceptSet</classname>
      <dateChanged id="213">2019-12-02 15:14:05</dateChanged>
    </org.openmrs.module.metadatasharing.Item>
    <org.openmrs.module.metadatasharing.Item id="214" uuid="9f0b59d6-8fa9-4953-b54e-2bd63c34d1cf">
      <id>165192</id>
      <classname>org.openmrs.ConceptNumeric</classname>
      <dateChanged id="215">2020-03-26 15:57:35</dateChanged>
      <retired>false</retired>
    </org.openmrs.module.metadatasharing.Item>
    <org.openmrs.module.metadatasharing.Item id="216" uuid="7f849e4c-f53b-4e39-b420-5d4ac3a1f185">
      <id>142139</id>
      <classname>org.openmrs.ConceptName</classname>
      <dateChanged id="217">2020-03-26 15:57:35</dateChanged>
    </org.openmrs.module.metadatasharing.Item>
    <org.openmrs.module.metadatasharing.Item id="218" uuid="22ddfb3c-d457-4df7-bf6f-a8b317c1c232">
      <id>142140</id>
      <classname>org.openmrs.ConceptName</classname>
      <dateChanged id="219">2020-03-26 15:57:35</dateChanged>
    </org.openmrs.module.metadatasharing.Item>
    <org.openmrs.module.metadatasharing.Item id="220" uuid="c34ab920-dbc2-499c-926b-e1f03f42eea4">
      <id>18180</id>
      <classname>org.openmrs.ConceptDescription</classname>
      <dateChanged id="221">2020-03-26 15:57:35</dateChanged>
    </org.openmrs.module.metadatasharing.Item>
    <org.openmrs.module.metadatasharing.Item id="222" uuid="c61ee768-9e96-44b5-af1e-2ef9af3f6524">
      <id>18207</id>
      <classname>org.openmrs.ConceptDescription</classname>
      <dateChanged id="223">2020-03-26 15:57:35</dateChanged>
    </org.openmrs.module.metadatasharing.Item>
    <org.openmrs.module.metadatasharing.Item id="224" uuid="afc53455-acf7-4241-9180-f7ee16dd4d45">
      <id>142208</id>
      <classname>org.openmrs.ConceptName</classname>
      <dateChanged id="225">2020-03-26 15:57:35</dateChanged>
    </org.openmrs.module.metadatasharing.Item>
    <org.openmrs.module.metadatasharing.Item id="226" uuid="2664bd22-6966-4ec3-8163-6311e1782d19">
      <id>142209</id>
      <classname>org.openmrs.ConceptName</classname>
      <dateChanged id="227">2020-03-26 15:57:35</dateChanged>
    </org.openmrs.module.metadatasharing.Item>
    <org.openmrs.module.metadatasharing.Item id="228" uuid="78c3edb2-98b8-44ae-a6fb-0bd0f202284e">
      <id>2584</id>
      <classname>org.openmrs.ConceptSet</classname>
      <dateChanged id="229">2019-12-02 15:38:17</dateChanged>
    </org.openmrs.module.metadatasharing.Item>
    <org.openmrs.module.metadatasharing.Item id="230" uuid="fc22c2ce-5825-43b1-bb81-6b3d96d2d5de">
      <id>165174</id>
      <classname>org.openmrs.ConceptNumeric</classname>
      <dateChanged id="231">2020-03-26 15:57:35</dateChanged>
      <retired>false</retired>
    </org.openmrs.module.metadatasharing.Item>
    <org.openmrs.module.metadatasharing.Item id="232" uuid="8a4a7e22-c4e9-4ab7-9c0a-31a02ee8f5ac">
      <id>142103</id>
      <classname>org.openmrs.ConceptName</classname>
      <dateChanged id="233">2020-03-26 15:57:35</dateChanged>
    </org.openmrs.module.metadatasharing.Item>
    <org.openmrs.module.metadatasharing.Item id="234" uuid="466a4d52-8663-43f2-9310-83485bb843fc">
      <id>142104</id>
      <classname>org.openmrs.ConceptName</classname>
      <dateChanged id="235">2020-03-26 15:57:35</dateChanged>
    </org.openmrs.module.metadatasharing.Item>
    <org.openmrs.module.metadatasharing.Item id="236" uuid="01084e2d-20bf-46a9-b1cc-1f69929cfb2b">
      <id>18162</id>
      <classname>org.openmrs.ConceptDescription</classname>
      <dateChanged id="237">2020-03-26 15:57:35</dateChanged>
    </org.openmrs.module.metadatasharing.Item>
    <org.openmrs.module.metadatasharing.Item id="238" uuid="76ec224c-203e-431c-b657-2d15b8b9bb9b">
      <id>2580</id>
      <classname>org.openmrs.ConceptSet</classname>
      <dateChanged id="239">2019-12-02 15:38:17</dateChanged>
    </org.openmrs.module.metadatasharing.Item>
    <org.openmrs.module.metadatasharing.Item id="240" uuid="ac7a8486-54fb-4ad3-bb43-2d2ba3554c43">
      <id>165223</id>
      <classname>org.openmrs.ConceptNumeric</classname>
      <dateChanged id="241">2020-03-26 15:57:35</dateChanged>
      <retired>false</retired>
    </org.openmrs.module.metadatasharing.Item>
    <org.openmrs.module.metadatasharing.Item id="242" uuid="6874f03d-a0b3-49d5-9e4b-aae5e2b8c555">
      <id>142202</id>
      <classname>org.openmrs.ConceptName</classname>
      <dateChanged id="243">2020-03-26 15:57:35</dateChanged>
    </org.openmrs.module.metadatasharing.Item>
    <org.openmrs.module.metadatasharing.Item id="244" uuid="5058052f-5a89-4f52-b128-48bc0b0ecbe3">
      <id>142203</id>
      <classname>org.openmrs.ConceptName</classname>
      <dateChanged id="245">2020-03-26 15:57:35</dateChanged>
    </org.openmrs.module.metadatasharing.Item>
    <org.openmrs.module.metadatasharing.Item id="246" uuid="89ae25d0-b5f1-482d-a626-01f1fc131b20">
      <id>18211</id>
      <classname>org.openmrs.ConceptDescription</classname>
      <dateChanged id="247">2020-03-26 15:57:35</dateChanged>
    </org.openmrs.module.metadatasharing.Item>
    <org.openmrs.module.metadatasharing.Item id="248" uuid="211038f1-a483-41e2-8da5-874b2a80767b">
      <id>2585</id>
      <classname>org.openmrs.ConceptSet</classname>
      <dateChanged id="249">2019-12-02 15:38:17</dateChanged>
    </org.openmrs.module.metadatasharing.Item>
    <org.openmrs.module.metadatasharing.Item id="250" uuid="353310cf-658e-4172-9a37-9f7be871d615">
      <id>165220</id>
      <classname>org.openmrs.ConceptNumeric</classname>
      <dateChanged id="251">2020-03-26 15:57:35</dateChanged>
      <retired>false</retired>
    </org.openmrs.module.metadatasharing.Item>
    <org.openmrs.module.metadatasharing.Item id="252" uuid="95604915-955e-4d03-a02c-7b05f62f2148">
      <id>142196</id>
      <classname>org.openmrs.ConceptName</classname>
      <dateChanged id="253">2020-03-26 15:57:35</dateChanged>
    </org.openmrs.module.metadatasharing.Item>
    <org.openmrs.module.metadatasharing.Item id="254" uuid="8e5f18a9-4278-4f6f-9938-f0a554668d7a">
      <id>142197</id>
      <classname>org.openmrs.ConceptName</classname>
      <dateChanged id="255">2020-03-26 15:57:35</dateChanged>
    </org.openmrs.module.metadatasharing.Item>
    <org.openmrs.module.metadatasharing.Item id="256" uuid="f4d9f7f7-6550-40f2-9e9d-e1ce1611e0c2">
      <id>18208</id>
      <classname>org.openmrs.ConceptDescription</classname>
      <dateChanged id="257">2020-03-26 15:57:35</dateChanged>
    </org.openmrs.module.metadatasharing.Item>
    <org.openmrs.module.metadatasharing.Item id="258" uuid="dc4b4f0f-2a5d-4795-aed0-2534d614215e">
      <id>2587</id>
      <classname>org.openmrs.ConceptSet</classname>
      <dateChanged id="259">2019-12-02 15:38:17</dateChanged>
    </org.openmrs.module.metadatasharing.Item>
    <org.openmrs.module.metadatasharing.Item id="260" uuid="f5f5e34e-8208-4b1a-852f-5a8ec26a6c7d">
      <id>165222</id>
      <classname>org.openmrs.ConceptNumeric</classname>
      <dateChanged id="261">2020-03-26 15:57:35</dateChanged>
      <retired>false</retired>
    </org.openmrs.module.metadatasharing.Item>
    <org.openmrs.module.metadatasharing.Item id="262" uuid="414ec131-be32-49b4-aacc-c7ba22349f61">
      <id>142200</id>
      <classname>org.openmrs.ConceptName</classname>
      <dateChanged id="263">2020-03-26 15:57:35</dateChanged>
    </org.openmrs.module.metadatasharing.Item>
    <org.openmrs.module.metadatasharing.Item id="264" uuid="aef2f0c7-7e1e-4484-a27b-0c6b89c218d6">
      <id>142201</id>
      <classname>org.openmrs.ConceptName</classname>
      <dateChanged id="265">2020-03-26 15:57:35</dateChanged>
    </org.openmrs.module.metadatasharing.Item>
    <org.openmrs.module.metadatasharing.Item id="266" uuid="44260b2b-2ef4-47ab-a774-48a70816aa85">
      <id>18210</id>
      <classname>org.openmrs.ConceptDescription</classname>
      <dateChanged id="267">2020-03-26 15:57:35</dateChanged>
    </org.openmrs.module.metadatasharing.Item>
    <org.openmrs.module.metadatasharing.Item id="268" uuid="92fd5279-c9d2-4b0a-8bfe-949c62f3f472">
      <id>2581</id>
      <classname>org.openmrs.ConceptSet</classname>
      <dateChanged id="269">2019-12-02 15:38:17</dateChanged>
    </org.openmrs.module.metadatasharing.Item>
    <org.openmrs.module.metadatasharing.Item id="270" uuid="bcb63ef4-67dd-47c4-b35b-8dc2c7f522b6">
      <id>165225</id>
      <classname>org.openmrs.ConceptNumeric</classname>
      <dateChanged id="271">2020-03-26 15:57:35</dateChanged>
      <retired>false</retired>
    </org.openmrs.module.metadatasharing.Item>
    <org.openmrs.module.metadatasharing.Item id="272" uuid="8d964c9f-6315-470b-acdb-717c480bcec3">
      <id>142206</id>
      <classname>org.openmrs.ConceptName</classname>
      <dateChanged id="273">2020-03-26 15:57:35</dateChanged>
    </org.openmrs.module.metadatasharing.Item>
    <org.openmrs.module.metadatasharing.Item id="274" uuid="4d838f1c-d95e-49bd-ac27-615cb9dfb1dc">
      <id>142207</id>
      <classname>org.openmrs.ConceptName</classname>
      <dateChanged id="275">2020-03-26 15:57:35</dateChanged>
    </org.openmrs.module.metadatasharing.Item>
    <org.openmrs.module.metadatasharing.Item id="276" uuid="55143aac-51c7-431c-900d-79eb46f26831">
      <id>18213</id>
      <classname>org.openmrs.ConceptDescription</classname>
      <dateChanged id="277">2020-03-26 15:57:35</dateChanged>
    </org.openmrs.module.metadatasharing.Item>
    <org.openmrs.module.metadatasharing.Item id="278" uuid="e5c16bfb-72ed-4be5-8333-4b1d296164de">
      <id>2586</id>
      <classname>org.openmrs.ConceptSet</classname>
      <dateChanged id="279">2019-12-02 15:38:17</dateChanged>
    </org.openmrs.module.metadatasharing.Item>
    <org.openmrs.module.metadatasharing.Item id="280" uuid="a250bb73-9865-4540-9dfc-d6d9724cd380">
      <id>165221</id>
      <classname>org.openmrs.ConceptNumeric</classname>
      <dateChanged id="281">2020-03-26 15:57:35</dateChanged>
      <retired>false</retired>
    </org.openmrs.module.metadatasharing.Item>
    <org.openmrs.module.metadatasharing.Item id="282" uuid="23ef95c9-c34c-44fd-9ae8-541d497d437f">
      <id>142198</id>
      <classname>org.openmrs.ConceptName</classname>
      <dateChanged id="283">2020-03-26 15:57:35</dateChanged>
    </org.openmrs.module.metadatasharing.Item>
    <org.openmrs.module.metadatasharing.Item id="284" uuid="0bc0d200-afc8-4ff4-b7fa-fc888f711a7d">
      <id>142199</id>
      <classname>org.openmrs.ConceptName</classname>
      <dateChanged id="285">2020-03-26 15:57:35</dateChanged>
    </org.openmrs.module.metadatasharing.Item>
    <org.openmrs.module.metadatasharing.Item id="286" uuid="3da8cf80-cfd3-47cb-b790-e00ae0de2af0">
      <id>18209</id>
      <classname>org.openmrs.ConceptDescription</classname>
      <dateChanged id="287">2020-03-26 15:57:35</dateChanged>
    </org.openmrs.module.metadatasharing.Item>
    <org.openmrs.module.metadatasharing.Item id="288" uuid="cd28314a-1696-4bce-89fd-9f437e5fad22">
      <id>2579</id>
      <classname>org.openmrs.ConceptSet</classname>
      <dateChanged id="289">2019-12-02 15:38:17</dateChanged>
    </org.openmrs.module.metadatasharing.Item>
    <org.openmrs.module.metadatasharing.Item id="290" uuid="5eae42d7-38ab-4c89-a9e4-bcfdb21e9386">
      <id>165184</id>
      <classname>org.openmrs.ConceptNumeric</classname>
      <dateChanged id="291">2020-03-26 15:57:35</dateChanged>
      <retired>false</retired>
    </org.openmrs.module.metadatasharing.Item>
    <org.openmrs.module.metadatasharing.Item id="292" uuid="93147d02-57da-4ba2-8c6e-6d624ee4ff88">
      <id>142123</id>
      <classname>org.openmrs.ConceptName</classname>
      <dateChanged id="293">2020-03-26 15:57:35</dateChanged>
    </org.openmrs.module.metadatasharing.Item>
    <org.openmrs.module.metadatasharing.Item id="294" uuid="5d294dda-b702-48fb-8764-08baeca84cc9">
      <id>142124</id>
      <classname>org.openmrs.ConceptName</classname>
      <dateChanged id="295">2020-03-26 15:57:35</dateChanged>
    </org.openmrs.module.metadatasharing.Item>
    <org.openmrs.module.metadatasharing.Item id="296" uuid="406e4def-fd16-4c2f-b326-76a59976276c">
      <id>18172</id>
      <classname>org.openmrs.ConceptDescription</classname>
      <dateChanged id="297">2020-03-26 15:57:35</dateChanged>
    </org.openmrs.module.metadatasharing.Item>
    <org.openmrs.module.metadatasharing.Item id="298" uuid="4ac94ea8-b005-4f3b-a1bc-a26171a26517">
      <id>2583</id>
      <classname>org.openmrs.ConceptSet</classname>
      <dateChanged id="299">2019-12-02 15:38:17</dateChanged>
    </org.openmrs.module.metadatasharing.Item>
    <org.openmrs.module.metadatasharing.Item id="300" uuid="b84d4bc6-21b5-4562-8ede-3aa15974ea41">
      <id>165190</id>
      <classname>org.openmrs.ConceptNumeric</classname>
      <dateChanged id="301">2020-03-26 15:57:35</dateChanged>
      <retired>false</retired>
    </org.openmrs.module.metadatasharing.Item>
    <org.openmrs.module.metadatasharing.Item id="302" uuid="682491dc-707e-4647-b86a-c871b042e2ab">
      <id>142135</id>
      <classname>org.openmrs.ConceptName</classname>
      <dateChanged id="303">2020-03-26 15:57:35</dateChanged>
    </org.openmrs.module.metadatasharing.Item>
    <org.openmrs.module.metadatasharing.Item id="304" uuid="4d38af74-bef1-4012-87b1-83169d2afb74">
      <id>142136</id>
      <classname>org.openmrs.ConceptName</classname>
      <dateChanged id="305">2020-03-26 15:57:35</dateChanged>
    </org.openmrs.module.metadatasharing.Item>
    <org.openmrs.module.metadatasharing.Item id="306" uuid="b1f76d6a-4efd-4c6e-bd2c-cea54821edb1">
      <id>18178</id>
      <classname>org.openmrs.ConceptDescription</classname>
      <dateChanged id="307">2020-03-26 15:57:35</dateChanged>
    </org.openmrs.module.metadatasharing.Item>
    <org.openmrs.module.metadatasharing.Item id="308" uuid="4b3d1068-ddf6-4494-8e1c-114d078a7f66">
      <id>2582</id>
      <classname>org.openmrs.ConceptSet</classname>
      <dateChanged id="309">2019-12-02 15:38:17</dateChanged>
    </org.openmrs.module.metadatasharing.Item>
    <org.openmrs.module.metadatasharing.Item id="310" uuid="998433e1-309a-45b1-ae9d-be20a5e99208">
      <id>165224</id>
      <classname>org.openmrs.ConceptNumeric</classname>
      <dateChanged id="311">2020-03-26 15:57:35</dateChanged>
      <retired>false</retired>
    </org.openmrs.module.metadatasharing.Item>
    <org.openmrs.module.metadatasharing.Item id="312" uuid="1f5df660-7cea-42e3-813c-819be95afb47">
      <id>142204</id>
      <classname>org.openmrs.ConceptName</classname>
      <dateChanged id="313">2020-03-26 15:57:35</dateChanged>
    </org.openmrs.module.metadatasharing.Item>
    <org.openmrs.module.metadatasharing.Item id="314" uuid="eb1d9d00-0f11-4a68-b043-27a1370983a3">
      <id>142205</id>
      <classname>org.openmrs.ConceptName</classname>
      <dateChanged id="315">2020-03-26 15:57:35</dateChanged>
    </org.openmrs.module.metadatasharing.Item>
    <org.openmrs.module.metadatasharing.Item id="316" uuid="01e80dc8-cb4e-452b-83cd-76a94109ba80">
      <id>18212</id>
      <classname>org.openmrs.ConceptDescription</classname>
      <dateChanged id="317">2020-03-26 15:57:35</dateChanged>
    </org.openmrs.module.metadatasharing.Item>
    <org.openmrs.module.metadatasharing.Item id="318" uuid="479bf217-40d5-4fc7-aaf8-b0cc3e67a3e0">
      <id>18214</id>
      <classname>org.openmrs.ConceptDescription</classname>
      <dateChanged id="319">2020-03-26 15:57:35</dateChanged>
    </org.openmrs.module.metadatasharing.Item>
    <org.openmrs.module.metadatasharing.Item id="320" uuid="1c0d7862-938b-4cc9-a331-1ffa8c145e2e">
      <id>142187</id>
      <classname>org.openmrs.ConceptName</classname>
      <dateChanged id="321">2020-03-26 15:57:35</dateChanged>
    </org.openmrs.module.metadatasharing.Item>
    <org.openmrs.module.metadatasharing.Item id="322" uuid="2915d0aa-e47b-4bda-9751-ab28dc33a0e2">
      <id>142188</id>
      <classname>org.openmrs.ConceptName</classname>
      <dateChanged id="323">2020-03-26 15:57:35</dateChanged>
    </org.openmrs.module.metadatasharing.Item>
    <org.openmrs.module.metadatasharing.Item id="324" uuid="36f8548c-95f3-4795-8428-8ab94394cdd4">
      <id>2561</id>
      <classname>org.openmrs.ConceptSet</classname>
      <dateChanged id="325">2019-12-02 15:30:26</dateChanged>
    </org.openmrs.module.metadatasharing.Item>
    <org.openmrs.module.metadatasharing.Item id="326" uuid="e6c0d045-83a2-45eb-96a8-593af7bec64e">
      <id>165207</id>
      <classname>org.openmrs.ConceptNumeric</classname>
      <dateChanged id="327">2020-03-26 15:57:35</dateChanged>
      <retired>false</retired>
    </org.openmrs.module.metadatasharing.Item>
    <org.openmrs.module.metadatasharing.Item id="328" uuid="92252c97-7573-4f41-bd5e-f769d5c47504">
      <id>142169</id>
      <classname>org.openmrs.ConceptName</classname>
      <dateChanged id="329">2020-03-26 15:57:35</dateChanged>
    </org.openmrs.module.metadatasharing.Item>
    <org.openmrs.module.metadatasharing.Item id="330" uuid="cd862a4a-d2e5-4704-bc7e-a69dbfd05bf9">
      <id>142170</id>
      <classname>org.openmrs.ConceptName</classname>
      <dateChanged id="331">2020-03-26 15:57:35</dateChanged>
    </org.openmrs.module.metadatasharing.Item>
    <org.openmrs.module.metadatasharing.Item id="332" uuid="55f12bac-00a6-4684-bfd4-2deaa8fb6b09">
      <id>18195</id>
      <classname>org.openmrs.ConceptDescription</classname>
      <dateChanged id="333">2020-03-26 15:57:35</dateChanged>
    </org.openmrs.module.metadatasharing.Item>
    <org.openmrs.module.metadatasharing.Item id="334" uuid="8ecf97a0-e4c3-4681-8494-9770acc97e7c">
      <id>2573</id>
      <classname>org.openmrs.ConceptSet</classname>
      <dateChanged id="335">2019-12-02 15:30:26</dateChanged>
    </org.openmrs.module.metadatasharing.Item>
    <org.openmrs.module.metadatasharing.Item id="336" uuid="f99e7903-edd3-4133-a9a2-9e33aaf02fe5">
      <id>165215</id>
      <classname>org.openmrs.ConceptNumeric</classname>
      <dateChanged id="337">2020-03-26 15:57:35</dateChanged>
      <retired>false</retired>
    </org.openmrs.module.metadatasharing.Item>
    <org.openmrs.module.metadatasharing.Item id="338" uuid="42cf40e7-f3db-4d74-bb5c-3b625fab95a4">
      <id>142185</id>
      <classname>org.openmrs.ConceptName</classname>
      <dateChanged id="339">2020-03-26 15:57:35</dateChanged>
    </org.openmrs.module.metadatasharing.Item>
    <org.openmrs.module.metadatasharing.Item id="340" uuid="1d181bdc-2869-4aa9-9506-f1bda3abebff">
      <id>142186</id>
      <classname>org.openmrs.ConceptName</classname>
      <dateChanged id="341">2020-03-26 15:57:35</dateChanged>
    </org.openmrs.module.metadatasharing.Item>
    <org.openmrs.module.metadatasharing.Item id="342" uuid="fe0c701d-250a-4ddd-ae58-eda2b9a6c29c">
      <id>18203</id>
      <classname>org.openmrs.ConceptDescription</classname>
      <dateChanged id="343">2020-03-26 15:57:35</dateChanged>
    </org.openmrs.module.metadatasharing.Item>
    <org.openmrs.module.metadatasharing.Item id="344" uuid="f66bdf2e-98d8-4002-911d-d8887b7b6c2c">
      <id>2570</id>
      <classname>org.openmrs.ConceptSet</classname>
      <dateChanged id="345">2019-12-02 15:30:26</dateChanged>
    </org.openmrs.module.metadatasharing.Item>
    <org.openmrs.module.metadatasharing.Item id="346" uuid="a488e174-fcaa-45eb-98eb-653b4f0a4d46">
      <id>165214</id>
      <classname>org.openmrs.ConceptNumeric</classname>
      <dateChanged id="347">2020-03-26 15:57:35</dateChanged>
      <retired>false</retired>
    </org.openmrs.module.metadatasharing.Item>
    <org.openmrs.module.metadatasharing.Item id="348" uuid="2e698a38-1958-411f-8c9b-3389c1185df6">
      <id>142183</id>
      <classname>org.openmrs.ConceptName</classname>
      <dateChanged id="349">2020-03-26 15:57:35</dateChanged>
    </org.openmrs.module.metadatasharing.Item>
    <org.openmrs.module.metadatasharing.Item id="350" uuid="a479b187-7431-4a8d-8298-ca870efe003e">
      <id>142184</id>
      <classname>org.openmrs.ConceptName</classname>
      <dateChanged id="351">2020-03-26 15:57:35</dateChanged>
    </org.openmrs.module.metadatasharing.Item>
    <org.openmrs.module.metadatasharing.Item id="352" uuid="fecc5b9b-08b0-44de-99a9-1a6e9d65c094">
      <id>18202</id>
      <classname>org.openmrs.ConceptDescription</classname>
      <dateChanged id="353">2020-03-26 15:57:35</dateChanged>
    </org.openmrs.module.metadatasharing.Item>
    <org.openmrs.module.metadatasharing.Item id="354" uuid="13068283-5174-42f7-9c43-6cceb709846c">
      <id>2563</id>
      <classname>org.openmrs.ConceptSet</classname>
      <dateChanged id="355">2019-12-02 15:30:26</dateChanged>
    </org.openmrs.module.metadatasharing.Item>
    <org.openmrs.module.metadatasharing.Item id="356" uuid="636cf48e-2765-4207-8cde-8ff0cd348f6f">
      <id>165209</id>
      <classname>org.openmrs.ConceptNumeric</classname>
      <dateChanged id="357">2020-03-26 15:57:35</dateChanged>
      <retired>false</retired>
    </org.openmrs.module.metadatasharing.Item>
    <org.openmrs.module.metadatasharing.Item id="358" uuid="2cf4ee04-4393-4b21-af82-8eebb8e15532">
      <id>142173</id>
      <classname>org.openmrs.ConceptName</classname>
      <dateChanged id="359">2020-03-26 15:57:35</dateChanged>
    </org.openmrs.module.metadatasharing.Item>
    <org.openmrs.module.metadatasharing.Item id="360" uuid="dc0db1ed-cdeb-42db-8d1e-0fd2ee2d20b7">
      <id>142174</id>
      <classname>org.openmrs.ConceptName</classname>
      <dateChanged id="361">2020-03-26 15:57:35</dateChanged>
    </org.openmrs.module.metadatasharing.Item>
    <org.openmrs.module.metadatasharing.Item id="362" uuid="a293f345-c561-4f15-b3da-4ffa99b2a622">
      <id>18197</id>
      <classname>org.openmrs.ConceptDescription</classname>
      <dateChanged id="363">2020-03-26 15:57:35</dateChanged>
    </org.openmrs.module.metadatasharing.Item>
    <org.openmrs.module.metadatasharing.Item id="364" uuid="5e866c6f-9a12-4431-8246-33fb7f8c33bc">
      <id>2568</id>
      <classname>org.openmrs.ConceptSet</classname>
      <dateChanged id="365">2019-12-02 15:30:26</dateChanged>
    </org.openmrs.module.metadatasharing.Item>
    <org.openmrs.module.metadatasharing.Item id="366" uuid="c6e7d443-1000-4524-9b07-37b875975e47">
      <id>165212</id>
      <classname>org.openmrs.ConceptNumeric</classname>
      <dateChanged id="367">2020-03-26 15:57:35</dateChanged>
      <retired>false</retired>
    </org.openmrs.module.metadatasharing.Item>
    <org.openmrs.module.metadatasharing.Item id="368" uuid="314db6e4-27b5-4257-a494-da4125ec051d">
      <id>142179</id>
      <classname>org.openmrs.ConceptName</classname>
      <dateChanged id="369">2020-03-26 15:57:35</dateChanged>
    </org.openmrs.module.metadatasharing.Item>
    <org.openmrs.module.metadatasharing.Item id="370" uuid="55dcea4f-8c68-40b9-97a7-dc630ad18d41">
      <id>142180</id>
      <classname>org.openmrs.ConceptName</classname>
      <dateChanged id="371">2020-03-26 15:57:35</dateChanged>
    </org.openmrs.module.metadatasharing.Item>
    <org.openmrs.module.metadatasharing.Item id="372" uuid="ee1f76fc-2df3-4962-902d-14cb5fe68f15">
      <id>18200</id>
      <classname>org.openmrs.ConceptDescription</classname>
      <dateChanged id="373">2020-03-26 15:57:35</dateChanged>
    </org.openmrs.module.metadatasharing.Item>
    <org.openmrs.module.metadatasharing.Item id="374" uuid="cdc5f3f3-e7ff-4cbd-b8c5-a2e3a60e8420">
      <id>2565</id>
      <classname>org.openmrs.ConceptSet</classname>
      <dateChanged id="375">2019-12-02 15:30:26</dateChanged>
    </org.openmrs.module.metadatasharing.Item>
    <org.openmrs.module.metadatasharing.Item id="376" uuid="2924b5b9-3886-4231-ac84-ba9d45570357">
      <id>165175</id>
      <classname>org.openmrs.ConceptNumeric</classname>
      <dateChanged id="377">2020-03-26 15:57:35</dateChanged>
      <retired>false</retired>
    </org.openmrs.module.metadatasharing.Item>
    <org.openmrs.module.metadatasharing.Item id="378" uuid="d7c16538-0cb9-42a0-972f-f8725d64524f">
      <id>142105</id>
      <classname>org.openmrs.ConceptName</classname>
      <dateChanged id="379">2020-03-26 15:57:35</dateChanged>
    </org.openmrs.module.metadatasharing.Item>
    <org.openmrs.module.metadatasharing.Item id="380" uuid="7b3bc5e0-4c47-4954-9e2b-0c443b8656d5">
      <id>142106</id>
      <classname>org.openmrs.ConceptName</classname>
      <dateChanged id="381">2020-03-26 15:57:35</dateChanged>
    </org.openmrs.module.metadatasharing.Item>
    <org.openmrs.module.metadatasharing.Item id="382" uuid="413deb92-f094-4256-9769-028ed053d9f1">
      <id>18163</id>
      <classname>org.openmrs.ConceptDescription</classname>
      <dateChanged id="383">2020-03-26 15:57:35</dateChanged>
    </org.openmrs.module.metadatasharing.Item>
    <org.openmrs.module.metadatasharing.Item id="384" uuid="e27cc3bb-e6af-44b5-b0e6-c31c40db5e53">
      <id>2567</id>
      <classname>org.openmrs.ConceptSet</classname>
      <dateChanged id="385">2019-12-02 15:30:26</dateChanged>
    </org.openmrs.module.metadatasharing.Item>
    <org.openmrs.module.metadatasharing.Item id="386" uuid="08270446-7473-4552-85f4-b66fff0f85fd">
      <id>165203</id>
      <classname>org.openmrs.ConceptNumeric</classname>
      <dateChanged id="387">2020-03-26 15:57:35</dateChanged>
      <retired>false</retired>
    </org.openmrs.module.metadatasharing.Item>
    <org.openmrs.module.metadatasharing.Item id="388" uuid="040d4efc-85cb-446c-ac81-93217e456c01">
      <id>142161</id>
      <classname>org.openmrs.ConceptName</classname>
      <dateChanged id="389">2020-03-26 15:57:35</dateChanged>
    </org.openmrs.module.metadatasharing.Item>
    <org.openmrs.module.metadatasharing.Item id="390" uuid="c24688d7-6469-415f-a062-8360e4d9f038">
      <id>142162</id>
      <classname>org.openmrs.ConceptName</classname>
      <dateChanged id="391">2020-03-26 15:57:35</dateChanged>
    </org.openmrs.module.metadatasharing.Item>
    <org.openmrs.module.metadatasharing.Item id="392" uuid="c23ac6d0-2134-49b3-9663-4cc3884b096d">
      <id>18191</id>
      <classname>org.openmrs.ConceptDescription</classname>
      <dateChanged id="393">2020-03-26 15:57:35</dateChanged>
    </org.openmrs.module.metadatasharing.Item>
    <org.openmrs.module.metadatasharing.Item id="394" uuid="5c47b75c-eaa3-4970-a1a9-33fd7291fdae">
      <id>2569</id>
      <classname>org.openmrs.ConceptSet</classname>
      <dateChanged id="395">2019-12-02 15:30:26</dateChanged>
    </org.openmrs.module.metadatasharing.Item>
    <org.openmrs.module.metadatasharing.Item id="396" uuid="ca0fafd1-59fb-4f13-bd1f-3fcc6090f4a5">
      <id>165213</id>
      <classname>org.openmrs.ConceptNumeric</classname>
      <dateChanged id="397">2020-03-26 15:57:35</dateChanged>
      <retired>false</retired>
    </org.openmrs.module.metadatasharing.Item>
    <org.openmrs.module.metadatasharing.Item id="398" uuid="9aa01235-ece0-4794-a03a-7c2d9961574e">
      <id>142181</id>
      <classname>org.openmrs.ConceptName</classname>
      <dateChanged id="399">2020-03-26 15:57:35</dateChanged>
    </org.openmrs.module.metadatasharing.Item>
    <org.openmrs.module.metadatasharing.Item id="400" uuid="a940cb8c-1dad-4d13-82d5-caffb1588571">
      <id>142182</id>
      <classname>org.openmrs.ConceptName</classname>
      <dateChanged id="401">2020-03-26 15:57:35</dateChanged>
    </org.openmrs.module.metadatasharing.Item>
    <org.openmrs.module.metadatasharing.Item id="402" uuid="70b6fa8c-b6e1-4f17-96e7-682ef9af35ab">
      <id>18201</id>
      <classname>org.openmrs.ConceptDescription</classname>
      <dateChanged id="403">2020-03-26 15:57:35</dateChanged>
    </org.openmrs.module.metadatasharing.Item>
    <org.openmrs.module.metadatasharing.Item id="404" uuid="de36a9c5-2d92-4c10-b20b-2e74e3cc2f54">
      <id>2572</id>
      <classname>org.openmrs.ConceptSet</classname>
      <dateChanged id="405">2019-12-02 15:30:26</dateChanged>
    </org.openmrs.module.metadatasharing.Item>
    <org.openmrs.module.metadatasharing.Item id="406" uuid="082b950d-7b0d-43ee-ab81-a41aa703f187">
      <id>165177</id>
      <classname>org.openmrs.ConceptNumeric</classname>
      <dateChanged id="407">2020-03-26 15:57:35</dateChanged>
      <retired>false</retired>
    </org.openmrs.module.metadatasharing.Item>
    <org.openmrs.module.metadatasharing.Item id="408" uuid="b5132fd1-1a15-4548-976b-042eb6dbd8d7">
      <id>142109</id>
      <classname>org.openmrs.ConceptName</classname>
      <dateChanged id="409">2020-03-26 15:57:35</dateChanged>
    </org.openmrs.module.metadatasharing.Item>
    <org.openmrs.module.metadatasharing.Item id="410" uuid="2fa38083-4be7-4f42-b443-f0b029eab0d7">
      <id>142110</id>
      <classname>org.openmrs.ConceptName</classname>
      <dateChanged id="411">2020-03-26 15:57:35</dateChanged>
    </org.openmrs.module.metadatasharing.Item>
    <org.openmrs.module.metadatasharing.Item id="412" uuid="f1239e31-ba61-4d0a-bb5f-4dac84bbed86">
      <id>18165</id>
      <classname>org.openmrs.ConceptDescription</classname>
      <dateChanged id="413">2020-03-26 15:57:35</dateChanged>
    </org.openmrs.module.metadatasharing.Item>
    <org.openmrs.module.metadatasharing.Item id="414" uuid="ca48717f-1405-4d2f-aec3-e4ca5619c4a4">
      <id>2571</id>
      <classname>org.openmrs.ConceptSet</classname>
      <dateChanged id="415">2019-12-02 15:30:26</dateChanged>
    </org.openmrs.module.metadatasharing.Item>
    <org.openmrs.module.metadatasharing.Item id="416" uuid="1b263519-64a8-4cf0-a801-ab57e9eab847">
      <id>165189</id>
      <classname>org.openmrs.ConceptNumeric</classname>
      <dateChanged id="417">2020-03-26 15:57:35</dateChanged>
      <retired>false</retired>
    </org.openmrs.module.metadatasharing.Item>
    <org.openmrs.module.metadatasharing.Item id="418" uuid="b8bac39f-de60-42fc-a43d-3531ebbf2880">
      <id>142133</id>
      <classname>org.openmrs.ConceptName</classname>
      <dateChanged id="419">2020-03-26 15:57:35</dateChanged>
    </org.openmrs.module.metadatasharing.Item>
    <org.openmrs.module.metadatasharing.Item id="420" uuid="890d13ab-cb17-41a5-bca0-5a1efca7fa10">
      <id>142134</id>
      <classname>org.openmrs.ConceptName</classname>
      <dateChanged id="421">2020-03-26 15:57:35</dateChanged>
    </org.openmrs.module.metadatasharing.Item>
    <org.openmrs.module.metadatasharing.Item id="422" uuid="0374571f-268b-49d6-9624-ab886ffa8e8b">
      <id>18177</id>
      <classname>org.openmrs.ConceptDescription</classname>
      <dateChanged id="423">2020-03-26 15:57:35</dateChanged>
    </org.openmrs.module.metadatasharing.Item>
    <org.openmrs.module.metadatasharing.Item id="424" uuid="ffbe5ead-4841-487e-8274-0ed0bdcf3b0f">
      <id>2566</id>
      <classname>org.openmrs.ConceptSet</classname>
      <dateChanged id="425">2019-12-02 15:30:26</dateChanged>
    </org.openmrs.module.metadatasharing.Item>
    <org.openmrs.module.metadatasharing.Item id="426" uuid="d1cc9486-1122-4125-9a6d-9bfda3737fbc">
      <id>165211</id>
      <classname>org.openmrs.ConceptNumeric</classname>
      <dateChanged id="427">2020-03-26 15:57:35</dateChanged>
      <retired>false</retired>
    </org.openmrs.module.metadatasharing.Item>
    <org.openmrs.module.metadatasharing.Item id="428" uuid="458dad5d-328c-44c7-8d5d-f5476dd492e7">
      <id>142177</id>
      <classname>org.openmrs.ConceptName</classname>
      <dateChanged id="429">2020-03-26 15:57:35</dateChanged>
    </org.openmrs.module.metadatasharing.Item>
    <org.openmrs.module.metadatasharing.Item id="430" uuid="14d17155-8b34-4178-9c5b-6d4330207ae9">
      <id>142178</id>
      <classname>org.openmrs.ConceptName</classname>
      <dateChanged id="431">2020-03-26 15:57:35</dateChanged>
    </org.openmrs.module.metadatasharing.Item>
    <org.openmrs.module.metadatasharing.Item id="432" uuid="1beebd1b-0508-4a9e-a8eb-c52c3ab09272">
      <id>18199</id>
      <classname>org.openmrs.ConceptDescription</classname>
      <dateChanged id="433">2020-03-26 15:57:35</dateChanged>
    </org.openmrs.module.metadatasharing.Item>
    <org.openmrs.module.metadatasharing.Item id="434" uuid="8d08199f-d952-4322-89f7-1c0c5c6d985a">
      <id>2574</id>
      <classname>org.openmrs.ConceptSet</classname>
      <dateChanged id="435">2019-12-02 15:30:26</dateChanged>
    </org.openmrs.module.metadatasharing.Item>
    <org.openmrs.module.metadatasharing.Item id="436" uuid="d86dfc0f-5c55-4f55-a909-693629adca5e">
      <id>165181</id>
      <classname>org.openmrs.ConceptNumeric</classname>
      <dateChanged id="437">2020-03-26 15:57:35</dateChanged>
      <retired>false</retired>
    </org.openmrs.module.metadatasharing.Item>
    <org.openmrs.module.metadatasharing.Item id="438" uuid="ae4103eb-1872-4d00-8ff6-142ee6c969e0">
      <id>142117</id>
      <classname>org.openmrs.ConceptName</classname>
      <dateChanged id="439">2020-03-26 15:57:35</dateChanged>
    </org.openmrs.module.metadatasharing.Item>
    <org.openmrs.module.metadatasharing.Item id="440" uuid="4e722333-28f2-4e01-b24a-0f54bab3b3d4">
      <id>142118</id>
      <classname>org.openmrs.ConceptName</classname>
      <dateChanged id="441">2020-03-26 15:57:35</dateChanged>
    </org.openmrs.module.metadatasharing.Item>
    <org.openmrs.module.metadatasharing.Item id="442" uuid="447c8595-ef0f-4e22-b60d-1f7416ab47ed">
      <id>18169</id>
      <classname>org.openmrs.ConceptDescription</classname>
      <dateChanged id="443">2020-03-26 15:57:35</dateChanged>
    </org.openmrs.module.metadatasharing.Item>
    <org.openmrs.module.metadatasharing.Item id="444" uuid="238d2054-d956-4d8f-bf6f-dba209cbb06d">
      <id>2559</id>
      <classname>org.openmrs.ConceptSet</classname>
      <dateChanged id="445">2019-12-02 15:30:26</dateChanged>
    </org.openmrs.module.metadatasharing.Item>
    <org.openmrs.module.metadatasharing.Item id="446" uuid="1428427a-48f4-42b2-9538-4fe2ec72c45b">
      <id>165205</id>
      <classname>org.openmrs.ConceptNumeric</classname>
      <dateChanged id="447">2020-03-26 15:57:35</dateChanged>
      <retired>false</retired>
    </org.openmrs.module.metadatasharing.Item>
    <org.openmrs.module.metadatasharing.Item id="448" uuid="f2b668de-4a14-4fbc-aa8d-5cb4005d2828">
      <id>142165</id>
      <classname>org.openmrs.ConceptName</classname>
      <dateChanged id="449">2020-03-26 15:57:35</dateChanged>
    </org.openmrs.module.metadatasharing.Item>
    <org.openmrs.module.metadatasharing.Item id="450" uuid="9b11fb23-d1a6-4c52-a723-a5af90e3c9cf">
      <id>142166</id>
      <classname>org.openmrs.ConceptName</classname>
      <dateChanged id="451">2020-03-26 15:57:35</dateChanged>
    </org.openmrs.module.metadatasharing.Item>
    <org.openmrs.module.metadatasharing.Item id="452" uuid="a1b7d6fd-6271-45cf-9d1b-3eacf9599dba">
      <id>18193</id>
      <classname>org.openmrs.ConceptDescription</classname>
      <dateChanged id="453">2020-03-26 15:57:35</dateChanged>
    </org.openmrs.module.metadatasharing.Item>
    <org.openmrs.module.metadatasharing.Item id="454" uuid="6d07f583-de98-4cf1-a4aa-88a659b6ff60">
      <id>2558</id>
      <classname>org.openmrs.ConceptSet</classname>
      <dateChanged id="455">2019-12-02 15:30:26</dateChanged>
    </org.openmrs.module.metadatasharing.Item>
    <org.openmrs.module.metadatasharing.Item id="456" uuid="508b798c-d2da-43d1-9c39-57b051d30c88">
      <id>165204</id>
      <classname>org.openmrs.ConceptNumeric</classname>
      <dateChanged id="457">2020-03-26 15:57:35</dateChanged>
      <retired>false</retired>
    </org.openmrs.module.metadatasharing.Item>
    <org.openmrs.module.metadatasharing.Item id="458" uuid="d0d92923-4b1d-4a7c-9012-323fcef6f7a0">
      <id>142163</id>
      <classname>org.openmrs.ConceptName</classname>
      <dateChanged id="459">2020-03-26 15:57:35</dateChanged>
    </org.openmrs.module.metadatasharing.Item>
    <org.openmrs.module.metadatasharing.Item id="460" uuid="69710318-0b16-48df-a55e-ca1a939cb5f2">
      <id>142164</id>
      <classname>org.openmrs.ConceptName</classname>
      <dateChanged id="461">2020-03-26 15:57:35</dateChanged>
    </org.openmrs.module.metadatasharing.Item>
    <org.openmrs.module.metadatasharing.Item id="462" uuid="33b2e59a-08ad-448f-a6ac-3044b55e2a9f">
      <id>18192</id>
      <classname>org.openmrs.ConceptDescription</classname>
      <dateChanged id="463">2020-03-26 15:57:35</dateChanged>
    </org.openmrs.module.metadatasharing.Item>
    <org.openmrs.module.metadatasharing.Item id="464" uuid="e7f737a6-6217-44c2-bf9e-e0a940a0cca1">
      <id>2564</id>
      <classname>org.openmrs.ConceptSet</classname>
      <dateChanged id="465">2019-12-02 15:30:26</dateChanged>
    </org.openmrs.module.metadatasharing.Item>
    <org.openmrs.module.metadatasharing.Item id="466" uuid="fcfaff42-6b4c-4c3a-bc9f-7c389a8c98f4">
      <id>165210</id>
      <classname>org.openmrs.ConceptNumeric</classname>
      <dateChanged id="467">2020-03-26 15:57:35</dateChanged>
      <retired>false</retired>
    </org.openmrs.module.metadatasharing.Item>
    <org.openmrs.module.metadatasharing.Item id="468" uuid="3d749eee-9a10-4282-83b8-3b2d9d2fc564">
      <id>142175</id>
      <classname>org.openmrs.ConceptName</classname>
      <dateChanged id="469">2020-03-26 15:57:35</dateChanged>
    </org.openmrs.module.metadatasharing.Item>
    <org.openmrs.module.metadatasharing.Item id="470" uuid="7fbc71c2-7141-4899-8a65-94411bdd8750">
      <id>142176</id>
      <classname>org.openmrs.ConceptName</classname>
      <dateChanged id="471">2020-03-26 15:57:35</dateChanged>
    </org.openmrs.module.metadatasharing.Item>
    <org.openmrs.module.metadatasharing.Item id="472" uuid="ff66f947-b940-4eeb-adff-e4bc3890b147">
      <id>18198</id>
      <classname>org.openmrs.ConceptDescription</classname>
      <dateChanged id="473">2020-03-26 15:57:35</dateChanged>
    </org.openmrs.module.metadatasharing.Item>
    <org.openmrs.module.metadatasharing.Item id="474" uuid="90eb201b-63f5-4857-8052-7a71e8260459">
      <id>2562</id>
      <classname>org.openmrs.ConceptSet</classname>
      <dateChanged id="475">2019-12-02 15:30:26</dateChanged>
    </org.openmrs.module.metadatasharing.Item>
    <org.openmrs.module.metadatasharing.Item id="476" uuid="0d55529b-6c1d-4e98-b028-5e5001339219">
      <id>165208</id>
      <classname>org.openmrs.ConceptNumeric</classname>
      <dateChanged id="477">2020-03-26 15:57:35</dateChanged>
      <retired>false</retired>
    </org.openmrs.module.metadatasharing.Item>
    <org.openmrs.module.metadatasharing.Item id="478" uuid="7efdfd49-c0ec-48b1-a575-3fa2f75f23a9">
      <id>142171</id>
      <classname>org.openmrs.ConceptName</classname>
      <dateChanged id="479">2020-03-26 15:57:35</dateChanged>
    </org.openmrs.module.metadatasharing.Item>
    <org.openmrs.module.metadatasharing.Item id="480" uuid="420db6f2-1f6c-4b8a-a274-1534b2d8ed43">
      <id>142172</id>
      <classname>org.openmrs.ConceptName</classname>
      <dateChanged id="481">2020-03-26 15:57:35</dateChanged>
    </org.openmrs.module.metadatasharing.Item>
    <org.openmrs.module.metadatasharing.Item id="482" uuid="dbd4e063-4eea-4cec-ad5d-263be339ea7c">
      <id>18196</id>
      <classname>org.openmrs.ConceptDescription</classname>
      <dateChanged id="483">2020-03-26 15:57:35</dateChanged>
    </org.openmrs.module.metadatasharing.Item>
    <org.openmrs.module.metadatasharing.Item id="484" uuid="81b1625e-9b32-47e7-967c-bd20ae9b3ce7">
      <id>2560</id>
      <classname>org.openmrs.ConceptSet</classname>
      <dateChanged id="485">2019-12-02 15:30:26</dateChanged>
    </org.openmrs.module.metadatasharing.Item>
    <org.openmrs.module.metadatasharing.Item id="486" uuid="e508c467-2866-4d44-8895-40718886960e">
      <id>165206</id>
      <classname>org.openmrs.Concept</classname>
      <dateChanged id="487">2020-03-26 15:57:35</dateChanged>
      <retired>false</retired>
    </org.openmrs.module.metadatasharing.Item>
    <org.openmrs.module.metadatasharing.Item id="488" uuid="fec2fc9f-3bde-4a41-abd5-6646162ed529">
      <id>142167</id>
      <classname>org.openmrs.ConceptName</classname>
      <dateChanged id="489">2020-03-26 15:57:35</dateChanged>
    </org.openmrs.module.metadatasharing.Item>
    <org.openmrs.module.metadatasharing.Item id="490" uuid="7047617f-9eb5-46dc-aa75-037cfc36588a">
      <id>142168</id>
      <classname>org.openmrs.ConceptName</classname>
      <dateChanged id="491">2020-03-26 15:57:35</dateChanged>
    </org.openmrs.module.metadatasharing.Item>
    <org.openmrs.module.metadatasharing.Item id="492" uuid="ef5bcf59-0318-4cbc-9577-472c3f4831ef">
      <id>18194</id>
      <classname>org.openmrs.ConceptDescription</classname>
      <dateChanged id="493">2020-03-26 15:57:35</dateChanged>
    </org.openmrs.module.metadatasharing.Item>
    <org.openmrs.module.metadatasharing.Item id="494" uuid="8509f23b-83c8-47e5-98e4-feabf1047f2a">
      <id>18204</id>
      <classname>org.openmrs.ConceptDescription</classname>
      <dateChanged id="495">2020-03-26 15:57:35</dateChanged>
    </org.openmrs.module.metadatasharing.Item>
    <org.openmrs.module.metadatasharing.Item id="496" uuid="0303ca5e-9e47-499e-9fc7-b45a7f283796">
      <id>142131</id>
      <classname>org.openmrs.ConceptName</classname>
      <dateChanged id="497">2020-03-26 15:57:35</dateChanged>
    </org.openmrs.module.metadatasharing.Item>
    <org.openmrs.module.metadatasharing.Item id="498" uuid="eabd2f00-fd39-43b3-8b47-8460a6b51334">
      <id>142132</id>
      <classname>org.openmrs.ConceptName</classname>
      <dateChanged id="499">2020-03-26 15:57:35</dateChanged>
    </org.openmrs.module.metadatasharing.Item>
    <org.openmrs.module.metadatasharing.Item id="500" uuid="467f343a-86a4-4cc4-afef-9d7e24b66735">
      <id>2542</id>
      <classname>org.openmrs.ConceptSet</classname>
      <dateChanged id="501">2019-12-02 15:21:45</dateChanged>
    </org.openmrs.module.metadatasharing.Item>
    <org.openmrs.module.metadatasharing.Item id="502" uuid="b441a074-d7f8-4ea5-b2e1-e9e1a9726dfa">
      <id>165185</id>
      <classname>org.openmrs.ConceptNumeric</classname>
      <dateChanged id="503">2020-03-26 15:57:35</dateChanged>
      <retired>false</retired>
    </org.openmrs.module.metadatasharing.Item>
    <org.openmrs.module.metadatasharing.Item id="504" uuid="083ca6ad-3eb0-4a7b-b74c-f1a9e7aee74a">
      <id>142125</id>
      <classname>org.openmrs.ConceptName</classname>
      <dateChanged id="505">2020-03-26 15:57:35</dateChanged>
    </org.openmrs.module.metadatasharing.Item>
    <org.openmrs.module.metadatasharing.Item id="506" uuid="adc36902-ef86-47da-8c3d-53ee3c8eab62">
      <id>142126</id>
      <classname>org.openmrs.ConceptName</classname>
      <dateChanged id="507">2020-03-26 15:57:35</dateChanged>
    </org.openmrs.module.metadatasharing.Item>
    <org.openmrs.module.metadatasharing.Item id="508" uuid="cd6464d8-945c-4a85-ab95-093984ddb5b7">
      <id>18173</id>
      <classname>org.openmrs.ConceptDescription</classname>
      <dateChanged id="509">2020-03-26 15:57:35</dateChanged>
    </org.openmrs.module.metadatasharing.Item>
    <org.openmrs.module.metadatasharing.Item id="510" uuid="c9e1e6f3-171b-48ab-9716-5b2d1223ab4f">
      <id>2543</id>
      <classname>org.openmrs.ConceptSet</classname>
      <dateChanged id="511">2019-12-02 15:21:45</dateChanged>
    </org.openmrs.module.metadatasharing.Item>
    <org.openmrs.module.metadatasharing.Item id="512" uuid="b6f595f4-d751-4d39-965d-116ed5fbc993">
      <id>165186</id>
      <classname>org.openmrs.ConceptNumeric</classname>
      <dateChanged id="513">2020-03-26 15:57:35</dateChanged>
      <retired>false</retired>
    </org.openmrs.module.metadatasharing.Item>
    <org.openmrs.module.metadatasharing.Item id="514" uuid="680ecdc6-3667-46af-9861-8a30016239d9">
      <id>142127</id>
      <classname>org.openmrs.ConceptName</classname>
      <dateChanged id="515">2020-03-26 15:57:35</dateChanged>
    </org.openmrs.module.metadatasharing.Item>
    <org.openmrs.module.metadatasharing.Item id="516" uuid="ecb914a5-30d5-4647-ae20-aa2889735796">
      <id>142128</id>
      <classname>org.openmrs.ConceptName</classname>
      <dateChanged id="517">2020-03-26 15:57:35</dateChanged>
    </org.openmrs.module.metadatasharing.Item>
    <org.openmrs.module.metadatasharing.Item id="518" uuid="fc50112b-62e1-4619-a624-18331daf111f">
      <id>18174</id>
      <classname>org.openmrs.ConceptDescription</classname>
      <dateChanged id="519">2020-03-26 15:57:35</dateChanged>
    </org.openmrs.module.metadatasharing.Item>
    <org.openmrs.module.metadatasharing.Item id="520" uuid="06312571-d8c6-4bd6-92c3-64c50fc32d8a">
      <id>2541</id>
      <classname>org.openmrs.ConceptSet</classname>
      <dateChanged id="521">2019-12-02 15:21:45</dateChanged>
    </org.openmrs.module.metadatasharing.Item>
    <org.openmrs.module.metadatasharing.Item id="522" uuid="d57f3d7f-32a4-420c-8985-fe5bd5e5c847">
      <id>165176</id>
      <classname>org.openmrs.ConceptNumeric</classname>
      <dateChanged id="523">2020-03-26 15:57:35</dateChanged>
      <retired>false</retired>
    </org.openmrs.module.metadatasharing.Item>
    <org.openmrs.module.metadatasharing.Item id="524" uuid="d9c68a0f-bed2-4a28-b17a-14dbd1d3c50d">
      <id>142107</id>
      <classname>org.openmrs.ConceptName</classname>
      <dateChanged id="525">2020-03-26 15:57:35</dateChanged>
    </org.openmrs.module.metadatasharing.Item>
    <org.openmrs.module.metadatasharing.Item id="526" uuid="5bd64df7-3ebc-4740-9099-e95f7ca49311">
      <id>142108</id>
      <classname>org.openmrs.ConceptName</classname>
      <dateChanged id="527">2020-03-26 15:57:35</dateChanged>
    </org.openmrs.module.metadatasharing.Item>
    <org.openmrs.module.metadatasharing.Item id="528" uuid="0c938f46-6e33-4e6f-b42d-4815a0508d1b">
      <id>18164</id>
      <classname>org.openmrs.ConceptDescription</classname>
      <dateChanged id="529">2020-03-26 15:57:35</dateChanged>
    </org.openmrs.module.metadatasharing.Item>
    <org.openmrs.module.metadatasharing.Item id="530" uuid="cdd83d32-abb6-433c-9a1b-46fa7c85f209">
      <id>2544</id>
      <classname>org.openmrs.ConceptSet</classname>
      <dateChanged id="531">2019-12-02 15:21:45</dateChanged>
    </org.openmrs.module.metadatasharing.Item>
    <org.openmrs.module.metadatasharing.Item id="532" uuid="29affe74-d54e-4f70-8074-25a54735dff3">
      <id>165187</id>
      <classname>org.openmrs.ConceptNumeric</classname>
      <dateChanged id="533">2020-03-26 15:57:35</dateChanged>
      <retired>false</retired>
    </org.openmrs.module.metadatasharing.Item>
    <org.openmrs.module.metadatasharing.Item id="534" uuid="f7ed88a1-ce44-436b-8f93-5a8216354e6e">
      <id>142129</id>
      <classname>org.openmrs.ConceptName</classname>
      <dateChanged id="535">2020-03-26 15:57:35</dateChanged>
    </org.openmrs.module.metadatasharing.Item>
    <org.openmrs.module.metadatasharing.Item id="536" uuid="82889fe6-2c63-47dd-83fc-914d10308f34">
      <id>142130</id>
      <classname>org.openmrs.ConceptName</classname>
      <dateChanged id="537">2020-03-26 15:57:35</dateChanged>
    </org.openmrs.module.metadatasharing.Item>
    <org.openmrs.module.metadatasharing.Item id="538" uuid="e1e5fbd3-f505-44a1-ae7c-7adf9974aae3">
      <id>18175</id>
      <classname>org.openmrs.ConceptDescription</classname>
      <dateChanged id="539">2020-03-26 15:57:35</dateChanged>
    </org.openmrs.module.metadatasharing.Item>
    <org.openmrs.module.metadatasharing.Item id="540" uuid="c203b6a6-6ab6-4398-9278-3f39020700f2">
      <id>18176</id>
      <classname>org.openmrs.ConceptDescription</classname>
      <dateChanged id="541">2020-03-26 15:57:35</dateChanged>
    </org.openmrs.module.metadatasharing.Item>
  </relatedItems>
</package>
