<?xml version="1.0" encoding="UTF-8"?>
<package id="1" uuid="27c5cae4-7a9c-4ae4-b0a7-09447aa1832f">
  <dateCreated id="2">2021-09-15 08:38:00</dateCreated>
  <name>CfL_Forms_Concepts</name>
  <description>Concepts for CfL HIV forms</description>
  <openmrsVersion>2.3.0  Build b3ade0</openmrsVersion>
  <version>1</version>
  <groupUuid>8cc35287-da31-4549-b4e7-22638939b6ce</groupUuid>
  <modules id="3">
    <entry>
      <string>calculation</string>
      <string>1.2</string>
    </entry>
    <entry>
      <string>legacyui</string>
      <string>1.6.0</string>
    </entry>
    <entry>
      <string>attachments</string>
      <string>2.4.0</string>
    </entry>
    <entry>
      <string>referenceapplication</string>
      <string>2.10.0</string>
    </entry>
    <entry>
      <string>metadatadeploy</string>
      <string>1.11.0</string>
    </entry>
    <entry>
      <string>fhir</string>
      <string>1.20.0</string>
    </entry>
    <entry>
      <string>appointmentscheduling</string>
      <string>1.12.0</string>
    </entry>
    <entry>
      <string>metadatasharing</string>
      <string>1.6.0</string>
    </entry>
    <entry>
      <string>appointmentschedulingui</string>
      <string>1.9.0</string>
    </entry>
    <entry>
      <string>allergyui</string>
      <string>1.8.3-SNAPSHOT</string>
    </entry>
    <entry>
      <string>formentryapp</string>
      <string>1.4.2</string>
    </entry>
    <entry>
      <string>providermanagement</string>
      <string>2.10.0</string>
    </entry>
    <entry>
      <string>visits</string>
      <string>1.1.1-SNAPSHOT</string>
    </entry>
    <entry>
      <string>htmlwidgets</string>
      <string>1.10.0</string>
    </entry>
    <entry>
      <string>dataexchange</string>
      <string>1.3.4</string>
    </entry>
    <entry>
      <string>referencedemodata</string>
      <string>1.4.5</string>
    </entry>
    <entry>
      <string>sms</string>
      <string>1.0.4-SNAPSHOT</string>
    </entry>
    <entry>
      <string>addresshierarchy</string>
      <string>2.11.0</string>
    </entry>
    <entry>
      <string>reportingrest</string>
      <string>1.11.0</string>
    </entry>
    <entry>
      <string>uiframework</string>
      <string>3.19.0</string>
    </entry>
    <entry>
      <string>reportingui</string>
      <string>1.6.0</string>
    </entry>
    <entry>
      <string>referencemetadata</string>
      <string>2.10.2</string>
    </entry>
    <entry>
      <string>event</string>
      <string>2.9.0-SNAPSHOT</string>
    </entry>
    <entry>
      <string>uicommons</string>
      <string>2.14.0-SNAPSHOT</string>
    </entry>
    <entry>
      <string>patientflags</string>
      <string>3.0.2</string>
    </entry>
    <entry>
      <string>emrapi</string>
      <string>1.29.0-SNAPSHOT</string>
    </entry>
    <entry>
      <string>reporting</string>
      <string>1.21.0-SNAPSHOT</string>
    </entry>
    <entry>
      <string>registrationapp</string>
      <string>1.20.0-SNAPSHOT</string>
    </entry>
    <entry>
      <string>callflows</string>
      <string>1.0.4-SNAPSHOT</string>
    </entry>
    <entry>
      <string>idgen</string>
      <string>4.5.0</string>
    </entry>
    <entry>
      <string>htmlformentryui</string>
      <string>2.0.0-SNAPSHOT</string>
    </entry>
    <entry>
      <string>htmlformentry</string>
      <string>4.0.0</string>
    </entry>
    <entry>
      <string>etllite</string>
      <string>1.0.4-SNAPSHOT</string>
    </entry>
    <entry>
      <string>cfl</string>
      <string>1.4.1-demo-SNAPSHOT</string>
    </entry>
    <entry>
      <string>reportingcompatibility</string>
      <string>2.0.6</string>
    </entry>
    <entry>
      <string>cfldistribution</string>
      <string>1.0.1-demo-SNAPSHOT</string>
    </entry>
    <entry>
      <string>uilibrary</string>
      <string>2.0.6</string>
    </entry>
    <entry>
      <string>locationbasedaccess</string>
      <string>0.1.1</string>
    </entry>
    <entry>
      <string>appframework</string>
      <string>2.15.0-SNAPSHOT</string>
    </entry>
    <entry>
      <string>webservices.rest</string>
      <string>2.28.0.df1459</string>
    </entry>
    <entry>
      <string>adminui</string>
      <string>1.3.0</string>
    </entry>
    <entry>
      <string>registrationcore</string>
      <string>1.9.0</string>
    </entry>
    <entry>
      <string>owa</string>
      <string>1.10.0</string>
    </entry>
    <entry>
      <string>messages</string>
      <string>1.2.2-SNAPSHOT</string>
    </entry>
    <entry>
      <string>metadatamapping</string>
      <string>1.3.4</string>
    </entry>
    <entry>
      <string>coreapps</string>
      <string>1.29.0</string>
    </entry>
    <entry>
      <string>appui</string>
      <string>1.13.0-SNAPSHOT</string>
    </entry>
    <entry>
      <string>serialization.xstream</string>
      <string>0.2.14</string>
    </entry>
  </modules>
  <items class="linked-hash-set" id="4">
    <org.openmrs.module.metadatasharing.Item id="5" uuid="4503b322-d946-4d0a-8878-eb0650d3976b">
      <id>21</id>
      <classname>org.openmrs.Concept</classname>
      <dateChanged id="6">2019-08-08 00:00:00</dateChanged>
      <retired>false</retired>
    </org.openmrs.module.metadatasharing.Item>
    <org.openmrs.module.metadatasharing.Item id="7" uuid="52bc8545-88d6-4f12-a6f9-386496b22b76">
      <id>15</id>
      <classname>org.openmrs.Concept</classname>
      <dateChanged id="8">2019-08-08 00:00:00</dateChanged>
      <retired>false</retired>
    </org.openmrs.module.metadatasharing.Item>
    <org.openmrs.module.metadatasharing.Item id="9" uuid="c59d7c13-7037-4a70-9f14-ec8b727d1c12">
      <id>22</id>
      <classname>org.openmrs.Concept</classname>
      <dateChanged id="10">2019-08-08 00:00:00</dateChanged>
      <retired>false</retired>
    </org.openmrs.module.metadatasharing.Item>
    <org.openmrs.module.metadatasharing.Item id="11" uuid="24750e2b-d4b6-437f-a092-d99a319dddab">
      <id>12</id>
      <classname>org.openmrs.Concept</classname>
      <dateChanged id="12">2019-08-08 00:00:00</dateChanged>
      <retired>false</retired>
    </org.openmrs.module.metadatasharing.Item>
    <org.openmrs.module.metadatasharing.Item id="13" uuid="01f37a87-14a3-496d-88fe-00d3d1fea03c">
      <id>19</id>
      <classname>org.openmrs.Concept</classname>
      <dateChanged id="14">2019-08-08 00:00:00</dateChanged>
      <retired>false</retired>
    </org.openmrs.module.metadatasharing.Item>
    <org.openmrs.module.metadatasharing.Item id="15" uuid="b0095cdf-8dd6-46f8-8b30-19c451e3b8d5">
      <id>17</id>
      <classname>org.openmrs.Concept</classname>
      <dateChanged id="16">2019-08-08 00:00:00</dateChanged>
      <retired>false</retired>
    </org.openmrs.module.metadatasharing.Item>
    <org.openmrs.module.metadatasharing.Item id="17" uuid="1db7ff2a-5f20-4bdc-890b-3a348e06edc6">
      <id>7</id>
      <classname>org.openmrs.Concept</classname>
      <dateChanged id="18">2019-08-08 00:00:00</dateChanged>
      <retired>false</retired>
    </org.openmrs.module.metadatasharing.Item>
    <org.openmrs.module.metadatasharing.Item id="19" uuid="3d0460b8-40c7-47df-b5c3-f8d7d31c533f">
      <id>20</id>
      <classname>org.openmrs.Concept</classname>
      <dateChanged id="20">2019-08-08 00:00:00</dateChanged>
      <retired>false</retired>
    </org.openmrs.module.metadatasharing.Item>
    <org.openmrs.module.metadatasharing.Item id="21" uuid="154c910f-a66b-4517-a541-130931274ca7">
      <id>9</id>
      <classname>org.openmrs.Concept</classname>
      <dateChanged id="22">2019-08-08 00:00:00</dateChanged>
      <retired>false</retired>
    </org.openmrs.module.metadatasharing.Item>
    <org.openmrs.module.metadatasharing.Item id="23" uuid="57624032-3bc9-46a7-b0e6-bb7930d80277">
      <id>5</id>
      <classname>org.openmrs.Concept</classname>
      <dateChanged id="24">2019-08-08 00:00:00</dateChanged>
      <retired>false</retired>
    </org.openmrs.module.metadatasharing.Item>
    <org.openmrs.module.metadatasharing.Item id="25" uuid="b4f0332a-ea36-4086-a4e9-e1136c541487">
      <id>24</id>
      <classname>org.openmrs.Concept</classname>
      <dateChanged id="26">2019-08-08 00:00:00</dateChanged>
      <retired>false</retired>
    </org.openmrs.module.metadatasharing.Item>
    <org.openmrs.module.metadatasharing.Item id="27" uuid="4c5d3452-19b4-4703-88c2-f3d061019527">
      <id>8</id>
      <classname>org.openmrs.Concept</classname>
      <dateChanged id="28">2019-08-08 00:00:00</dateChanged>
      <retired>false</retired>
    </org.openmrs.module.metadatasharing.Item>
    <org.openmrs.module.metadatasharing.Item id="29" uuid="ea15773b-714a-492c-b7f0-c13b9e8b7166">
      <id>14</id>
      <classname>org.openmrs.Concept</classname>
      <dateChanged id="30">2019-08-08 00:00:00</dateChanged>
      <retired>false</retired>
    </org.openmrs.module.metadatasharing.Item>
    <org.openmrs.module.metadatasharing.Item id="31" uuid="7b52533b-c396-474b-b9df-b8c156f66b5d">
      <id>4</id>
      <classname>org.openmrs.Concept</classname>
      <dateChanged id="32">2019-08-08 00:00:00</dateChanged>
      <retired>false</retired>
    </org.openmrs.module.metadatasharing.Item>
    <org.openmrs.module.metadatasharing.Item id="33" uuid="8c4e1b8a-cc7a-4028-8077-ece704c782f7">
      <id>10</id>
      <classname>org.openmrs.Concept</classname>
      <dateChanged id="34">2019-08-08 00:00:00</dateChanged>
      <retired>false</retired>
    </org.openmrs.module.metadatasharing.Item>
    <org.openmrs.module.metadatasharing.Item id="35" uuid="9994a4aa-981b-4605-8f4f-23e02e64106e">
      <id>13</id>
      <classname>org.openmrs.Concept</classname>
      <dateChanged id="36">2019-08-08 00:00:00</dateChanged>
      <retired>false</retired>
    </org.openmrs.module.metadatasharing.Item>
    <org.openmrs.module.metadatasharing.Item id="37" uuid="fb2045ef-7b1a-4e90-9f47-408aca35c2a8">
      <id>6</id>
      <classname>org.openmrs.Concept</classname>
      <dateChanged id="38">2019-08-08 00:00:00</dateChanged>
      <retired>false</retired>
    </org.openmrs.module.metadatasharing.Item>
    <org.openmrs.module.metadatasharing.Item id="39" uuid="553b9a1d-d117-4460-9c8c-2c0eb5ad0518">
      <id>11</id>
      <classname>org.openmrs.Concept</classname>
      <dateChanged id="40">2019-08-08 00:00:00</dateChanged>
      <retired>false</retired>
    </org.openmrs.module.metadatasharing.Item>
    <org.openmrs.module.metadatasharing.Item id="41" uuid="9027f618-09b5-41cd-9330-b549d0dd280d">
      <id>18</id>
      <classname>org.openmrs.Concept</classname>
      <dateChanged id="42">2019-08-08 00:00:00</dateChanged>
      <retired>false</retired>
    </org.openmrs.module.metadatasharing.Item>
    <org.openmrs.module.metadatasharing.Item id="43" uuid="f6c9f4e0-143f-4cb2-9346-35c266f5f803">
      <id>23</id>
      <classname>org.openmrs.Concept</classname>
      <dateChanged id="44">2019-08-08 00:00:00</dateChanged>
      <retired>false</retired>
    </org.openmrs.module.metadatasharing.Item>
    <org.openmrs.module.metadatasharing.Item id="45" uuid="15bd5100-cd85-4bbd-a848-8d3a19b1e738">
      <id>25</id>
      <classname>org.openmrs.Concept</classname>
      <dateChanged id="46">2019-08-08 00:00:00</dateChanged>
      <retired>false</retired>
    </org.openmrs.module.metadatasharing.Item>
    <org.openmrs.module.metadatasharing.Item id="47" uuid="f7c6f4f7-89d2-48f9-8844-c1a6564231c0">
      <id>3</id>
      <classname>org.openmrs.Concept</classname>
      <dateChanged id="48">2019-08-08 00:00:00</dateChanged>
      <retired>false</retired>
    </org.openmrs.module.metadatasharing.Item>
    <org.openmrs.module.metadatasharing.Item id="49" uuid="4185ab0d-069d-440f-a4f3-aef07f0f6231">
      <id>16</id>
      <classname>org.openmrs.Concept</classname>
      <dateChanged id="50">2019-08-08 00:00:00</dateChanged>
      <retired>false</retired>
    </org.openmrs.module.metadatasharing.Item>
  </items>
  <relatedItems class="linked-hash-set" id="51">
    <org.openmrs.module.metadatasharing.Item id="52" uuid="8d4a48b6-c2cc-11de-8d13-0010c6dffd0f">
      <id>2</id>
      <classname>org.openmrs.ConceptDatatype</classname>
      <dateChanged id="53">2004-02-02 00:00:00</dateChanged>
      <retired>false</retired>
    </org.openmrs.module.metadatasharing.Item>
    <org.openmrs.module.metadatasharing.Item id="54" uuid="8d4918b0-c2cc-11de-8d13-0010c6dffd0f">
      <id>4</id>
      <classname>org.openmrs.ConceptClass</classname>
      <dateChanged id="55">2021-09-15 00:17:15</dateChanged>
      <retired>false</retired>
    </org.openmrs.module.metadatasharing.Item>
    <org.openmrs.module.metadatasharing.Item id="56" uuid="879d5abf-c694-4605-a637-6da6c6939379">
      <id>39</id>
      <classname>org.openmrs.ConceptName</classname>
      <dateChanged id="57">2019-08-08 00:00:00</dateChanged>
    </org.openmrs.module.metadatasharing.Item>
    <org.openmrs.module.metadatasharing.Item id="58" uuid="f7b58089-d280-4599-9afc-fbd345f8aea3">
      <id>33</id>
      <classname>org.openmrs.ConceptName</classname>
      <dateChanged id="59">2019-08-08 00:00:00</dateChanged>
    </org.openmrs.module.metadatasharing.Item>
    <org.openmrs.module.metadatasharing.Item id="60" uuid="8d491e50-c2cc-11de-8d13-0010c6dffd0f">
      <id>7</id>
      <classname>org.openmrs.ConceptClass</classname>
      <dateChanged id="61">2021-07-14 14:28:59</dateChanged>
      <retired>false</retired>
    </org.openmrs.module.metadatasharing.Item>
    <org.openmrs.module.metadatasharing.Item id="62" uuid="fe38292f-ea78-4c7a-9729-f347067cf98f">
      <id>40</id>
      <classname>org.openmrs.ConceptName</classname>
      <dateChanged id="63">2019-08-08 00:00:00</dateChanged>
    </org.openmrs.module.metadatasharing.Item>
    <org.openmrs.module.metadatasharing.Item id="64" uuid="deb5f6f1-e31d-11eb-8057-0242ac140002">
      <id>19</id>
      <classname>org.openmrs.ConceptAnswer</classname>
      <dateChanged id="65">2019-08-08 00:00:00</dateChanged>
    </org.openmrs.module.metadatasharing.Item>
    <org.openmrs.module.metadatasharing.Item id="66" uuid="5305c075-3adf-43d4-8665-02e67c01649f">
      <id>41</id>
      <classname>org.openmrs.ConceptName</classname>
      <dateChanged id="67">2019-08-08 00:00:00</dateChanged>
    </org.openmrs.module.metadatasharing.Item>
    <org.openmrs.module.metadatasharing.Item id="68" uuid="deb60c06-e31d-11eb-8057-0242ac140002">
      <id>20</id>
      <classname>org.openmrs.ConceptAnswer</classname>
      <dateChanged id="69">2019-08-08 00:00:00</dateChanged>
    </org.openmrs.module.metadatasharing.Item>
    <org.openmrs.module.metadatasharing.Item id="70" uuid="22bf92a7-bf0f-4358-a509-4dbf25281dfd">
      <id>42</id>
      <classname>org.openmrs.ConceptName</classname>
      <dateChanged id="71">2019-08-08 00:00:00</dateChanged>
    </org.openmrs.module.metadatasharing.Item>
    <org.openmrs.module.metadatasharing.Item id="72" uuid="deb623b0-e31d-11eb-8057-0242ac140002">
      <id>21</id>
      <classname>org.openmrs.ConceptAnswer</classname>
      <dateChanged id="73">2019-08-08 00:00:00</dateChanged>
    </org.openmrs.module.metadatasharing.Item>
    <org.openmrs.module.metadatasharing.Item id="74" uuid="62a7cecf-e2c1-46f4-82d1-655c286b0e71">
      <id>43</id>
      <classname>org.openmrs.ConceptName</classname>
      <dateChanged id="75">2019-08-08 00:00:00</dateChanged>
    </org.openmrs.module.metadatasharing.Item>
    <org.openmrs.module.metadatasharing.Item id="76" uuid="c805bd15-c51f-413b-8cb4-239b8b760e92">
      <id>30</id>
      <classname>org.openmrs.ConceptName</classname>
      <dateChanged id="77">2019-08-08 00:00:00</dateChanged>
    </org.openmrs.module.metadatasharing.Item>
    <org.openmrs.module.metadatasharing.Item id="78" uuid="d816bb11-6f88-457a-a6fa-c9522586a605">
      <id>37</id>
      <classname>org.openmrs.ConceptName</classname>
      <dateChanged id="79">2019-08-08 00:00:00</dateChanged>
    </org.openmrs.module.metadatasharing.Item>
    <org.openmrs.module.metadatasharing.Item id="80" uuid="deb5befb-e31d-11eb-8057-0242ac140002">
      <id>17</id>
      <classname>org.openmrs.ConceptAnswer</classname>
      <dateChanged id="81">2019-08-08 00:00:00</dateChanged>
    </org.openmrs.module.metadatasharing.Item>
    <org.openmrs.module.metadatasharing.Item id="82" uuid="7b7ebc1c-156f-4b77-8b4f-cacdc41fdfd6">
      <id>38</id>
      <classname>org.openmrs.ConceptName</classname>
      <dateChanged id="83">2019-08-08 00:00:00</dateChanged>
    </org.openmrs.module.metadatasharing.Item>
    <org.openmrs.module.metadatasharing.Item id="84" uuid="deb5d415-e31d-11eb-8057-0242ac140002">
      <id>18</id>
      <classname>org.openmrs.ConceptAnswer</classname>
      <dateChanged id="85">2019-08-08 00:00:00</dateChanged>
    </org.openmrs.module.metadatasharing.Item>
    <org.openmrs.module.metadatasharing.Item id="86" uuid="07ece597-5af0-448a-887f-179b71afcf83">
      <id>35</id>
      <classname>org.openmrs.ConceptName</classname>
      <dateChanged id="87">2019-08-08 00:00:00</dateChanged>
    </org.openmrs.module.metadatasharing.Item>
    <org.openmrs.module.metadatasharing.Item id="88" uuid="3308a83e-f273-4cff-b77b-fc8690500ffa">
      <id>25</id>
      <classname>org.openmrs.ConceptName</classname>
      <dateChanged id="89">2019-08-08 00:00:00</dateChanged>
    </org.openmrs.module.metadatasharing.Item>
    <org.openmrs.module.metadatasharing.Item id="90" uuid="b01c15d4-f878-4c7f-9149-02e477e1c874">
      <id>27</id>
      <classname>org.openmrs.ConceptName</classname>
      <dateChanged id="91">2019-08-08 00:00:00</dateChanged>
    </org.openmrs.module.metadatasharing.Item>
    <org.openmrs.module.metadatasharing.Item id="92" uuid="e231b64b-66cf-46e0-b49b-d0ca33daaa61">
      <id>23</id>
      <classname>org.openmrs.ConceptName</classname>
      <dateChanged id="93">2019-08-08 00:00:00</dateChanged>
    </org.openmrs.module.metadatasharing.Item>
    <org.openmrs.module.metadatasharing.Item id="94" uuid="4663bb25-989e-4700-8414-89e8279fc7e8">
      <id>26</id>
      <classname>org.openmrs.ConceptName</classname>
      <dateChanged id="95">2019-08-08 00:00:00</dateChanged>
    </org.openmrs.module.metadatasharing.Item>
    <org.openmrs.module.metadatasharing.Item id="96" uuid="421eb3f5-e064-4c46-83ad-6d30ec8e3a2b">
      <id>32</id>
      <classname>org.openmrs.ConceptName</classname>
      <dateChanged id="97">2019-08-08 00:00:00</dateChanged>
    </org.openmrs.module.metadatasharing.Item>
    <org.openmrs.module.metadatasharing.Item id="98" uuid="3e400be9-c115-456c-b7ea-7d83f6f8a882">
      <id>22</id>
      <classname>org.openmrs.ConceptName</classname>
      <dateChanged id="99">2019-08-08 00:00:00</dateChanged>
    </org.openmrs.module.metadatasharing.Item>
    <org.openmrs.module.metadatasharing.Item id="100" uuid="333ff6d3-866a-41bf-b967-7cb18a330024">
      <id>28</id>
      <classname>org.openmrs.ConceptName</classname>
      <dateChanged id="101">2019-08-08 00:00:00</dateChanged>
    </org.openmrs.module.metadatasharing.Item>
    <org.openmrs.module.metadatasharing.Item id="102" uuid="4c26edef-4eb9-4069-b1b6-d81c50866272">
      <id>31</id>
      <classname>org.openmrs.ConceptName</classname>
      <dateChanged id="103">2019-08-08 00:00:00</dateChanged>
    </org.openmrs.module.metadatasharing.Item>
    <org.openmrs.module.metadatasharing.Item id="104" uuid="deb523ab-e31d-11eb-8057-0242ac140002">
      <id>11</id>
      <classname>org.openmrs.ConceptAnswer</classname>
      <dateChanged id="105">2019-08-08 00:00:00</dateChanged>
    </org.openmrs.module.metadatasharing.Item>
    <org.openmrs.module.metadatasharing.Item id="106" uuid="deb538db-e31d-11eb-8057-0242ac140002">
      <id>12</id>
      <classname>org.openmrs.ConceptAnswer</classname>
      <dateChanged id="107">2019-08-08 00:00:00</dateChanged>
    </org.openmrs.module.metadatasharing.Item>
    <org.openmrs.module.metadatasharing.Item id="108" uuid="deb55157-e31d-11eb-8057-0242ac140002">
      <id>13</id>
      <classname>org.openmrs.ConceptAnswer</classname>
      <dateChanged id="109">2019-08-08 00:00:00</dateChanged>
    </org.openmrs.module.metadatasharing.Item>
    <org.openmrs.module.metadatasharing.Item id="110" uuid="ae24294d-f35a-4ba2-a8b9-afe0c8ba746a">
      <id>34</id>
      <classname>org.openmrs.ConceptName</classname>
      <dateChanged id="111">2019-08-08 00:00:00</dateChanged>
    </org.openmrs.module.metadatasharing.Item>
    <org.openmrs.module.metadatasharing.Item id="112" uuid="deb5724e-e31d-11eb-8057-0242ac140002">
      <id>14</id>
      <classname>org.openmrs.ConceptAnswer</classname>
      <dateChanged id="113">2019-08-08 00:00:00</dateChanged>
    </org.openmrs.module.metadatasharing.Item>
    <org.openmrs.module.metadatasharing.Item id="114" uuid="deb58deb-e31d-11eb-8057-0242ac140002">
      <id>15</id>
      <classname>org.openmrs.ConceptAnswer</classname>
      <dateChanged id="115">2019-08-08 00:00:00</dateChanged>
    </org.openmrs.module.metadatasharing.Item>
    <org.openmrs.module.metadatasharing.Item id="116" uuid="d3906689-0cdc-481d-ab10-0b6f0734846b">
      <id>36</id>
      <classname>org.openmrs.ConceptName</classname>
      <dateChanged id="117">2019-08-08 00:00:00</dateChanged>
    </org.openmrs.module.metadatasharing.Item>
    <org.openmrs.module.metadatasharing.Item id="118" uuid="deb59511-e31d-11eb-8057-0242ac140002">
      <id>16</id>
      <classname>org.openmrs.ConceptAnswer</classname>
      <dateChanged id="119">2019-08-08 00:00:00</dateChanged>
    </org.openmrs.module.metadatasharing.Item>
    <org.openmrs.module.metadatasharing.Item id="120" uuid="5622AAAAAAAAAAAAAAAAAAAAAAAAAAAAAAAA">
      <id>5622</id>
      <classname>org.openmrs.Concept</classname>
      <dateChanged id="121">2021-09-15 00:16:46</dateChanged>
      <retired>false</retired>
    </org.openmrs.module.metadatasharing.Item>
    <org.openmrs.module.metadatasharing.Item id="122" uuid="8d4a4c94-c2cc-11de-8d13-0010c6dffd0f">
      <id>4</id>
      <classname>org.openmrs.ConceptDatatype</classname>
      <dateChanged id="123">2004-02-02 00:00:00</dateChanged>
      <retired>false</retired>
    </org.openmrs.module.metadatasharing.Item>
    <org.openmrs.module.metadatasharing.Item id="124" uuid="8d492774-c2cc-11de-8d13-0010c6dffd0f">
      <id>11</id>
      <classname>org.openmrs.ConceptClass</classname>
      <dateChanged id="125">2021-09-15 00:17:15</dateChanged>
      <retired>false</retired>
    </org.openmrs.module.metadatasharing.Item>
    <org.openmrs.module.metadatasharing.Item id="126" uuid="135577BBBBBBBBBBBBBBBBBBBBBBBBBBBBBB">
      <id>135577</id>
      <classname>org.openmrs.ConceptName</classname>
      <dateChanged id="127">2021-09-15 00:16:46</dateChanged>
    </org.openmrs.module.metadatasharing.Item>
    <org.openmrs.module.metadatasharing.Item id="128" uuid="126207BBBBBBBBBBBBBBBBBBBBBBBBBBBBBB">
      <id>126207</id>
      <classname>org.openmrs.ConceptName</classname>
      <dateChanged id="129">2021-09-15 00:16:46</dateChanged>
    </org.openmrs.module.metadatasharing.Item>
    <org.openmrs.module.metadatasharing.Item id="130" uuid="105802BBBBBBBBBBBBBBBBBBBBBBBBBBBBBB">
      <id>105802</id>
      <classname>org.openmrs.ConceptName</classname>
      <dateChanged id="131">2021-09-15 00:16:46</dateChanged>
    </org.openmrs.module.metadatasharing.Item>
    <org.openmrs.module.metadatasharing.Item id="132" uuid="134542BBBBBBBBBBBBBBBBBBBBBBBBBBBBBB">
      <id>134542</id>
      <classname>org.openmrs.ConceptName</classname>
      <dateChanged id="133">2021-09-15 00:16:46</dateChanged>
    </org.openmrs.module.metadatasharing.Item>
    <org.openmrs.module.metadatasharing.Item id="134" uuid="2761BBBBBBBBBBBBBBBBBBBBBBBBBBBBBBBB">
      <id>2761</id>
      <classname>org.openmrs.ConceptName</classname>
      <dateChanged id="135">2021-09-15 00:16:46</dateChanged>
    </org.openmrs.module.metadatasharing.Item>
    <org.openmrs.module.metadatasharing.Item id="136" uuid="110113BBBBBBBBBBBBBBBBBBBBBBBBBBBBBB">
      <id>110113</id>
      <classname>org.openmrs.ConceptName</classname>
      <dateChanged id="137">2021-09-15 00:16:46</dateChanged>
    </org.openmrs.module.metadatasharing.Item>
    <org.openmrs.module.metadatasharing.Item id="138" uuid="134541BBBBBBBBBBBBBBBBBBBBBBBBBBBBBB">
      <id>134541</id>
      <classname>org.openmrs.ConceptName</classname>
      <dateChanged id="139">2021-09-15 00:16:46</dateChanged>
    </org.openmrs.module.metadatasharing.Item>
    <org.openmrs.module.metadatasharing.Item id="140" uuid="110860BBBBBBBBBBBBBBBBBBBBBBBBBBBBBB">
      <id>110860</id>
      <classname>org.openmrs.ConceptName</classname>
      <dateChanged id="141">2021-09-15 00:16:46</dateChanged>
    </org.openmrs.module.metadatasharing.Item>
    <org.openmrs.module.metadatasharing.Item id="142" uuid="2253FFFFFFFFFFFFFFFFFFFFFFFFFFFFFFFF">
      <id>2253</id>
      <classname>org.openmrs.ConceptDescription</classname>
      <dateChanged id="143">2021-09-15 00:16:46</dateChanged>
    </org.openmrs.module.metadatasharing.Item>
    <org.openmrs.module.metadatasharing.Item id="144" uuid="144395ABBBBBBBBBBBBBBBBBBBBBBBBBBBBB">
      <id>144395</id>
      <classname>org.openmrs.ConceptMap</classname>
      <dateChanged id="145">2021-09-15 00:16:46</dateChanged>
    </org.openmrs.module.metadatasharing.Item>
    <org.openmrs.module.metadatasharing.Item id="146" uuid="35543629-7d8c-11e1-909d-c80aa9edcf4e">
      <id>1</id>
      <classname>org.openmrs.ConceptMapType</classname>
      <dateChanged id="147">2021-09-15 00:17:15</dateChanged>
      <retired>false</retired>
    </org.openmrs.module.metadatasharing.Item>
    <org.openmrs.module.metadatasharing.Item id="148" uuid="49fd39a2-2b4a-38c2-8f0e-0cb9a7e0fe22">
      <id>144395</id>
      <classname>org.openmrs.ConceptReferenceTerm</classname>
      <dateChanged id="149">2021-09-15 00:16:46</dateChanged>
      <retired>false</retired>
    </org.openmrs.module.metadatasharing.Item>
    <org.openmrs.module.metadatasharing.Item id="150" uuid="12ADDDDDDDDDDDDDDDDDDDDDDDDDDDDDDDDD">
      <id>12</id>
      <classname>org.openmrs.ConceptSource</classname>
      <dateChanged id="151">2021-09-15 00:17:15</dateChanged>
      <retired>false</retired>
    </org.openmrs.module.metadatasharing.Item>
    <org.openmrs.module.metadatasharing.Item id="152" uuid="137878ABBBBBBBBBBBBBBBBBBBBBBBBBBBBB">
      <id>137878</id>
      <classname>org.openmrs.ConceptMap</classname>
      <dateChanged id="153">2021-09-15 00:16:46</dateChanged>
    </org.openmrs.module.metadatasharing.Item>
    <org.openmrs.module.metadatasharing.Item id="154" uuid="a4138b87-50d9-30b1-aea4-9fc620570cc6">
      <id>137878</id>
      <classname>org.openmrs.ConceptReferenceTerm</classname>
      <dateChanged id="155">2021-09-15 00:16:46</dateChanged>
      <retired>false</retired>
    </org.openmrs.module.metadatasharing.Item>
    <org.openmrs.module.metadatasharing.Item id="156" uuid="ddb6b595-0b85-4a80-9243-efe4ba404eef">
      <id>15</id>
      <classname>org.openmrs.ConceptSource</classname>
      <dateChanged id="157">2021-09-15 00:17:15</dateChanged>
      <retired>false</retired>
    </org.openmrs.module.metadatasharing.Item>
    <org.openmrs.module.metadatasharing.Item id="158" uuid="172381ABBBBBBBBBBBBBBBBBBBBBBBBBBBBB">
      <id>172381</id>
      <classname>org.openmrs.ConceptMap</classname>
      <dateChanged id="159">2021-09-15 00:16:46</dateChanged>
    </org.openmrs.module.metadatasharing.Item>
    <org.openmrs.module.metadatasharing.Item id="160" uuid="77ae1072-f97e-3c41-ad82-8746ad6f9c26">
      <id>172381</id>
      <classname>org.openmrs.ConceptReferenceTerm</classname>
      <dateChanged id="161">2021-09-15 00:16:46</dateChanged>
      <retired>false</retired>
    </org.openmrs.module.metadatasharing.Item>
    <org.openmrs.module.metadatasharing.Item id="162" uuid="21ADDDDDDDDDDDDDDDDDDDDDDDDDDDDDDDDD">
      <id>21</id>
      <classname>org.openmrs.ConceptSource</classname>
      <dateChanged id="163">2021-09-15 00:17:15</dateChanged>
      <retired>false</retired>
    </org.openmrs.module.metadatasharing.Item>
    <org.openmrs.module.metadatasharing.Item id="164" uuid="141670ABBBBBBBBBBBBBBBBBBBBBBBBBBBBB">
      <id>141670</id>
      <classname>org.openmrs.ConceptMap</classname>
      <dateChanged id="165">2021-09-15 00:16:46</dateChanged>
    </org.openmrs.module.metadatasharing.Item>
    <org.openmrs.module.metadatasharing.Item id="166" uuid="cd9bed8e-d47a-38bd-a677-695644801d87">
      <id>141670</id>
      <classname>org.openmrs.ConceptReferenceTerm</classname>
      <dateChanged id="167">2021-09-15 00:16:46</dateChanged>
      <retired>false</retired>
    </org.openmrs.module.metadatasharing.Item>
    <org.openmrs.module.metadatasharing.Item id="168" uuid="14ADDDDDDDDDDDDDDDDDDDDDDDDDDDDDDDDD">
      <id>14</id>
      <classname>org.openmrs.ConceptSource</classname>
      <dateChanged id="169">2021-09-15 00:16:46</dateChanged>
      <retired>false</retired>
    </org.openmrs.module.metadatasharing.Item>
    <org.openmrs.module.metadatasharing.Item id="170" uuid="143666ABBBBBBBBBBBBBBBBBBBBBBBBBBBBB">
      <id>143666</id>
      <classname>org.openmrs.ConceptMap</classname>
      <dateChanged id="171">2021-09-15 00:16:46</dateChanged>
    </org.openmrs.module.metadatasharing.Item>
    <org.openmrs.module.metadatasharing.Item id="172" uuid="142f78e3-31a5-3969-a405-286a699f711f">
      <id>143663</id>
      <classname>org.openmrs.ConceptReferenceTerm</classname>
      <dateChanged id="173">2021-09-15 00:16:46</dateChanged>
      <retired>false</retired>
    </org.openmrs.module.metadatasharing.Item>
    <org.openmrs.module.metadatasharing.Item id="174" uuid="fb9aaaf1-65e2-4c18-b53c-16b575f2f385">
      <id>11</id>
      <classname>org.openmrs.ConceptSource</classname>
      <dateChanged id="175">2021-09-15 00:17:15</dateChanged>
      <retired>false</retired>
    </org.openmrs.module.metadatasharing.Item>
    <org.openmrs.module.metadatasharing.Item id="176" uuid="135771ABBBBBBBBBBBBBBBBBBBBBBBBBBBBB">
      <id>135771</id>
      <classname>org.openmrs.ConceptMap</classname>
      <dateChanged id="177">2021-09-15 00:16:46</dateChanged>
    </org.openmrs.module.metadatasharing.Item>
    <org.openmrs.module.metadatasharing.Item id="178" uuid="de4dbf4f-b5ee-3d32-9ce6-ca2e15c2e1b3">
      <id>135771</id>
      <classname>org.openmrs.ConceptReferenceTerm</classname>
      <dateChanged id="179">2021-09-15 00:16:46</dateChanged>
      <retired>false</retired>
    </org.openmrs.module.metadatasharing.Item>
    <org.openmrs.module.metadatasharing.Item id="180" uuid="13ADDDDDDDDDDDDDDDDDDDDDDDDDDDDDDDDD">
      <id>13</id>
      <classname>org.openmrs.ConceptSource</classname>
      <dateChanged id="181">2021-09-15 00:17:15</dateChanged>
      <retired>false</retired>
    </org.openmrs.module.metadatasharing.Item>
    <org.openmrs.module.metadatasharing.Item id="182" uuid="137766ABBBBBBBBBBBBBBBBBBBBBBBBBBBBB">
      <id>137766</id>
      <classname>org.openmrs.ConceptMap</classname>
      <dateChanged id="183">2021-09-15 00:16:46</dateChanged>
    </org.openmrs.module.metadatasharing.Item>
    <org.openmrs.module.metadatasharing.Item id="184" uuid="43ac5109-7d8c-11e1-909d-c80aa9edcf4e">
      <id>2</id>
      <classname>org.openmrs.ConceptMapType</classname>
      <dateChanged id="185">2021-09-15 00:17:15</dateChanged>
      <retired>false</retired>
    </org.openmrs.module.metadatasharing.Item>
    <org.openmrs.module.metadatasharing.Item id="186" uuid="17744715-bb7d-3022-96d3-2e2144a778d4">
      <id>137766</id>
      <classname>org.openmrs.ConceptReferenceTerm</classname>
      <dateChanged id="187">2021-09-15 00:16:46</dateChanged>
      <retired>false</retired>
    </org.openmrs.module.metadatasharing.Item>
    <org.openmrs.module.metadatasharing.Item id="188" uuid="2ADDDDDDDDDDDDDDDDDDDDDDDDDDDDDDDDDD">
      <id>2</id>
      <classname>org.openmrs.ConceptSource</classname>
      <dateChanged id="189">2021-09-15 00:17:15</dateChanged>
      <retired>false</retired>
    </org.openmrs.module.metadatasharing.Item>
    <org.openmrs.module.metadatasharing.Item id="190" uuid="699a6db1-95b4-4da4-bf8e-8c490bbf1a68">
      <id>24</id>
      <classname>org.openmrs.ConceptName</classname>
      <dateChanged id="191">2019-08-08 00:00:00</dateChanged>
    </org.openmrs.module.metadatasharing.Item>
    <org.openmrs.module.metadatasharing.Item id="192" uuid="885adf20-6abc-4a43-ab60-ff45c647f6d4">
      <id>29</id>
      <classname>org.openmrs.ConceptName</classname>
      <dateChanged id="193">2019-08-08 00:00:00</dateChanged>
    </org.openmrs.module.metadatasharing.Item>
    <org.openmrs.module.metadatasharing.Item id="194" uuid="e3ee53be-8015-452c-99fa-37c3757054bd">
      <id>21</id>
      <classname>org.openmrs.ConceptName</classname>
      <dateChanged id="195">2019-08-08 00:00:00</dateChanged>
    </org.openmrs.module.metadatasharing.Item>
    <org.openmrs.module.metadatasharing.Item id="196" uuid="deb38705-e31d-11eb-8057-0242ac140002">
      <id>1</id>
      <classname>org.openmrs.ConceptAnswer</classname>
      <dateChanged id="197">2019-08-08 00:00:00</dateChanged>
    </org.openmrs.module.metadatasharing.Item>
    <org.openmrs.module.metadatasharing.Item id="198" uuid="deb39d3d-e31d-11eb-8057-0242ac140002">
      <id>2</id>
      <classname>org.openmrs.ConceptAnswer</classname>
      <dateChanged id="199">2019-08-08 00:00:00</dateChanged>
    </org.openmrs.module.metadatasharing.Item>
    <org.openmrs.module.metadatasharing.Item id="200" uuid="deb42833-e31d-11eb-8057-0242ac140002">
      <id>3</id>
      <classname>org.openmrs.ConceptAnswer</classname>
      <dateChanged id="201">2019-08-08 00:00:00</dateChanged>
    </org.openmrs.module.metadatasharing.Item>
    <org.openmrs.module.metadatasharing.Item id="202" uuid="deb47d1b-e31d-11eb-8057-0242ac140002">
      <id>4</id>
      <classname>org.openmrs.ConceptAnswer</classname>
      <dateChanged id="203">2019-08-08 00:00:00</dateChanged>
    </org.openmrs.module.metadatasharing.Item>
    <org.openmrs.module.metadatasharing.Item id="204" uuid="deb4987d-e31d-11eb-8057-0242ac140002">
      <id>5</id>
      <classname>org.openmrs.ConceptAnswer</classname>
      <dateChanged id="205">2019-08-08 00:00:00</dateChanged>
    </org.openmrs.module.metadatasharing.Item>
    <org.openmrs.module.metadatasharing.Item id="206" uuid="deb4aead-e31d-11eb-8057-0242ac140002">
      <id>6</id>
      <classname>org.openmrs.ConceptAnswer</classname>
      <dateChanged id="207">2019-08-08 00:00:00</dateChanged>
    </org.openmrs.module.metadatasharing.Item>
    <org.openmrs.module.metadatasharing.Item id="208" uuid="deb4c4c5-e31d-11eb-8057-0242ac140002">
      <id>7</id>
      <classname>org.openmrs.ConceptAnswer</classname>
      <dateChanged id="209">2019-08-08 00:00:00</dateChanged>
    </org.openmrs.module.metadatasharing.Item>
    <org.openmrs.module.metadatasharing.Item id="210" uuid="deb4da49-e31d-11eb-8057-0242ac140002">
      <id>8</id>
      <classname>org.openmrs.ConceptAnswer</classname>
      <dateChanged id="211">2019-08-08 00:00:00</dateChanged>
    </org.openmrs.module.metadatasharing.Item>
    <org.openmrs.module.metadatasharing.Item id="212" uuid="deb4f558-e31d-11eb-8057-0242ac140002">
      <id>9</id>
      <classname>org.openmrs.ConceptAnswer</classname>
      <dateChanged id="213">2019-08-08 00:00:00</dateChanged>
    </org.openmrs.module.metadatasharing.Item>
    <org.openmrs.module.metadatasharing.Item id="214" uuid="deb4fc46-e31d-11eb-8057-0242ac140002">
      <id>10</id>
      <classname>org.openmrs.ConceptAnswer</classname>
      <dateChanged id="215">2019-08-08 00:00:00</dateChanged>
    </org.openmrs.module.metadatasharing.Item>
    <org.openmrs.module.metadatasharing.Item id="216" uuid="1067AAAAAAAAAAAAAAAAAAAAAAAAAAAAAAAA">
      <id>1067</id>
      <classname>org.openmrs.Concept</classname>
      <dateChanged id="217">2021-09-15 00:17:15</dateChanged>
      <retired>false</retired>
    </org.openmrs.module.metadatasharing.Item>
    <org.openmrs.module.metadatasharing.Item id="218" uuid="127334BBBBBBBBBBBBBBBBBBBBBBBBBBBBBB">
      <id>127334</id>
      <classname>org.openmrs.ConceptName</classname>
      <dateChanged id="219">2021-09-15 00:17:15</dateChanged>
    </org.openmrs.module.metadatasharing.Item>
    <org.openmrs.module.metadatasharing.Item id="220" uuid="139801BBBBBBBBBBBBBBBBBBBBBBBBBBBBBB">
      <id>139801</id>
      <classname>org.openmrs.ConceptName</classname>
      <dateChanged id="221">2021-09-15 00:17:15</dateChanged>
    </org.openmrs.module.metadatasharing.Item>
    <org.openmrs.module.metadatasharing.Item id="222" uuid="1140BBBBBBBBBBBBBBBBBBBBBBBBBBBBBBBB">
      <id>1140</id>
      <classname>org.openmrs.ConceptName</classname>
      <dateChanged id="223">2021-09-15 00:17:15</dateChanged>
    </org.openmrs.module.metadatasharing.Item>
    <org.openmrs.module.metadatasharing.Item id="224" uuid="108336BBBBBBBBBBBBBBBBBBBBBBBBBBBBBB">
      <id>108336</id>
      <classname>org.openmrs.ConceptName</classname>
      <dateChanged id="225">2021-09-15 00:17:15</dateChanged>
    </org.openmrs.module.metadatasharing.Item>
    <org.openmrs.module.metadatasharing.Item id="226" uuid="135594BBBBBBBBBBBBBBBBBBBBBBBBBBBBBB">
      <id>135594</id>
      <classname>org.openmrs.ConceptName</classname>
      <dateChanged id="227">2021-09-15 00:17:15</dateChanged>
    </org.openmrs.module.metadatasharing.Item>
    <org.openmrs.module.metadatasharing.Item id="228" uuid="111191BBBBBBBBBBBBBBBBBBBBBBBBBBBBBB">
      <id>111191</id>
      <classname>org.openmrs.ConceptName</classname>
      <dateChanged id="229">2021-09-15 00:17:15</dateChanged>
    </org.openmrs.module.metadatasharing.Item>
    <org.openmrs.module.metadatasharing.Item id="230" uuid="108335BBBBBBBBBBBBBBBBBBBBBBBBBBBBBB">
      <id>108335</id>
      <classname>org.openmrs.ConceptName</classname>
      <dateChanged id="231">2021-09-15 00:17:15</dateChanged>
    </org.openmrs.module.metadatasharing.Item>
    <org.openmrs.module.metadatasharing.Item id="232" uuid="1141BBBBBBBBBBBBBBBBBBBBBBBBBBBBBBBB">
      <id>1141</id>
      <classname>org.openmrs.ConceptName</classname>
      <dateChanged id="233">2021-09-15 00:17:15</dateChanged>
    </org.openmrs.module.metadatasharing.Item>
    <org.openmrs.module.metadatasharing.Item id="234" uuid="106309BBBBBBBBBBBBBBBBBBBBBBBBBBBBBB">
      <id>106309</id>
      <classname>org.openmrs.ConceptName</classname>
      <dateChanged id="235">2021-09-15 00:17:15</dateChanged>
    </org.openmrs.module.metadatasharing.Item>
    <org.openmrs.module.metadatasharing.Item id="236" uuid="110114BBBBBBBBBBBBBBBBBBBBBBBBBBBBBB">
      <id>110114</id>
      <classname>org.openmrs.ConceptName</classname>
      <dateChanged id="237">2021-09-15 00:17:15</dateChanged>
    </org.openmrs.module.metadatasharing.Item>
    <org.openmrs.module.metadatasharing.Item id="238" uuid="105793BBBBBBBBBBBBBBBBBBBBBBBBBBBBBB">
      <id>105793</id>
      <classname>org.openmrs.ConceptName</classname>
      <dateChanged id="239">2021-09-15 00:17:15</dateChanged>
    </org.openmrs.module.metadatasharing.Item>
    <org.openmrs.module.metadatasharing.Item id="240" uuid="1070FFFFFFFFFFFFFFFFFFFFFFFFFFFFFFFF">
      <id>1070</id>
      <classname>org.openmrs.ConceptDescription</classname>
      <dateChanged id="241">2021-09-15 00:17:15</dateChanged>
    </org.openmrs.module.metadatasharing.Item>
    <org.openmrs.module.metadatasharing.Item id="242" uuid="18157FFFFFFFFFFFFFFFFFFFFFFFFFFFFFFF">
      <id>18157</id>
      <classname>org.openmrs.ConceptDescription</classname>
      <dateChanged id="243">2021-09-15 00:17:15</dateChanged>
    </org.openmrs.module.metadatasharing.Item>
    <org.openmrs.module.metadatasharing.Item id="244" uuid="133842ABBBBBBBBBBBBBBBBBBBBBBBBBBBBB">
      <id>133842</id>
      <classname>org.openmrs.ConceptMap</classname>
      <dateChanged id="245">2021-09-15 00:17:15</dateChanged>
    </org.openmrs.module.metadatasharing.Item>
    <org.openmrs.module.metadatasharing.Item id="246" uuid="2d7618d4-61c6-3389-bd89-5d1c0025cca8">
      <id>133842</id>
      <classname>org.openmrs.ConceptReferenceTerm</classname>
      <dateChanged id="247">2021-09-15 00:17:15</dateChanged>
      <retired>false</retired>
    </org.openmrs.module.metadatasharing.Item>
    <org.openmrs.module.metadatasharing.Item id="248" uuid="1ADDDDDDDDDDDDDDDDDDDDDDDDDDDDDDDDDD">
      <id>1</id>
      <classname>org.openmrs.ConceptSource</classname>
      <dateChanged id="249">2021-09-15 00:17:15</dateChanged>
      <retired>false</retired>
    </org.openmrs.module.metadatasharing.Item>
    <org.openmrs.module.metadatasharing.Item id="250" uuid="143603ABBBBBBBBBBBBBBBBBBBBBBBBBBBBB">
      <id>143603</id>
      <classname>org.openmrs.ConceptMap</classname>
      <dateChanged id="251">2021-09-15 00:17:15</dateChanged>
    </org.openmrs.module.metadatasharing.Item>
    <org.openmrs.module.metadatasharing.Item id="252" uuid="2c0fb90a-2fe7-39b8-a088-4093eeb6d4fd">
      <id>143603</id>
      <classname>org.openmrs.ConceptReferenceTerm</classname>
      <dateChanged id="253">2021-09-15 00:17:15</dateChanged>
      <retired>false</retired>
    </org.openmrs.module.metadatasharing.Item>
    <org.openmrs.module.metadatasharing.Item id="254" uuid="137877ABBBBBBBBBBBBBBBBBBBBBBBBBBBBB">
      <id>137877</id>
      <classname>org.openmrs.ConceptMap</classname>
      <dateChanged id="255">2021-09-15 00:17:15</dateChanged>
    </org.openmrs.module.metadatasharing.Item>
    <org.openmrs.module.metadatasharing.Item id="256" uuid="74e7b680-84b4-3bb8-9dd4-7e5f1c08a82b">
      <id>137877</id>
      <classname>org.openmrs.ConceptReferenceTerm</classname>
      <dateChanged id="257">2021-09-15 00:17:15</dateChanged>
      <retired>false</retired>
    </org.openmrs.module.metadatasharing.Item>
    <org.openmrs.module.metadatasharing.Item id="258" uuid="134739ABBBBBBBBBBBBBBBBBBBBBBBBBBBBB">
      <id>134739</id>
      <classname>org.openmrs.ConceptMap</classname>
      <dateChanged id="259">2021-09-15 00:17:15</dateChanged>
    </org.openmrs.module.metadatasharing.Item>
    <org.openmrs.module.metadatasharing.Item id="260" uuid="86e0b01a-cf11-334f-901f-ae1cea9ae9bf">
      <id>134739</id>
      <classname>org.openmrs.ConceptReferenceTerm</classname>
      <dateChanged id="261">2021-09-15 00:17:15</dateChanged>
      <retired>false</retired>
    </org.openmrs.module.metadatasharing.Item>
    <org.openmrs.module.metadatasharing.Item id="262" uuid="171330ABBBBBBBBBBBBBBBBBBBBBBBBBBBBB">
      <id>171330</id>
      <classname>org.openmrs.ConceptMap</classname>
      <dateChanged id="263">2021-09-15 00:17:15</dateChanged>
    </org.openmrs.module.metadatasharing.Item>
    <org.openmrs.module.metadatasharing.Item id="264" uuid="dd4b8153-b34a-38ed-9f19-3bfbd873e852">
      <id>171330</id>
      <classname>org.openmrs.ConceptReferenceTerm</classname>
      <dateChanged id="265">2021-09-15 00:17:15</dateChanged>
      <retired>false</retired>
    </org.openmrs.module.metadatasharing.Item>
  </relatedItems>
</package>
