<?xml version="1.0" encoding="UTF-8"?>
<list id="1">
  <org.openmrs.Concept id="2" uuid="4503b322-d946-4d0a-8878-eb0650d3976b">
    <conceptId>21</conceptId>
    <retired>false</retired>
    <datatype id="3" resolves-to="org.openmrs.ConceptDatatype" uuid="8d4a48b6-c2cc-11de-8d13-0010c6dffd0f">
      <name>Coded</name>
      <description>Value determined by term dictionary lookup (i.e., term identifier)</description>
      <creator/>
      <dateCreated id="4">2004-02-02 00:00:00</dateCreated>
      <retired>false</retired>
      <retiredBy/>
      <conceptDatatypeId>2</conceptDatatypeId>
      <hl7Abbreviation>CWE</hl7Abbreviation>
    </datatype>
    <conceptClass id="5" resolves-to="org.openmrs.ConceptClass" uuid="8d4918b0-c2cc-11de-8d13-0010c6dffd0f">
      <name>Diagnosis</name>
      <description>Conclusion drawn through findings</description>
      <creator/>
      <dateCreated id="6">2004-02-02 00:00:00</dateCreated>
      <changedBy/>
      <dateChanged id="7">2021-09-15 00:17:15</dateChanged>
      <retired>false</retired>
      <conceptClassId>4</conceptClassId>
    </conceptClass>
    <set>false</set>
    <creator/>
    <dateCreated id="8">2019-08-08 00:00:00</dateCreated>
    <names class="set" id="9">
      <org.openmrs.ConceptName id="10" uuid="879d5abf-c694-4605-a637-6da6c6939379">
        <conceptNameId>39</conceptNameId>
        <concept reference="2"/>
        <name>Patient with current diagnosis of TB</name>
        <locale id="11">en-gb</locale>
        <creator/>
        <dateCreated id="12">2019-08-08 00:00:00</dateCreated>
        <voided>false</voided>
        <tags class="set" id="13"/>
        <conceptNameType>FULLY_SPECIFIED</conceptNameType>
        <localePreferred>true</localePreferred>
      </org.openmrs.ConceptName>
    </names>
    <answers class="set" id="14"/>
    <conceptSets class="set" id="15"/>
    <descriptions class="set" id="16"/>
    <conceptMappings class="set" id="17"/>
    <attributes id="18"/>
  </org.openmrs.Concept>
  <org.openmrs.Concept id="19" uuid="52bc8545-88d6-4f12-a6f9-386496b22b76">
    <conceptId>15</conceptId>
    <retired>false</retired>
    <datatype reference="3"/>
    <conceptClass reference="5"/>
    <set>false</set>
    <creator/>
    <dateCreated id="20">2019-08-08 00:00:00</dateCreated>
    <names class="set" id="21">
      <org.openmrs.ConceptName id="22" uuid="f7b58089-d280-4599-9afc-fbd345f8aea3">
        <conceptNameId>33</conceptNameId>
        <concept reference="19"/>
        <name>Patient with family issues</name>
        <locale id="23">en-gb</locale>
        <creator/>
        <dateCreated id="24">2019-08-08 00:00:00</dateCreated>
        <voided>false</voided>
        <tags class="set" id="25"/>
        <conceptNameType>FULLY_SPECIFIED</conceptNameType>
        <localePreferred>true</localePreferred>
      </org.openmrs.ConceptName>
    </names>
    <answers class="set" id="26"/>
    <conceptSets class="set" id="27"/>
    <descriptions class="set" id="28"/>
    <conceptMappings class="set" id="29"/>
    <attributes id="30"/>
  </org.openmrs.Concept>
  <org.openmrs.Concept id="31" uuid="c59d7c13-7037-4a70-9f14-ec8b727d1c12">
    <conceptId>22</conceptId>
    <retired>false</retired>
    <datatype reference="3"/>
    <conceptClass id="32" resolves-to="org.openmrs.ConceptClass" uuid="8d491e50-c2cc-11de-8d13-0010c6dffd0f">
      <name>Question</name>
      <description>Question (eg, patient history, SF36 items)</description>
      <creator/>
      <dateCreated id="33">2004-03-02 00:00:00</dateCreated>
      <changedBy/>
      <dateChanged id="34">2021-07-14 14:28:59</dateChanged>
      <retired>false</retired>
      <conceptClassId>7</conceptClassId>
    </conceptClass>
    <set>false</set>
    <creator/>
    <dateCreated id="35">2019-08-08 00:00:00</dateCreated>
    <names class="set" id="36">
      <org.openmrs.ConceptName id="37" uuid="fe38292f-ea78-4c7a-9729-f347067cf98f">
        <conceptNameId>40</conceptNameId>
        <concept reference="31"/>
        <name>Treatment Status</name>
        <locale id="38">en-gb</locale>
        <creator/>
        <dateCreated id="39">2019-08-08 00:00:00</dateCreated>
        <voided>false</voided>
        <tags class="set" id="40"/>
        <conceptNameType>FULLY_SPECIFIED</conceptNameType>
        <localePreferred>true</localePreferred>
      </org.openmrs.ConceptName>
    </names>
    <answers class="set" id="41">
      <org.openmrs.ConceptAnswer id="42" uuid="deb60c06-e31d-11eb-8057-0242ac140002">
        <conceptAnswerId>20</conceptAnswerId>
        <concept reference="31"/>
        <answerConcept id="43" resolves-to="org.openmrs.Concept" uuid="b4f0332a-ea36-4086-a4e9-e1136c541487">
          <conceptId>24</conceptId>
          <retired>false</retired>
          <datatype reference="3"/>
          <conceptClass reference="5"/>
          <set>false</set>
          <creator/>
          <dateCreated id="44">2019-08-08 00:00:00</dateCreated>
          <names class="set" id="45">
            <org.openmrs.ConceptName id="46" uuid="22bf92a7-bf0f-4358-a509-4dbf25281dfd">
              <conceptNameId>42</conceptNameId>
              <concept reference="43"/>
              <name>Treatment completed</name>
              <locale id="47">en-gb</locale>
              <creator/>
              <dateCreated id="48">2019-08-08 00:00:00</dateCreated>
              <voided>false</voided>
              <tags class="set" id="49"/>
              <conceptNameType>FULLY_SPECIFIED</conceptNameType>
              <localePreferred>true</localePreferred>
            </org.openmrs.ConceptName>
          </names>
          <answers class="set" id="50"/>
          <conceptSets class="set" id="51"/>
          <descriptions class="set" id="52"/>
          <conceptMappings class="set" id="53"/>
          <attributes id="54"/>
        </answerConcept>
        <creator/>
        <dateCreated id="55">2019-08-08 00:00:00</dateCreated>
      </org.openmrs.ConceptAnswer>
      <org.openmrs.ConceptAnswer id="56" uuid="deb623b0-e31d-11eb-8057-0242ac140002">
        <conceptAnswerId>21</conceptAnswerId>
        <concept reference="31"/>
        <answerConcept id="57" resolves-to="org.openmrs.Concept" uuid="15bd5100-cd85-4bbd-a848-8d3a19b1e738">
          <conceptId>25</conceptId>
          <retired>false</retired>
          <datatype reference="3"/>
          <conceptClass reference="5"/>
          <set>false</set>
          <creator/>
          <dateCreated id="58">2019-08-08 00:00:00</dateCreated>
          <names class="set" id="59">
            <org.openmrs.ConceptName id="60" uuid="62a7cecf-e2c1-46f4-82d1-655c286b0e71">
              <conceptNameId>43</conceptNameId>
              <concept reference="57"/>
              <name>Treatment failure/transfer out</name>
              <locale id="61">en-gb</locale>
              <creator/>
              <dateCreated id="62">2019-08-08 00:00:00</dateCreated>
              <voided>false</voided>
              <tags class="set" id="63"/>
              <conceptNameType>FULLY_SPECIFIED</conceptNameType>
              <localePreferred>true</localePreferred>
            </org.openmrs.ConceptName>
          </names>
          <answers class="set" id="64"/>
          <conceptSets class="set" id="65"/>
          <descriptions class="set" id="66"/>
          <conceptMappings class="set" id="67"/>
          <attributes id="68"/>
        </answerConcept>
        <creator/>
        <dateCreated id="69">2019-08-08 00:00:00</dateCreated>
      </org.openmrs.ConceptAnswer>
      <org.openmrs.ConceptAnswer id="70" uuid="deb5f6f1-e31d-11eb-8057-0242ac140002">
        <conceptAnswerId>19</conceptAnswerId>
        <concept reference="31"/>
        <answerConcept id="71" resolves-to="org.openmrs.Concept" uuid="f6c9f4e0-143f-4cb2-9346-35c266f5f803">
          <conceptId>23</conceptId>
          <retired>false</retired>
          <datatype reference="3"/>
          <conceptClass reference="5"/>
          <set>false</set>
          <creator/>
          <dateCreated id="72">2019-08-08 00:00:00</dateCreated>
          <names class="set" id="73">
            <org.openmrs.ConceptName id="74" uuid="5305c075-3adf-43d4-8665-02e67c01649f">
              <conceptNameId>41</conceptNameId>
              <concept reference="71"/>
              <name>Under Treatment</name>
              <locale id="75">en-gb</locale>
              <creator/>
              <dateCreated id="76">2019-08-08 00:00:00</dateCreated>
              <voided>false</voided>
              <tags class="set" id="77"/>
              <conceptNameType>FULLY_SPECIFIED</conceptNameType>
              <localePreferred>true</localePreferred>
            </org.openmrs.ConceptName>
          </names>
          <answers class="set" id="78"/>
          <conceptSets class="set" id="79"/>
          <descriptions class="set" id="80"/>
          <conceptMappings class="set" id="81"/>
          <attributes id="82"/>
        </answerConcept>
        <creator/>
        <dateCreated id="83">2019-08-08 00:00:00</dateCreated>
      </org.openmrs.ConceptAnswer>
    </answers>
    <conceptSets class="set" id="84"/>
    <descriptions class="set" id="85"/>
    <conceptMappings class="set" id="86"/>
    <attributes id="87"/>
  </org.openmrs.Concept>
  <org.openmrs.Concept id="88" uuid="24750e2b-d4b6-437f-a092-d99a319dddab">
    <conceptId>12</conceptId>
    <retired>false</retired>
    <datatype reference="3"/>
    <conceptClass reference="5"/>
    <set>false</set>
    <creator/>
    <dateCreated id="89">2019-08-08 00:00:00</dateCreated>
    <names class="set" id="90">
      <org.openmrs.ConceptName id="91" uuid="c805bd15-c51f-413b-8cb4-239b8b760e92">
        <conceptNameId>30</conceptNameId>
        <concept reference="88"/>
        <name>Migrant</name>
        <locale id="92">en-gb</locale>
        <creator/>
        <dateCreated id="93">2019-08-08 00:00:00</dateCreated>
        <voided>false</voided>
        <tags class="set" id="94"/>
        <conceptNameType>FULLY_SPECIFIED</conceptNameType>
        <localePreferred>true</localePreferred>
      </org.openmrs.ConceptName>
    </names>
    <answers class="set" id="95"/>
    <conceptSets class="set" id="96"/>
    <descriptions class="set" id="97"/>
    <conceptMappings class="set" id="98"/>
    <attributes id="99"/>
  </org.openmrs.Concept>
  <org.openmrs.Concept id="100" uuid="01f37a87-14a3-496d-88fe-00d3d1fea03c">
    <conceptId>19</conceptId>
    <retired>false</retired>
    <datatype reference="3"/>
    <conceptClass reference="32"/>
    <set>false</set>
    <creator/>
    <dateCreated id="101">2019-08-08 00:00:00</dateCreated>
    <names class="set" id="102">
      <org.openmrs.ConceptName id="103" uuid="d816bb11-6f88-457a-a6fa-c9522586a605">
        <conceptNameId>37</conceptNameId>
        <concept reference="100"/>
        <name>TB</name>
        <locale id="104">en-gb</locale>
        <creator/>
        <dateCreated id="105">2019-08-08 00:00:00</dateCreated>
        <voided>false</voided>
        <tags class="set" id="106"/>
        <conceptNameType>FULLY_SPECIFIED</conceptNameType>
        <localePreferred>true</localePreferred>
      </org.openmrs.ConceptName>
    </names>
    <answers class="set" id="107">
      <org.openmrs.ConceptAnswer id="108" uuid="deb5befb-e31d-11eb-8057-0242ac140002">
        <conceptAnswerId>17</conceptAnswerId>
        <concept reference="100"/>
        <answerConcept id="109" resolves-to="org.openmrs.Concept" uuid="3d0460b8-40c7-47df-b5c3-f8d7d31c533f">
          <conceptId>20</conceptId>
          <retired>false</retired>
          <datatype reference="3"/>
          <conceptClass reference="5"/>
          <set>false</set>
          <creator/>
          <dateCreated id="110">2019-08-08 00:00:00</dateCreated>
          <names class="set" id="111">
            <org.openmrs.ConceptName id="112" uuid="7b7ebc1c-156f-4b77-8b4f-cacdc41fdfd6">
              <conceptNameId>38</conceptNameId>
              <concept reference="109"/>
              <name>Patient with previous history of TB</name>
              <locale id="113">en-gb</locale>
              <creator/>
              <dateCreated id="114">2019-08-08 00:00:00</dateCreated>
              <voided>false</voided>
              <tags class="set" id="115"/>
              <conceptNameType>FULLY_SPECIFIED</conceptNameType>
              <localePreferred>true</localePreferred>
            </org.openmrs.ConceptName>
          </names>
          <answers class="set" id="116"/>
          <conceptSets class="set" id="117"/>
          <descriptions class="set" id="118"/>
          <conceptMappings class="set" id="119"/>
          <attributes id="120"/>
        </answerConcept>
        <creator/>
        <dateCreated id="121">2019-08-08 00:00:00</dateCreated>
      </org.openmrs.ConceptAnswer>
      <org.openmrs.ConceptAnswer id="122" uuid="deb5d415-e31d-11eb-8057-0242ac140002">
        <conceptAnswerId>18</conceptAnswerId>
        <concept reference="100"/>
        <answerConcept reference="2"/>
        <creator/>
        <dateCreated id="123">2019-08-08 00:00:00</dateCreated>
      </org.openmrs.ConceptAnswer>
    </answers>
    <conceptSets class="set" id="124"/>
    <descriptions class="set" id="125"/>
    <conceptMappings class="set" id="126"/>
    <attributes id="127"/>
  </org.openmrs.Concept>
  <org.openmrs.Concept id="128" uuid="b0095cdf-8dd6-46f8-8b30-19c451e3b8d5">
    <conceptId>17</conceptId>
    <retired>false</retired>
    <datatype reference="3"/>
    <conceptClass reference="5"/>
    <set>false</set>
    <creator/>
    <dateCreated id="129">2019-08-08 00:00:00</dateCreated>
    <names class="set" id="130">
      <org.openmrs.ConceptName id="131" uuid="07ece597-5af0-448a-887f-179b71afcf83">
        <conceptNameId>35</conceptNameId>
        <concept reference="128"/>
        <name>Patient on alternate treatment</name>
        <locale id="132">en-gb</locale>
        <creator/>
        <dateCreated id="133">2019-08-08 00:00:00</dateCreated>
        <voided>false</voided>
        <tags class="set" id="134"/>
        <conceptNameType>FULLY_SPECIFIED</conceptNameType>
        <localePreferred>true</localePreferred>
      </org.openmrs.ConceptName>
    </names>
    <answers class="set" id="135"/>
    <conceptSets class="set" id="136"/>
    <descriptions class="set" id="137"/>
    <conceptMappings class="set" id="138"/>
    <attributes id="139"/>
  </org.openmrs.Concept>
  <org.openmrs.Concept id="140" uuid="1db7ff2a-5f20-4bdc-890b-3a348e06edc6">
    <conceptId>7</conceptId>
    <retired>false</retired>
    <datatype reference="3"/>
    <conceptClass reference="5"/>
    <set>false</set>
    <creator/>
    <dateCreated id="141">2019-08-08 00:00:00</dateCreated>
    <names class="set" id="142">
      <org.openmrs.ConceptName id="143" uuid="3308a83e-f273-4cff-b77b-fc8690500ffa">
        <conceptNameId>25</conceptNameId>
        <concept reference="140"/>
        <name>MSM</name>
        <locale id="144">en-gb</locale>
        <creator/>
        <dateCreated id="145">2019-08-08 00:00:00</dateCreated>
        <voided>false</voided>
        <tags class="set" id="146"/>
        <conceptNameType>FULLY_SPECIFIED</conceptNameType>
        <localePreferred>true</localePreferred>
      </org.openmrs.ConceptName>
    </names>
    <answers class="set" id="147"/>
    <conceptSets class="set" id="148"/>
    <descriptions class="set" id="149"/>
    <conceptMappings class="set" id="150"/>
    <attributes id="151"/>
  </org.openmrs.Concept>
  <org.openmrs.Concept reference="109"/>
  <org.openmrs.Concept id="152" uuid="154c910f-a66b-4517-a541-130931274ca7">
    <conceptId>9</conceptId>
    <retired>false</retired>
    <datatype reference="3"/>
    <conceptClass reference="5"/>
    <set>false</set>
    <creator/>
    <dateCreated id="153">2019-08-08 00:00:00</dateCreated>
    <names class="set" id="154">
      <org.openmrs.ConceptName id="155" uuid="b01c15d4-f878-4c7f-9149-02e477e1c874">
        <conceptNameId>27</conceptNameId>
        <concept reference="152"/>
        <name>Commercial sex work</name>
        <locale id="156">en-gb</locale>
        <creator/>
        <dateCreated id="157">2019-08-08 00:00:00</dateCreated>
        <voided>false</voided>
        <tags class="set" id="158"/>
        <conceptNameType>FULLY_SPECIFIED</conceptNameType>
        <localePreferred>true</localePreferred>
      </org.openmrs.ConceptName>
    </names>
    <answers class="set" id="159"/>
    <conceptSets class="set" id="160"/>
    <descriptions class="set" id="161"/>
    <conceptMappings class="set" id="162"/>
    <attributes id="163"/>
  </org.openmrs.Concept>
  <org.openmrs.Concept id="164" uuid="57624032-3bc9-46a7-b0e6-bb7930d80277">
    <conceptId>5</conceptId>
    <retired>false</retired>
    <datatype reference="3"/>
    <conceptClass reference="5"/>
    <set>false</set>
    <creator/>
    <dateCreated id="165">2019-08-08 00:00:00</dateCreated>
    <names class="set" id="166">
      <org.openmrs.ConceptName id="167" uuid="e231b64b-66cf-46e0-b49b-d0ca33daaa61">
        <conceptNameId>23</conceptNameId>
        <concept reference="164"/>
        <name>Blood transfusion</name>
        <locale id="168">en-gb</locale>
        <creator/>
        <dateCreated id="169">2019-08-08 00:00:00</dateCreated>
        <voided>false</voided>
        <tags class="set" id="170"/>
        <conceptNameType>FULLY_SPECIFIED</conceptNameType>
        <localePreferred>true</localePreferred>
      </org.openmrs.ConceptName>
    </names>
    <answers class="set" id="171"/>
    <conceptSets class="set" id="172"/>
    <descriptions class="set" id="173"/>
    <conceptMappings class="set" id="174"/>
    <attributes id="175"/>
  </org.openmrs.Concept>
  <org.openmrs.Concept reference="43"/>
  <org.openmrs.Concept id="176" uuid="4c5d3452-19b4-4703-88c2-f3d061019527">
    <conceptId>8</conceptId>
    <retired>false</retired>
    <datatype reference="3"/>
    <conceptClass reference="5"/>
    <set>false</set>
    <creator/>
    <dateCreated id="177">2019-08-08 00:00:00</dateCreated>
    <names class="set" id="178">
      <org.openmrs.ConceptName id="179" uuid="4663bb25-989e-4700-8414-89e8279fc7e8">
        <conceptNameId>26</conceptNameId>
        <concept reference="176"/>
        <name>Mother to child</name>
        <locale id="180">en-gb</locale>
        <creator/>
        <dateCreated id="181">2019-08-08 00:00:00</dateCreated>
        <voided>false</voided>
        <tags class="set" id="182"/>
        <conceptNameType>FULLY_SPECIFIED</conceptNameType>
        <localePreferred>true</localePreferred>
      </org.openmrs.ConceptName>
    </names>
    <answers class="set" id="183"/>
    <conceptSets class="set" id="184"/>
    <descriptions class="set" id="185"/>
    <conceptMappings class="set" id="186"/>
    <attributes id="187"/>
  </org.openmrs.Concept>
  <org.openmrs.Concept id="188" uuid="ea15773b-714a-492c-b7f0-c13b9e8b7166">
    <conceptId>14</conceptId>
    <retired>false</retired>
    <datatype reference="3"/>
    <conceptClass reference="5"/>
    <set>false</set>
    <creator/>
    <dateCreated id="189">2019-08-08 00:00:00</dateCreated>
    <names class="set" id="190">
      <org.openmrs.ConceptName id="191" uuid="421eb3f5-e064-4c46-83ad-6d30ec8e3a2b">
        <conceptNameId>32</conceptNameId>
        <concept reference="188"/>
        <name>2nd Line</name>
        <locale id="192">en-gb</locale>
        <creator/>
        <dateCreated id="193">2019-08-08 00:00:00</dateCreated>
        <voided>false</voided>
        <tags class="set" id="194"/>
        <conceptNameType>FULLY_SPECIFIED</conceptNameType>
        <localePreferred>true</localePreferred>
      </org.openmrs.ConceptName>
    </names>
    <answers class="set" id="195"/>
    <conceptSets class="set" id="196"/>
    <descriptions class="set" id="197"/>
    <conceptMappings class="set" id="198"/>
    <attributes id="199"/>
  </org.openmrs.Concept>
  <org.openmrs.Concept id="200" uuid="7b52533b-c396-474b-b9df-b8c156f66b5d">
    <conceptId>4</conceptId>
    <retired>false</retired>
    <datatype reference="3"/>
    <conceptClass reference="5"/>
    <set>false</set>
    <creator/>
    <dateCreated id="201">2019-08-08 00:00:00</dateCreated>
    <names class="set" id="202">
      <org.openmrs.ConceptName id="203" uuid="3e400be9-c115-456c-b7ea-7d83f6f8a882">
        <conceptNameId>22</conceptNameId>
        <concept reference="200"/>
        <name>Heterosexual</name>
        <locale id="204">en-gb</locale>
        <creator/>
        <dateCreated id="205">2019-08-08 00:00:00</dateCreated>
        <voided>false</voided>
        <tags class="set" id="206"/>
        <conceptNameType>FULLY_SPECIFIED</conceptNameType>
        <localePreferred>true</localePreferred>
      </org.openmrs.ConceptName>
    </names>
    <answers class="set" id="207"/>
    <conceptSets class="set" id="208"/>
    <descriptions class="set" id="209"/>
    <conceptMappings class="set" id="210"/>
    <attributes id="211"/>
  </org.openmrs.Concept>
  <org.openmrs.Concept id="212" uuid="8c4e1b8a-cc7a-4028-8077-ece704c782f7">
    <conceptId>10</conceptId>
    <retired>false</retired>
    <datatype reference="3"/>
    <conceptClass reference="5"/>
    <set>false</set>
    <creator/>
    <dateCreated id="213">2019-08-08 00:00:00</dateCreated>
    <names class="set" id="214">
      <org.openmrs.ConceptName id="215" uuid="333ff6d3-866a-41bf-b967-7cb18a330024">
        <conceptNameId>28</conceptNameId>
        <concept reference="212"/>
        <name>Injecting drug use (IDU)</name>
        <locale id="216">en-gb</locale>
        <creator/>
        <dateCreated id="217">2019-08-08 00:00:00</dateCreated>
        <voided>false</voided>
        <tags class="set" id="218"/>
        <conceptNameType>FULLY_SPECIFIED</conceptNameType>
        <localePreferred>true</localePreferred>
      </org.openmrs.ConceptName>
    </names>
    <answers class="set" id="219"/>
    <conceptSets class="set" id="220"/>
    <descriptions class="set" id="221"/>
    <conceptMappings class="set" id="222"/>
    <attributes id="223"/>
  </org.openmrs.Concept>
  <org.openmrs.Concept id="224" uuid="9994a4aa-981b-4605-8f4f-23e02e64106e">
    <conceptId>13</conceptId>
    <retired>false</retired>
    <datatype reference="3"/>
    <conceptClass reference="32"/>
    <set>false</set>
    <creator/>
    <dateCreated id="225">2019-08-08 00:00:00</dateCreated>
    <names class="set" id="226">
      <org.openmrs.ConceptName id="227" uuid="4c26edef-4eb9-4069-b1b6-d81c50866272">
        <conceptNameId>31</conceptNameId>
        <concept reference="224"/>
        <name>High Risk Groups</name>
        <locale id="228">en-gb</locale>
        <creator/>
        <dateCreated id="229">2019-08-08 00:00:00</dateCreated>
        <voided>false</voided>
        <tags class="set" id="230"/>
        <conceptNameType>FULLY_SPECIFIED</conceptNameType>
        <localePreferred>true</localePreferred>
      </org.openmrs.ConceptName>
    </names>
    <answers class="set" id="231">
      <org.openmrs.ConceptAnswer id="232" uuid="deb55157-e31d-11eb-8057-0242ac140002">
        <conceptAnswerId>13</conceptAnswerId>
        <concept reference="224"/>
        <answerConcept id="233" resolves-to="org.openmrs.Concept" uuid="4185ab0d-069d-440f-a4f3-aef07f0f6231">
          <conceptId>16</conceptId>
          <retired>false</retired>
          <datatype reference="3"/>
          <conceptClass reference="5"/>
          <set>false</set>
          <creator/>
          <dateCreated id="234">2019-08-08 00:00:00</dateCreated>
          <names class="set" id="235">
            <org.openmrs.ConceptName id="236" uuid="ae24294d-f35a-4ba2-a8b9-afe0c8ba746a">
              <conceptNameId>34</conceptNameId>
              <concept reference="233"/>
              <name>Co infected patients (others than TB)</name>
              <locale id="237">en-gb</locale>
              <creator/>
              <dateCreated id="238">2019-08-08 00:00:00</dateCreated>
              <voided>false</voided>
              <tags class="set" id="239"/>
              <conceptNameType>FULLY_SPECIFIED</conceptNameType>
              <localePreferred>true</localePreferred>
            </org.openmrs.ConceptName>
          </names>
          <answers class="set" id="240"/>
          <conceptSets class="set" id="241"/>
          <descriptions class="set" id="242"/>
          <conceptMappings class="set" id="243"/>
          <attributes id="244"/>
        </answerConcept>
        <creator/>
        <dateCreated id="245">2019-08-08 00:00:00</dateCreated>
      </org.openmrs.ConceptAnswer>
      <org.openmrs.ConceptAnswer id="246" uuid="deb59511-e31d-11eb-8057-0242ac140002">
        <conceptAnswerId>16</conceptAnswerId>
        <concept reference="224"/>
        <answerConcept id="247" resolves-to="org.openmrs.Concept" uuid="5622AAAAAAAAAAAAAAAAAAAAAAAAAAAAAAAA">
          <conceptId>5622</conceptId>
          <retired>false</retired>
          <datatype id="248" resolves-to="org.openmrs.ConceptDatatype" uuid="8d4a4c94-c2cc-11de-8d13-0010c6dffd0f">
            <name>N/A</name>
            <description>Not associated with a datatype (e.g., term answers, sets)</description>
            <creator/>
            <dateCreated id="249">2004-02-02 00:00:00</dateCreated>
            <retired>false</retired>
            <retiredBy/>
            <conceptDatatypeId>4</conceptDatatypeId>
            <hl7Abbreviation>ZZ</hl7Abbreviation>
          </datatype>
          <conceptClass id="250" resolves-to="org.openmrs.ConceptClass" uuid="8d492774-c2cc-11de-8d13-0010c6dffd0f">
            <name>Misc</name>
            <description>Terms which don&apos;t fit other categories</description>
            <creator/>
            <dateCreated id="251">2004-03-02 00:00:00</dateCreated>
            <changedBy/>
            <dateChanged id="252">2021-09-15 00:17:15</dateChanged>
            <retired>false</retired>
            <conceptClassId>11</conceptClassId>
          </conceptClass>
          <set>false</set>
          <creator/>
          <dateCreated id="253">2004-08-12 00:00:00</dateCreated>
          <changedBy/>
          <dateChanged id="254">2021-09-15 00:16:46</dateChanged>
          <names class="set" id="255">
            <org.openmrs.ConceptName id="256" uuid="135577BBBBBBBBBBBBBBBBBBBBBBBBBBBBBB">
              <conceptNameId>135577</conceptNameId>
              <concept reference="247"/>
              <name>Lòt ki pa-kode</name>
              <locale id="257">ht</locale>
              <creator/>
              <dateCreated id="258">2016-02-20 05:04:58</dateCreated>
              <voided>false</voided>
              <tags class="set" id="259"/>
              <localePreferred>false</localePreferred>
              <changedBy/>
              <dateChanged id="260">2021-09-15 00:16:46</dateChanged>
            </org.openmrs.ConceptName>
            <org.openmrs.ConceptName id="261" uuid="126207BBBBBBBBBBBBBBBBBBBBBBBBBBBBBB">
              <conceptNameId>126207</conceptNameId>
              <concept reference="247"/>
              <name>Other</name>
              <locale id="262">en</locale>
              <creator/>
              <dateCreated id="263">2014-09-13 21:47:32</dateCreated>
              <voided>false</voided>
              <tags class="set" id="264"/>
              <localePreferred>true</localePreferred>
              <changedBy/>
              <dateChanged id="265">2021-09-15 00:16:46</dateChanged>
            </org.openmrs.ConceptName>
            <org.openmrs.ConceptName id="266" uuid="105802BBBBBBBBBBBBBBBBBBBBBBBBBBBBBB">
              <conceptNameId>105802</conceptNameId>
              <concept reference="247"/>
              <name>Autre et non codé</name>
              <locale id="267">fr</locale>
              <creator/>
              <dateCreated id="268">2010-05-03 16:52:33</dateCreated>
              <voided>false</voided>
              <tags class="set" id="269"/>
              <localePreferred>true</localePreferred>
              <changedBy/>
              <dateChanged id="270">2021-09-15 00:16:46</dateChanged>
            </org.openmrs.ConceptName>
            <org.openmrs.ConceptName id="271" uuid="134542BBBBBBBBBBBBBBBBBBBBBBBBBBBBBB">
              <conceptNameId>134542</conceptNameId>
              <concept reference="247"/>
              <name>LÒT SAN-KÒD</name>
              <locale id="272">ht</locale>
              <creator/>
              <dateCreated id="273">2015-11-04 04:47:47</dateCreated>
              <voided>false</voided>
              <tags class="set" id="274"/>
              <localePreferred>false</localePreferred>
              <changedBy/>
              <dateChanged id="275">2021-09-15 00:16:46</dateChanged>
            </org.openmrs.ConceptName>
            <org.openmrs.ConceptName id="276" uuid="2761BBBBBBBBBBBBBBBBBBBBBBBBBBBBBBBB">
              <conceptNameId>2761</conceptNameId>
              <concept reference="247"/>
              <name>OTHER NON-CODED</name>
              <locale id="277">en</locale>
              <creator/>
              <dateCreated id="278">2004-08-12 00:00:00</dateCreated>
              <voided>false</voided>
              <tags class="set" id="279"/>
              <conceptNameType>FULLY_SPECIFIED</conceptNameType>
              <localePreferred>false</localePreferred>
              <changedBy/>
              <dateChanged id="280">2021-09-15 00:16:46</dateChanged>
            </org.openmrs.ConceptName>
            <org.openmrs.ConceptName id="281" uuid="110113BBBBBBBBBBBBBBBBBBBBBBBBBBBBBB">
              <conceptNameId>110113</conceptNameId>
              <concept reference="247"/>
              <name>Nyinginezo</name>
              <locale id="282">sw</locale>
              <creator/>
              <dateCreated id="283">2012-08-10 19:17:27</dateCreated>
              <voided>false</voided>
              <tags class="set" id="284"/>
              <localePreferred>true</localePreferred>
              <changedBy/>
              <dateChanged id="285">2021-09-15 00:16:46</dateChanged>
            </org.openmrs.ConceptName>
            <org.openmrs.ConceptName id="286" uuid="134541BBBBBBBBBBBBBBBBBBBBBBBBBBBBBB">
              <conceptNameId>134541</conceptNameId>
              <concept reference="247"/>
              <name>Lòt</name>
              <locale id="287">ht</locale>
              <creator/>
              <dateCreated id="288">2015-11-04 04:47:47</dateCreated>
              <voided>false</voided>
              <tags class="set" id="289"/>
              <localePreferred>true</localePreferred>
              <changedBy/>
              <dateChanged id="290">2021-09-15 00:16:46</dateChanged>
            </org.openmrs.ConceptName>
            <org.openmrs.ConceptName id="291" uuid="110860BBBBBBBBBBBBBBBBBBBBBBBBBBBBBB">
              <conceptNameId>110860</conceptNameId>
              <concept reference="247"/>
              <name>Otro no codificado</name>
              <locale id="292">es</locale>
              <creator/>
              <dateCreated id="293">2012-12-16 19:03:55</dateCreated>
              <voided>false</voided>
              <tags class="set" id="294"/>
              <localePreferred>true</localePreferred>
              <changedBy/>
              <dateChanged id="295">2021-09-15 00:16:46</dateChanged>
            </org.openmrs.ConceptName>
          </names>
          <answers class="set" id="296"/>
          <conceptSets class="set" id="297"/>
          <descriptions class="set" id="298">
            <org.openmrs.ConceptDescription id="299" uuid="2253FFFFFFFFFFFFFFFFFFFFFFFFFFFFFFFF">
              <conceptDescriptionId>2253</conceptDescriptionId>
              <concept reference="247"/>
              <description>A generic, descriptive answer which is a handwritten, non-coded response to a question.</description>
              <locale id="300">en</locale>
              <creator/>
              <dateCreated id="301">2004-08-12 00:00:00</dateCreated>
              <changedBy/>
              <dateChanged id="302">2021-09-15 00:16:46</dateChanged>
            </org.openmrs.ConceptDescription>
          </descriptions>
          <conceptMappings class="set" id="303">
            <org.openmrs.ConceptMap id="304" uuid="144395ABBBBBBBBBBBBBBBBBBBBBBBBBBBBB">
              <conceptMapType id="305" resolves-to="org.openmrs.ConceptMapType" uuid="35543629-7d8c-11e1-909d-c80aa9edcf4e">
                <name>SAME-AS</name>
                <creator/>
                <dateCreated id="306">2018-10-12 00:00:00</dateCreated>
                <changedBy/>
                <dateChanged id="307">2021-09-15 00:17:15</dateChanged>
                <retired>false</retired>
                <conceptMapTypeId>1</conceptMapTypeId>
                <isHidden>false</isHidden>
              </conceptMapType>
              <creator/>
              <changedBy/>
              <dateCreated id="308">2012-06-03 19:58:40</dateCreated>
              <dateChanged id="309">2021-09-15 00:16:46</dateChanged>
              <conceptMapId>144395</conceptMapId>
              <concept reference="247"/>
              <conceptReferenceTerm id="310" resolves-to="org.openmrs.ConceptReferenceTerm" uuid="49fd39a2-2b4a-38c2-8f0e-0cb9a7e0fe22">
                <creator/>
                <dateCreated id="311">2012-06-03 00:00:00</dateCreated>
                <changedBy/>
                <dateChanged id="312">2021-09-15 00:16:46</dateChanged>
                <retired>false</retired>
                <conceptReferenceTermId>144395</conceptReferenceTermId>
                <conceptSource id="313" resolves-to="org.openmrs.ConceptSource" uuid="12ADDDDDDDDDDDDDDDDDDDDDDDDDDDDDDDDD">
                  <name>PIH Malawi</name>
                  <description>Partners in Health Malawi concept dictionary</description>
                  <creator/>
                  <dateCreated id="314">2010-10-24 17:02:20</dateCreated>
                  <changedBy/>
                  <dateChanged id="315">2021-09-15 00:17:15</dateChanged>
                  <retired>false</retired>
                  <conceptSourceId>12</conceptSourceId>
                </conceptSource>
                <code>6408</code>
                <conceptReferenceTermMaps id="316"/>
              </conceptReferenceTerm>
            </org.openmrs.ConceptMap>
            <org.openmrs.ConceptMap id="317" uuid="137878ABBBBBBBBBBBBBBBBBBBBBBBBBBBBB">
              <conceptMapType reference="305"/>
              <creator/>
              <changedBy/>
              <dateCreated id="318">2011-01-17 15:43:23</dateCreated>
              <dateChanged id="319">2021-09-15 00:16:46</dateChanged>
              <conceptMapId>137878</conceptMapId>
              <concept reference="247"/>
              <conceptReferenceTerm id="320" resolves-to="org.openmrs.ConceptReferenceTerm" uuid="a4138b87-50d9-30b1-aea4-9fc620570cc6">
                <creator/>
                <dateCreated id="321">2011-01-17 00:00:00</dateCreated>
                <changedBy/>
                <dateChanged id="322">2021-09-15 00:16:46</dateChanged>
                <retired>false</retired>
                <conceptReferenceTermId>137878</conceptReferenceTermId>
                <conceptSource id="323" resolves-to="org.openmrs.ConceptSource" uuid="ddb6b595-0b85-4a80-9243-efe4ba404eef">
                  <name>org.openmrs.module.mdrtb</name>
                  <description>The required concepts for the MDR-TB module</description>
                  <creator/>
                  <dateCreated id="324">2010-12-15 14:00:37</dateCreated>
                  <changedBy/>
                  <dateChanged id="325">2021-09-15 00:17:15</dateChanged>
                  <retired>false</retired>
                  <conceptSourceId>15</conceptSourceId>
                </conceptSource>
                <code>OTHER</code>
                <conceptReferenceTermMaps id="326"/>
              </conceptReferenceTerm>
            </org.openmrs.ConceptMap>
            <org.openmrs.ConceptMap id="327" uuid="172381ABBBBBBBBBBBBBBBBBBBBBBBBBBBBB">
              <conceptMapType reference="305"/>
              <creator/>
              <changedBy/>
              <dateCreated id="328">2013-07-03 18:53:08</dateCreated>
              <dateChanged id="329">2021-09-15 00:16:46</dateChanged>
              <conceptMapId>172381</conceptMapId>
              <concept reference="247"/>
              <conceptReferenceTerm id="330" resolves-to="org.openmrs.ConceptReferenceTerm" uuid="77ae1072-f97e-3c41-ad82-8746ad6f9c26">
                <creator/>
                <dateCreated id="331">2013-07-03 00:00:00</dateCreated>
                <changedBy/>
                <dateChanged id="332">2021-09-15 00:16:46</dateChanged>
                <retired>false</retired>
                <conceptReferenceTermId>172381</conceptReferenceTermId>
                <conceptSource id="333" resolves-to="org.openmrs.ConceptSource" uuid="21ADDDDDDDDDDDDDDDDDDDDDDDDDDDDDDDDD">
                  <name>CIEL</name>
                  <description>Columbia International eHealth Laboratory concept ID</description>
                  <creator/>
                  <dateCreated id="334">2013-07-03 15:55:03</dateCreated>
                  <changedBy/>
                  <dateChanged id="335">2021-09-15 00:17:15</dateChanged>
                  <retired>false</retired>
                  <conceptSourceId>21</conceptSourceId>
                </conceptSource>
                <code>5622</code>
                <conceptReferenceTermMaps id="336"/>
              </conceptReferenceTerm>
            </org.openmrs.ConceptMap>
            <org.openmrs.ConceptMap id="337" uuid="141670ABBBBBBBBBBBBBBBBBBBBBBBBBBBBB">
              <conceptMapType reference="305"/>
              <creator/>
              <changedBy/>
              <dateCreated id="338">2011-02-10 16:54:39</dateCreated>
              <dateChanged id="339">2021-09-15 00:16:46</dateChanged>
              <conceptMapId>141670</conceptMapId>
              <concept reference="247"/>
              <conceptReferenceTerm id="340" resolves-to="org.openmrs.ConceptReferenceTerm" uuid="cd9bed8e-d47a-38bd-a677-695644801d87">
                <creator/>
                <dateCreated id="341">2011-02-10 00:00:00</dateCreated>
                <changedBy/>
                <dateChanged id="342">2021-09-15 00:16:46</dateChanged>
                <retired>false</retired>
                <conceptReferenceTermId>141670</conceptReferenceTermId>
                <conceptSource id="343" resolves-to="org.openmrs.ConceptSource" uuid="14ADDDDDDDDDDDDDDDDDDDDDDDDDDDDDDDDD">
                  <name>SNOMED MVP</name>
                  <description>MVP Namespace Identifier extensions to SNOMED CT</description>
                  <creator/>
                  <dateCreated id="344">2010-12-03 18:18:39</dateCreated>
                  <changedBy/>
                  <dateChanged id="345">2021-09-15 00:16:46</dateChanged>
                  <retired>false</retired>
                  <conceptSourceId>14</conceptSourceId>
                </conceptSource>
                <code>56221000105001</code>
                <conceptReferenceTermMaps id="346"/>
              </conceptReferenceTerm>
            </org.openmrs.ConceptMap>
            <org.openmrs.ConceptMap id="347" uuid="143666ABBBBBBBBBBBBBBBBBBBBBBBBBBBBB">
              <conceptMapType reference="305"/>
              <creator/>
              <changedBy/>
              <dateCreated id="348">2011-05-27 14:13:52</dateCreated>
              <dateChanged id="349">2021-09-15 00:16:46</dateChanged>
              <conceptMapId>143666</conceptMapId>
              <concept reference="247"/>
              <conceptReferenceTerm id="350" resolves-to="org.openmrs.ConceptReferenceTerm" uuid="142f78e3-31a5-3969-a405-286a699f711f">
                <creator/>
                <dateCreated id="351">2011-05-27 00:00:00</dateCreated>
                <changedBy/>
                <dateChanged id="352">2021-09-15 00:16:46</dateChanged>
                <retired>false</retired>
                <conceptReferenceTermId>143663</conceptReferenceTermId>
                <conceptSource id="353" resolves-to="org.openmrs.ConceptSource" uuid="fb9aaaf1-65e2-4c18-b53c-16b575f2f385">
                  <name>PIH</name>
                  <description>Equivalent concept ID in Master Partners-in-Health Concept dictionary</description>
                  <creator/>
                  <dateCreated id="354">2010-08-03 01:50:49</dateCreated>
                  <changedBy/>
                  <dateChanged id="355">2021-09-15 00:17:15</dateChanged>
                  <retired>false</retired>
                  <conceptSourceId>11</conceptSourceId>
                </conceptSource>
                <code>5622</code>
                <conceptReferenceTermMaps id="356"/>
              </conceptReferenceTerm>
            </org.openmrs.ConceptMap>
            <org.openmrs.ConceptMap id="357" uuid="135771ABBBBBBBBBBBBBBBBBBBBBBBBBBBBB">
              <conceptMapType reference="305"/>
              <creator/>
              <changedBy/>
              <dateCreated id="358">2010-10-24 13:09:59</dateCreated>
              <dateChanged id="359">2021-09-15 00:16:46</dateChanged>
              <conceptMapId>135771</conceptMapId>
              <concept reference="247"/>
              <conceptReferenceTerm id="360" resolves-to="org.openmrs.ConceptReferenceTerm" uuid="de4dbf4f-b5ee-3d32-9ce6-ca2e15c2e1b3">
                <creator/>
                <dateCreated id="361">2010-10-24 00:00:00</dateCreated>
                <changedBy/>
                <dateChanged id="362">2021-09-15 00:16:46</dateChanged>
                <retired>false</retired>
                <conceptReferenceTermId>135771</conceptReferenceTermId>
                <conceptSource id="363" resolves-to="org.openmrs.ConceptSource" uuid="13ADDDDDDDDDDDDDDDDDDDDDDDDDDDDDDDDD">
                  <name>AMPATH</name>
                  <description>AMPATH concept dictionary</description>
                  <creator/>
                  <dateCreated id="364">2010-10-24 17:02:38</dateCreated>
                  <changedBy/>
                  <dateChanged id="365">2021-09-15 00:17:15</dateChanged>
                  <retired>false</retired>
                  <conceptSourceId>13</conceptSourceId>
                </conceptSource>
                <code>5622</code>
                <conceptReferenceTermMaps id="366"/>
              </conceptReferenceTerm>
            </org.openmrs.ConceptMap>
            <org.openmrs.ConceptMap id="367" uuid="137766ABBBBBBBBBBBBBBBBBBBBBBBBBBBBB">
              <conceptMapType id="368" resolves-to="org.openmrs.ConceptMapType" uuid="43ac5109-7d8c-11e1-909d-c80aa9edcf4e">
                <name>NARROWER-THAN</name>
                <creator/>
                <dateCreated id="369">2018-10-12 00:00:00</dateCreated>
                <changedBy/>
                <dateChanged id="370">2021-09-15 00:17:15</dateChanged>
                <retired>false</retired>
                <conceptMapTypeId>2</conceptMapTypeId>
                <isHidden>false</isHidden>
              </conceptMapType>
              <creator/>
              <changedBy/>
              <dateCreated id="371">2011-01-15 13:27:39</dateCreated>
              <dateChanged id="372">2021-09-15 00:16:46</dateChanged>
              <conceptMapId>137766</conceptMapId>
              <concept reference="247"/>
              <conceptReferenceTerm id="373" resolves-to="org.openmrs.ConceptReferenceTerm" uuid="17744715-bb7d-3022-96d3-2e2144a778d4">
                <creator/>
                <dateCreated id="374">2011-01-15 00:00:00</dateCreated>
                <changedBy/>
                <dateChanged id="375">2021-09-15 00:16:46</dateChanged>
                <retired>false</retired>
                <conceptReferenceTermId>137766</conceptReferenceTermId>
                <conceptSource id="376" resolves-to="org.openmrs.ConceptSource" uuid="2ADDDDDDDDDDDDDDDDDDDDDDDDDDDDDDDDDD">
                  <name>SNOMED NP</name>
                  <description>Non-preferred SNOMED CT mappings</description>
                  <creator/>
                  <dateCreated id="377">2010-04-25 11:12:44</dateCreated>
                  <changedBy/>
                  <dateChanged id="378">2021-09-15 00:17:15</dateChanged>
                  <retired>false</retired>
                  <conceptSourceId>2</conceptSourceId>
                </conceptSource>
                <code>74964007</code>
                <conceptReferenceTermMaps id="379"/>
              </conceptReferenceTerm>
            </org.openmrs.ConceptMap>
          </conceptMappings>
          <attributes id="380"/>
        </answerConcept>
        <creator/>
        <dateCreated id="381">2019-08-08 00:00:00</dateCreated>
      </org.openmrs.ConceptAnswer>
      <org.openmrs.ConceptAnswer id="382" uuid="deb58deb-e31d-11eb-8057-0242ac140002">
        <conceptAnswerId>15</conceptAnswerId>
        <concept reference="224"/>
        <answerConcept id="383" resolves-to="org.openmrs.Concept" uuid="9027f618-09b5-41cd-9330-b549d0dd280d">
          <conceptId>18</conceptId>
          <retired>false</retired>
          <datatype reference="3"/>
          <conceptClass reference="5"/>
          <set>false</set>
          <creator/>
          <dateCreated id="384">2019-08-08 00:00:00</dateCreated>
          <names class="set" id="385">
            <org.openmrs.ConceptName id="386" uuid="d3906689-0cdc-481d-ab10-0b6f0734846b">
              <conceptNameId>36</conceptNameId>
              <concept reference="383"/>
              <name>LFU and regular defaulters</name>
              <locale id="387">en-gb</locale>
              <creator/>
              <dateCreated id="388">2019-08-08 00:00:00</dateCreated>
              <voided>false</voided>
              <tags class="set" id="389"/>
              <conceptNameType>FULLY_SPECIFIED</conceptNameType>
              <localePreferred>true</localePreferred>
            </org.openmrs.ConceptName>
          </names>
          <answers class="set" id="390"/>
          <conceptSets class="set" id="391"/>
          <descriptions class="set" id="392"/>
          <conceptMappings class="set" id="393"/>
          <attributes id="394"/>
        </answerConcept>
        <creator/>
        <dateCreated id="395">2019-08-08 00:00:00</dateCreated>
      </org.openmrs.ConceptAnswer>
      <org.openmrs.ConceptAnswer id="396" uuid="deb538db-e31d-11eb-8057-0242ac140002">
        <conceptAnswerId>12</conceptAnswerId>
        <concept reference="224"/>
        <answerConcept reference="19"/>
        <creator/>
        <dateCreated id="397">2019-08-08 00:00:00</dateCreated>
      </org.openmrs.ConceptAnswer>
      <org.openmrs.ConceptAnswer id="398" uuid="deb5724e-e31d-11eb-8057-0242ac140002">
        <conceptAnswerId>14</conceptAnswerId>
        <concept reference="224"/>
        <answerConcept reference="128"/>
        <creator/>
        <dateCreated id="399">2019-08-08 00:00:00</dateCreated>
      </org.openmrs.ConceptAnswer>
      <org.openmrs.ConceptAnswer id="400" uuid="deb523ab-e31d-11eb-8057-0242ac140002">
        <conceptAnswerId>11</conceptAnswerId>
        <concept reference="224"/>
        <answerConcept reference="188"/>
        <creator/>
        <dateCreated id="401">2019-08-08 00:00:00</dateCreated>
      </org.openmrs.ConceptAnswer>
    </answers>
    <conceptSets class="set" id="402"/>
    <descriptions class="set" id="403"/>
    <conceptMappings class="set" id="404"/>
    <attributes id="405"/>
  </org.openmrs.Concept>
  <org.openmrs.Concept id="406" uuid="fb2045ef-7b1a-4e90-9f47-408aca35c2a8">
    <conceptId>6</conceptId>
    <retired>false</retired>
    <datatype reference="3"/>
    <conceptClass reference="5"/>
    <set>false</set>
    <creator/>
    <dateCreated id="407">2019-08-08 00:00:00</dateCreated>
    <names class="set" id="408">
      <org.openmrs.ConceptName id="409" uuid="699a6db1-95b4-4da4-bf8e-8c490bbf1a68">
        <conceptNameId>24</conceptNameId>
        <concept reference="406"/>
        <name>Trucker</name>
        <locale id="410">en-gb</locale>
        <creator/>
        <dateCreated id="411">2019-08-08 00:00:00</dateCreated>
        <voided>false</voided>
        <tags class="set" id="412"/>
        <conceptNameType>FULLY_SPECIFIED</conceptNameType>
        <localePreferred>true</localePreferred>
      </org.openmrs.ConceptName>
    </names>
    <answers class="set" id="413"/>
    <conceptSets class="set" id="414"/>
    <descriptions class="set" id="415"/>
    <conceptMappings class="set" id="416"/>
    <attributes id="417"/>
  </org.openmrs.Concept>
  <org.openmrs.Concept id="418" uuid="553b9a1d-d117-4460-9c8c-2c0eb5ad0518">
    <conceptId>11</conceptId>
    <retired>false</retired>
    <datatype reference="3"/>
    <conceptClass reference="5"/>
    <set>false</set>
    <creator/>
    <dateCreated id="419">2019-08-08 00:00:00</dateCreated>
    <names class="set" id="420">
      <org.openmrs.ConceptName id="421" uuid="885adf20-6abc-4a43-ab60-ff45c647f6d4">
        <conceptNameId>29</conceptNameId>
        <concept reference="418"/>
        <name>Probable unsafe injection</name>
        <locale id="422">en-gb</locale>
        <creator/>
        <dateCreated id="423">2019-08-08 00:00:00</dateCreated>
        <voided>false</voided>
        <tags class="set" id="424"/>
        <conceptNameType>FULLY_SPECIFIED</conceptNameType>
        <localePreferred>true</localePreferred>
      </org.openmrs.ConceptName>
    </names>
    <answers class="set" id="425"/>
    <conceptSets class="set" id="426"/>
    <descriptions class="set" id="427"/>
    <conceptMappings class="set" id="428"/>
    <attributes id="429"/>
  </org.openmrs.Concept>
  <org.openmrs.Concept reference="383"/>
  <org.openmrs.Concept reference="71"/>
  <org.openmrs.Concept reference="57"/>
  <org.openmrs.Concept id="430" uuid="f7c6f4f7-89d2-48f9-8844-c1a6564231c0">
    <conceptId>3</conceptId>
    <retired>false</retired>
    <datatype reference="3"/>
    <conceptClass reference="32"/>
    <set>false</set>
    <creator/>
    <dateCreated id="431">2019-08-08 00:00:00</dateCreated>
    <names class="set" id="432">
      <org.openmrs.ConceptName id="433" uuid="e3ee53be-8015-452c-99fa-37c3757054bd">
        <conceptNameId>21</conceptNameId>
        <concept reference="430"/>
        <name>Risk factor for HIV</name>
        <locale id="434">en-gb</locale>
        <creator/>
        <dateCreated id="435">2019-08-08 00:00:00</dateCreated>
        <voided>false</voided>
        <tags class="set" id="436"/>
        <conceptNameType>FULLY_SPECIFIED</conceptNameType>
        <localePreferred>true</localePreferred>
      </org.openmrs.ConceptName>
    </names>
    <answers class="set" id="437">
      <org.openmrs.ConceptAnswer id="438" uuid="deb38705-e31d-11eb-8057-0242ac140002">
        <conceptAnswerId>1</conceptAnswerId>
        <concept reference="430"/>
        <answerConcept reference="200"/>
        <creator/>
        <dateCreated id="439">2019-08-08 00:00:00</dateCreated>
      </org.openmrs.ConceptAnswer>
      <org.openmrs.ConceptAnswer id="440" uuid="deb47d1b-e31d-11eb-8057-0242ac140002">
        <conceptAnswerId>4</conceptAnswerId>
        <concept reference="430"/>
        <answerConcept reference="140"/>
        <creator/>
        <dateCreated id="441">2019-08-08 00:00:00</dateCreated>
      </org.openmrs.ConceptAnswer>
      <org.openmrs.ConceptAnswer id="442" uuid="deb4c4c5-e31d-11eb-8057-0242ac140002">
        <conceptAnswerId>7</conceptAnswerId>
        <concept reference="430"/>
        <answerConcept reference="212"/>
        <creator/>
        <dateCreated id="443">2019-08-08 00:00:00</dateCreated>
      </org.openmrs.ConceptAnswer>
      <org.openmrs.ConceptAnswer id="444" uuid="deb4fc46-e31d-11eb-8057-0242ac140002">
        <conceptAnswerId>10</conceptAnswerId>
        <concept reference="430"/>
        <answerConcept id="445" resolves-to="org.openmrs.Concept" uuid="1067AAAAAAAAAAAAAAAAAAAAAAAAAAAAAAAA">
          <conceptId>1067</conceptId>
          <retired>false</retired>
          <datatype reference="248"/>
          <conceptClass reference="250"/>
          <set>false</set>
          <creator/>
          <dateCreated id="446">2005-01-06 00:00:00</dateCreated>
          <changedBy/>
          <dateChanged id="447">2021-09-15 00:17:15</dateChanged>
          <names class="set" id="448">
            <org.openmrs.ConceptName id="449" uuid="127334BBBBBBBBBBBBBBBBBBBBBBBBBBBBBB">
              <conceptNameId>127334</conceptNameId>
              <concept reference="445"/>
              <name>জানিনা</name>
              <locale id="450">bn</locale>
              <creator/>
              <dateCreated id="451">2015-04-24 17:19:36</dateCreated>
              <voided>false</voided>
              <tags class="set" id="452"/>
              <conceptNameType>FULLY_SPECIFIED</conceptNameType>
              <localePreferred>true</localePreferred>
              <changedBy/>
              <dateChanged id="453">2021-09-15 00:17:15</dateChanged>
            </org.openmrs.ConceptName>
            <org.openmrs.ConceptName id="454" uuid="139801BBBBBBBBBBBBBBBBBBBBBBBBBBBBBB">
              <conceptNameId>139801</conceptNameId>
              <concept reference="445"/>
              <name>معلوم نہیں</name>
              <locale id="455">ur</locale>
              <creator/>
              <dateCreated id="456">2016-08-16 07:46:02</dateCreated>
              <voided>false</voided>
              <tags class="set" id="457"/>
              <conceptNameType>FULLY_SPECIFIED</conceptNameType>
              <localePreferred>true</localePreferred>
              <changedBy/>
              <dateChanged id="458">2021-09-15 00:17:15</dateChanged>
            </org.openmrs.ConceptName>
            <org.openmrs.ConceptName id="459" uuid="1140BBBBBBBBBBBBBBBBBBBBBBBBBBBBBBBB">
              <conceptNameId>1140</conceptNameId>
              <concept reference="445"/>
              <name>Unknown</name>
              <locale id="460">en</locale>
              <creator/>
              <dateCreated id="461">2005-01-06 00:00:00</dateCreated>
              <voided>false</voided>
              <tags class="set" id="462"/>
              <conceptNameType>FULLY_SPECIFIED</conceptNameType>
              <localePreferred>true</localePreferred>
              <changedBy/>
              <dateChanged id="463">2021-09-15 00:17:15</dateChanged>
            </org.openmrs.ConceptName>
            <org.openmrs.ConceptName id="464" uuid="108336BBBBBBBBBBBBBBBBBBBBBBBBBBBBBB">
              <conceptNameId>108336</conceptNameId>
              <concept reference="445"/>
              <name>Desconocida</name>
              <locale id="465">es</locale>
              <creator/>
              <dateCreated id="466">2012-03-04 18:59:44</dateCreated>
              <voided>false</voided>
              <tags class="set" id="467"/>
              <localePreferred>false</localePreferred>
              <changedBy/>
              <dateChanged id="468">2021-09-15 00:17:15</dateChanged>
            </org.openmrs.ConceptName>
            <org.openmrs.ConceptName id="469" uuid="135594BBBBBBBBBBBBBBBBBBBBBBBBBBBBBB">
              <conceptNameId>135594</conceptNameId>
              <concept reference="445"/>
              <name>Enkoni</name>
              <locale id="470">ht</locale>
              <creator/>
              <dateCreated id="471">2016-02-20 05:13:35</dateCreated>
              <voided>false</voided>
              <tags class="set" id="472"/>
              <conceptNameType>FULLY_SPECIFIED</conceptNameType>
              <localePreferred>true</localePreferred>
              <changedBy/>
              <dateChanged id="473">2021-09-15 00:17:15</dateChanged>
            </org.openmrs.ConceptName>
            <org.openmrs.ConceptName id="474" uuid="111191BBBBBBBBBBBBBBBBBBBBBBBBBBBBBB">
              <conceptNameId>111191</conceptNameId>
              <concept reference="445"/>
              <name>Не известно</name>
              <locale id="475">ru</locale>
              <creator/>
              <dateCreated id="476">2013-01-27 01:36:57</dateCreated>
              <voided>false</voided>
              <tags class="set" id="477"/>
              <conceptNameType>FULLY_SPECIFIED</conceptNameType>
              <localePreferred>true</localePreferred>
              <changedBy/>
              <dateChanged id="478">2021-09-15 00:17:15</dateChanged>
            </org.openmrs.ConceptName>
            <org.openmrs.ConceptName id="479" uuid="108335BBBBBBBBBBBBBBBBBBBBBBBBBBBBBB">
              <conceptNameId>108335</conceptNameId>
              <concept reference="445"/>
              <name>Desconocido</name>
              <locale id="480">es</locale>
              <creator/>
              <dateCreated id="481">2012-03-04 18:59:44</dateCreated>
              <voided>false</voided>
              <tags class="set" id="482"/>
              <conceptNameType>FULLY_SPECIFIED</conceptNameType>
              <localePreferred>true</localePreferred>
              <changedBy/>
              <dateChanged id="483">2021-09-15 00:17:15</dateChanged>
            </org.openmrs.ConceptName>
            <org.openmrs.ConceptName id="484" uuid="1141BBBBBBBBBBBBBBBBBBBBBBBBBBBBBBBB">
              <conceptNameId>1141</conceptNameId>
              <concept reference="445"/>
              <name>Ne sait pas</name>
              <locale id="485">fr</locale>
              <creator/>
              <dateCreated id="486">2008-05-19 17:19:37</dateCreated>
              <voided>false</voided>
              <tags class="set" id="487"/>
              <conceptNameType>FULLY_SPECIFIED</conceptNameType>
              <localePreferred>true</localePreferred>
              <changedBy/>
              <dateChanged id="488">2021-09-15 00:17:15</dateChanged>
            </org.openmrs.ConceptName>
            <org.openmrs.ConceptName id="489" uuid="106309BBBBBBBBBBBBBBBBBBBBBBBBBBBBBB">
              <conceptNameId>106309</conceptNameId>
              <concept reference="445"/>
              <name>Ntabizi</name>
              <locale id="490">rw</locale>
              <creator/>
              <dateCreated id="491">2010-06-21 19:12:14</dateCreated>
              <voided>false</voided>
              <tags class="set" id="492"/>
              <conceptNameType>FULLY_SPECIFIED</conceptNameType>
              <localePreferred>true</localePreferred>
              <changedBy/>
              <dateChanged id="493">2021-09-15 00:17:15</dateChanged>
            </org.openmrs.ConceptName>
            <org.openmrs.ConceptName id="494" uuid="110114BBBBBBBBBBBBBBBBBBBBBBBBBBBBBB">
              <conceptNameId>110114</conceptNameId>
              <concept reference="445"/>
              <name>HAIJULIKANI</name>
              <locale id="495">sw</locale>
              <creator/>
              <dateCreated id="496">2012-08-10 19:19:26</dateCreated>
              <voided>false</voided>
              <tags class="set" id="497"/>
              <conceptNameType>FULLY_SPECIFIED</conceptNameType>
              <localePreferred>true</localePreferred>
              <changedBy/>
              <dateChanged id="498">2021-09-15 00:17:15</dateChanged>
            </org.openmrs.ConceptName>
            <org.openmrs.ConceptName id="499" uuid="105793BBBBBBBBBBBBBBBBBBBBBBBBBBBBBB">
              <conceptNameId>105793</conceptNameId>
              <concept reference="445"/>
              <name>Inconnu</name>
              <locale id="500">fr</locale>
              <creator/>
              <dateCreated id="501">2010-05-03 16:52:33</dateCreated>
              <voided>false</voided>
              <tags class="set" id="502"/>
              <localePreferred>false</localePreferred>
              <changedBy/>
              <dateChanged id="503">2021-09-15 00:17:15</dateChanged>
            </org.openmrs.ConceptName>
          </names>
          <answers class="set" id="504"/>
          <conceptSets class="set" id="505"/>
          <descriptions class="set" id="506">
            <org.openmrs.ConceptDescription id="507" uuid="18157FFFFFFFFFFFFFFFFFFFFFFFFFFFFFFF">
              <conceptDescriptionId>18157</conceptDescriptionId>
              <concept reference="445"/>
              <description>کسی سوال کا عام جواب</description>
              <locale id="508">ur</locale>
              <creator/>
              <dateCreated id="509">2016-08-16 07:46:41</dateCreated>
              <changedBy/>
              <dateChanged id="510">2021-09-15 00:17:15</dateChanged>
            </org.openmrs.ConceptDescription>
            <org.openmrs.ConceptDescription id="511" uuid="1070FFFFFFFFFFFFFFFFFFFFFFFFFFFFFFFF">
              <conceptDescriptionId>1070</conceptDescriptionId>
              <concept reference="445"/>
              <description>Generic answer to a question.</description>
              <locale id="512">en</locale>
              <creator/>
              <dateCreated id="513">2005-01-06 00:00:00</dateCreated>
              <changedBy/>
              <dateChanged id="514">2021-09-15 00:17:15</dateChanged>
            </org.openmrs.ConceptDescription>
          </descriptions>
          <conceptMappings class="set" id="515">
            <org.openmrs.ConceptMap id="516" uuid="133842ABBBBBBBBBBBBBBBBBBBBBBBBBBBBB">
              <conceptMapType reference="305"/>
              <creator/>
              <changedBy/>
              <dateCreated id="517">2010-10-01 19:14:01</dateCreated>
              <dateChanged id="518">2021-09-15 00:17:15</dateChanged>
              <conceptMapId>133842</conceptMapId>
              <concept reference="445"/>
              <conceptReferenceTerm id="519" resolves-to="org.openmrs.ConceptReferenceTerm" uuid="2d7618d4-61c6-3389-bd89-5d1c0025cca8">
                <creator/>
                <dateCreated id="520">2010-10-01 00:00:00</dateCreated>
                <changedBy/>
                <dateChanged id="521">2021-09-15 00:17:15</dateChanged>
                <retired>false</retired>
                <conceptReferenceTermId>133842</conceptReferenceTermId>
                <conceptSource id="522" resolves-to="org.openmrs.ConceptSource" uuid="1ADDDDDDDDDDDDDDDDDDDDDDDDDDDDDDDDDD">
                  <name>SNOMED CT</name>
                  <description>SNOMED Preferred mapping</description>
                  <creator/>
                  <dateCreated id="523">2009-11-19 20:19:16</dateCreated>
                  <changedBy/>
                  <dateChanged id="524">2021-09-15 00:17:15</dateChanged>
                  <retired>false</retired>
                  <conceptSourceId>1</conceptSourceId>
                  <hl7Code>SCT</hl7Code>
                </conceptSource>
                <code>261665006</code>
                <conceptReferenceTermMaps id="525"/>
              </conceptReferenceTerm>
            </org.openmrs.ConceptMap>
            <org.openmrs.ConceptMap id="526" uuid="143603ABBBBBBBBBBBBBBBBBBBBBBBBBBBBB">
              <conceptMapType reference="305"/>
              <creator/>
              <changedBy/>
              <dateCreated id="527">2011-05-20 13:26:38</dateCreated>
              <dateChanged id="528">2021-09-15 00:17:15</dateChanged>
              <conceptMapId>143603</conceptMapId>
              <concept reference="445"/>
              <conceptReferenceTerm id="529" resolves-to="org.openmrs.ConceptReferenceTerm" uuid="2c0fb90a-2fe7-39b8-a088-4093eeb6d4fd">
                <creator/>
                <dateCreated id="530">2011-05-20 00:00:00</dateCreated>
                <changedBy/>
                <dateChanged id="531">2021-09-15 00:17:15</dateChanged>
                <retired>false</retired>
                <conceptReferenceTermId>143603</conceptReferenceTermId>
                <conceptSource reference="353"/>
                <code>1067</code>
                <conceptReferenceTermMaps id="532"/>
              </conceptReferenceTerm>
            </org.openmrs.ConceptMap>
            <org.openmrs.ConceptMap id="533" uuid="137877ABBBBBBBBBBBBBBBBBBBBBBBBBBBBB">
              <conceptMapType reference="305"/>
              <creator/>
              <changedBy/>
              <dateCreated id="534">2011-01-17 15:40:39</dateCreated>
              <dateChanged id="535">2021-09-15 00:17:15</dateChanged>
              <conceptMapId>137877</conceptMapId>
              <concept reference="445"/>
              <conceptReferenceTerm id="536" resolves-to="org.openmrs.ConceptReferenceTerm" uuid="74e7b680-84b4-3bb8-9dd4-7e5f1c08a82b">
                <creator/>
                <dateCreated id="537">2011-01-17 00:00:00</dateCreated>
                <changedBy/>
                <dateChanged id="538">2021-09-15 00:17:15</dateChanged>
                <retired>false</retired>
                <conceptReferenceTermId>137877</conceptReferenceTermId>
                <conceptSource reference="323"/>
                <code>UNKNOWN</code>
                <conceptReferenceTermMaps id="539"/>
              </conceptReferenceTerm>
            </org.openmrs.ConceptMap>
            <org.openmrs.ConceptMap id="540" uuid="134739ABBBBBBBBBBBBBBBBBBBBBBBBBBBBB">
              <conceptMapType reference="305"/>
              <creator/>
              <changedBy/>
              <dateCreated id="541">2010-10-24 13:09:59</dateCreated>
              <dateChanged id="542">2021-09-15 00:17:15</dateChanged>
              <conceptMapId>134739</conceptMapId>
              <concept reference="445"/>
              <conceptReferenceTerm id="543" resolves-to="org.openmrs.ConceptReferenceTerm" uuid="86e0b01a-cf11-334f-901f-ae1cea9ae9bf">
                <creator/>
                <dateCreated id="544">2010-10-24 00:00:00</dateCreated>
                <changedBy/>
                <dateChanged id="545">2021-09-15 00:17:15</dateChanged>
                <retired>false</retired>
                <conceptReferenceTermId>134739</conceptReferenceTermId>
                <conceptSource reference="363"/>
                <code>1067</code>
                <conceptReferenceTermMaps id="546"/>
              </conceptReferenceTerm>
            </org.openmrs.ConceptMap>
            <org.openmrs.ConceptMap id="547" uuid="171330ABBBBBBBBBBBBBBBBBBBBBBBBBBBBB">
              <conceptMapType reference="305"/>
              <creator/>
              <changedBy/>
              <dateCreated id="548">2013-07-03 18:53:08</dateCreated>
              <dateChanged id="549">2021-09-15 00:17:15</dateChanged>
              <conceptMapId>171330</conceptMapId>
              <concept reference="445"/>
              <conceptReferenceTerm id="550" resolves-to="org.openmrs.ConceptReferenceTerm" uuid="dd4b8153-b34a-38ed-9f19-3bfbd873e852">
                <creator/>
                <dateCreated id="551">2013-07-03 00:00:00</dateCreated>
                <changedBy/>
                <dateChanged id="552">2021-09-15 00:17:15</dateChanged>
                <retired>false</retired>
                <conceptReferenceTermId>171330</conceptReferenceTermId>
                <conceptSource reference="333"/>
                <code>1067</code>
                <conceptReferenceTermMaps id="553"/>
              </conceptReferenceTerm>
            </org.openmrs.ConceptMap>
          </conceptMappings>
          <attributes id="554"/>
        </answerConcept>
        <creator/>
        <dateCreated id="555">2019-08-08 00:00:00</dateCreated>
      </org.openmrs.ConceptAnswer>
      <org.openmrs.ConceptAnswer id="556" uuid="deb42833-e31d-11eb-8057-0242ac140002">
        <conceptAnswerId>3</conceptAnswerId>
        <concept reference="430"/>
        <answerConcept reference="406"/>
        <creator/>
        <dateCreated id="557">2019-08-08 00:00:00</dateCreated>
      </org.openmrs.ConceptAnswer>
      <org.openmrs.ConceptAnswer id="558" uuid="deb39d3d-e31d-11eb-8057-0242ac140002">
        <conceptAnswerId>2</conceptAnswerId>
        <concept reference="430"/>
        <answerConcept reference="164"/>
        <creator/>
        <dateCreated id="559">2019-08-08 00:00:00</dateCreated>
      </org.openmrs.ConceptAnswer>
      <org.openmrs.ConceptAnswer id="560" uuid="deb4da49-e31d-11eb-8057-0242ac140002">
        <conceptAnswerId>8</conceptAnswerId>
        <concept reference="430"/>
        <answerConcept reference="418"/>
        <creator/>
        <dateCreated id="561">2019-08-08 00:00:00</dateCreated>
      </org.openmrs.ConceptAnswer>
      <org.openmrs.ConceptAnswer id="562" uuid="deb4987d-e31d-11eb-8057-0242ac140002">
        <conceptAnswerId>5</conceptAnswerId>
        <concept reference="430"/>
        <answerConcept reference="176"/>
        <creator/>
        <dateCreated id="563">2019-08-08 00:00:00</dateCreated>
      </org.openmrs.ConceptAnswer>
      <org.openmrs.ConceptAnswer id="564" uuid="deb4aead-e31d-11eb-8057-0242ac140002">
        <conceptAnswerId>6</conceptAnswerId>
        <concept reference="430"/>
        <answerConcept reference="152"/>
        <creator/>
        <dateCreated id="565">2019-08-08 00:00:00</dateCreated>
      </org.openmrs.ConceptAnswer>
      <org.openmrs.ConceptAnswer id="566" uuid="deb4f558-e31d-11eb-8057-0242ac140002">
        <conceptAnswerId>9</conceptAnswerId>
        <concept reference="430"/>
        <answerConcept reference="88"/>
        <creator/>
        <dateCreated id="567">2019-08-08 00:00:00</dateCreated>
      </org.openmrs.ConceptAnswer>
    </answers>
    <conceptSets class="set" id="568"/>
    <descriptions class="set" id="569"/>
    <conceptMappings class="set" id="570"/>
    <attributes id="571"/>
  </org.openmrs.Concept>
  <org.openmrs.Concept reference="233"/>
</list>
