<?xml version="1.0" encoding="UTF-8"?>
<package id="1" uuid="c6a297e8-7955-461c-90f0-e9440f5c0b51">
  <dateCreated id="2">2020-02-28 12:38:48</dateCreated>
  <name>Visit_Outcome_Information</name>
  <description>The package containing concepts for visit outcome information section</description>
  <openmrsVersion>2.1.4  Build 2cb839</openmrsVersion>
  <version>1</version>
  <groupUuid>f200afee-98b5-433a-8773-98a2d0f9c255</groupUuid>
  <modules id="3">
    <entry>
      <string>calculation</string>
      <string>1.2</string>
    </entry>
    <entry>
      <string>legacyui</string>
      <string>1.5.0</string>
    </entry>
    <entry>
      <string>referenceapplication</string>
      <string>2.9.0</string>
    </entry>
    <entry>
      <string>attachments</string>
      <string>2.1.0</string>
    </entry>
    <entry>
      <string>metadatadeploy</string>
      <string>1.11.0</string>
    </entry>
    <entry>
      <string>fhir</string>
      <string>1.18.0</string>
    </entry>
    <entry>
      <string>appointmentscheduling</string>
      <string>1.10.0</string>
    </entry>
    <entry>
      <string>atlas</string>
      <string>2.2</string>
    </entry>
    <entry>
      <string>metadatasharing</string>
      <string>1.5.0</string>
    </entry>
    <entry>
      <string>appointmentschedulingui</string>
      <string>1.8.0-SNAPSHOT</string>
    </entry>
    <entry>
      <string>allergyui</string>
      <string>1.8.1</string>
    </entry>
    <entry>
      <string>formentryapp</string>
      <string>1.4.2</string>
    </entry>
    <entry>
      <string>chartsearch</string>
      <string>2.1.0</string>
    </entry>
    <entry>
      <string>providermanagement</string>
      <string>2.10.0</string>
    </entry>
    <entry>
      <string>visits</string>
      <string>1.0.0-SNAPSHOT</string>
    </entry>
    <entry>
      <string>htmlwidgets</string>
      <string>1.10.0</string>
    </entry>
    <entry>
      <string>dataexchange</string>
      <string>1.3.3</string>
    </entry>
    <entry>
      <string>referencedemodata</string>
      <string>1.4.4</string>
    </entry>
    <entry>
      <string>addresshierarchy</string>
      <string>2.11.0</string>
    </entry>
    <entry>
      <string>reportingrest</string>
      <string>1.10.0</string>
    </entry>
    <entry>
      <string>uiframework</string>
      <string>3.15.0</string>
    </entry>
    <entry>
      <string>reportingui</string>
      <string>1.6.0</string>
    </entry>
    <entry>
      <string>referencemetadata</string>
      <string>2.9.0</string>
    </entry>
    <entry>
      <string>event</string>
      <string>2.7.0</string>
    </entry>
    <entry>
      <string>uicommons</string>
      <string>2.6.1</string>
    </entry>
    <entry>
      <string>patientflags</string>
      <string>3.0.2-SNAPSHOT</string>
    </entry>
    <entry>
      <string>reporting</string>
      <string>1.17.0</string>
    </entry>
    <entry>
      <string>emrapi</string>
      <string>1.27.0</string>
    </entry>
    <entry>
      <string>registrationapp</string>
      <string>1.13.0</string>
    </entry>
    <entry>
      <string>callflows</string>
      <string>1.0.0-SNAPSHOT</string>
    </entry>
    <entry>
      <string>idgen</string>
      <string>4.5.0</string>
    </entry>
    <entry>
      <string>htmlformentryui</string>
      <string>1.7.0</string>
    </entry>
    <entry>
      <string>htmlformentry</string>
      <string>3.8.0</string>
    </entry>
    <entry>
      <string>cfl</string>
      <string>1.0.0-SNAPSHOT</string>
    </entry>
    <entry>
      <string>reportingcompatibility</string>
      <string>2.0.6</string>
    </entry>
    <entry>
      <string>uilibrary</string>
      <string>2.0.6</string>
    </entry>
    <entry>
      <string>locationbasedaccess</string>
      <string>0.1.1</string>
    </entry>
    <entry>
      <string>appframework</string>
      <string>2.13.0</string>
    </entry>
    <entry>
      <string>webservices.rest</string>
      <string>2.24.0.573609</string>
    </entry>
    <entry>
      <string>adminui</string>
      <string>1.2.4</string>
    </entry>
    <entry>
      <string>registrationcore</string>
      <string>1.8.0</string>
    </entry>
    <entry>
      <string>owa</string>
      <string>1.10.0</string>
    </entry>
    <entry>
      <string>messages</string>
      <string>1.0.0-SNAPSHOT</string>
    </entry>
    <entry>
      <string>metadatamapping</string>
      <string>1.3.4</string>
    </entry>
    <entry>
      <string>coreapps</string>
      <string>1.21.0</string>
    </entry>
    <entry>
      <string>appui</string>
      <string>1.9.0</string>
    </entry>
    <entry>
      <string>serialization.xstream</string>
      <string>0.2.14</string>
    </entry>
  </modules>
  <items class="linked-hash-set" id="4">
    <org.openmrs.module.metadatasharing.Item id="5" uuid="1f73dfc6-083e-48fe-b4ef-ae29b12dadf9">
      <id>165338</id>
      <classname>org.openmrs.Concept</classname>
      <dateChanged id="6">2020-02-28 12:35:45</dateChanged>
      <retired>false</retired>
    </org.openmrs.module.metadatasharing.Item>
    <org.openmrs.module.metadatasharing.Item id="7" uuid="195fb24f-2c50-4052-9c66-ced95ce36fb0">
      <id>165344</id>
      <classname>org.openmrs.Concept</classname>
      <dateChanged id="8">2020-02-28 12:35:45</dateChanged>
      <retired>false</retired>
    </org.openmrs.module.metadatasharing.Item>
    <org.openmrs.module.metadatasharing.Item id="9" uuid="b2f5be6e-47af-4dda-991b-383084126c61">
      <id>165347</id>
      <classname>org.openmrs.Concept</classname>
      <dateChanged id="10">2020-02-28 12:35:45</dateChanged>
      <retired>false</retired>
    </org.openmrs.module.metadatasharing.Item>
    <org.openmrs.module.metadatasharing.Item id="11" uuid="ac76a287-04d3-49be-ab26-272f49bba6d3">
      <id>165348</id>
      <classname>org.openmrs.Concept</classname>
      <dateChanged id="12">2020-02-28 12:35:45</dateChanged>
      <retired>false</retired>
    </org.openmrs.module.metadatasharing.Item>
    <org.openmrs.module.metadatasharing.Item id="13" uuid="a1a90a72-45fc-4e74-bc6e-94b3fbf6e907">
      <id>165336</id>
      <classname>org.openmrs.Concept</classname>
      <dateChanged id="14">2020-02-28 12:35:45</dateChanged>
      <retired>false</retired>
    </org.openmrs.module.metadatasharing.Item>
    <org.openmrs.module.metadatasharing.Item id="15" uuid="91a7c134-4503-48ff-85cd-3617849646ce">
      <id>165337</id>
      <classname>org.openmrs.Concept</classname>
      <dateChanged id="16">2020-02-28 12:35:45</dateChanged>
      <retired>false</retired>
    </org.openmrs.module.metadatasharing.Item>
    <org.openmrs.module.metadatasharing.Item id="17" uuid="0e551876-b0b2-4962-ac43-2dfb47d0a742">
      <id>165333</id>
      <classname>org.openmrs.Concept</classname>
      <dateChanged id="18">2020-02-28 12:35:45</dateChanged>
      <retired>false</retired>
    </org.openmrs.module.metadatasharing.Item>
    <org.openmrs.module.metadatasharing.Item id="19" uuid="fe9b0196-2e73-4922-b1de-bd1f60206a85">
      <id>165335</id>
      <classname>org.openmrs.Concept</classname>
      <dateChanged id="20">2020-02-28 12:35:45</dateChanged>
      <retired>false</retired>
    </org.openmrs.module.metadatasharing.Item>
    <org.openmrs.module.metadatasharing.Item id="21" uuid="bf83a918-c849-46ee-bf62-ebaec76af633">
      <id>165343</id>
      <classname>org.openmrs.Concept</classname>
      <dateChanged id="22">2020-02-28 12:35:45</dateChanged>
      <retired>false</retired>
    </org.openmrs.module.metadatasharing.Item>
    <org.openmrs.module.metadatasharing.Item id="23" uuid="b91a5c1e-874c-433b-86ce-3cdb580977ec">
      <id>165345</id>
      <classname>org.openmrs.Concept</classname>
      <dateChanged id="24">2020-02-28 12:35:45</dateChanged>
      <retired>false</retired>
    </org.openmrs.module.metadatasharing.Item>
    <org.openmrs.module.metadatasharing.Item id="25" uuid="06d5d483-ed76-4238-8784-783c1860a613">
      <id>165352</id>
      <classname>org.openmrs.Concept</classname>
      <dateChanged id="26">2020-02-28 12:35:45</dateChanged>
      <retired>false</retired>
    </org.openmrs.module.metadatasharing.Item>
    <org.openmrs.module.metadatasharing.Item id="27" uuid="65d0ef34-b720-4ba7-8d42-167cf3730f4c">
      <id>165334</id>
      <classname>org.openmrs.Concept</classname>
      <dateChanged id="28">2020-02-28 12:35:45</dateChanged>
      <retired>false</retired>
    </org.openmrs.module.metadatasharing.Item>
    <org.openmrs.module.metadatasharing.Item id="29" uuid="fcd62a44-7c3d-440e-95e6-70b1c3b5a422">
      <id>165339</id>
      <classname>org.openmrs.Concept</classname>
      <dateChanged id="30">2020-02-28 12:35:45</dateChanged>
      <retired>false</retired>
    </org.openmrs.module.metadatasharing.Item>
    <org.openmrs.module.metadatasharing.Item id="31" uuid="bc3c1970-38f0-4dc3-8dba-36a1640016e5">
      <id>165351</id>
      <classname>org.openmrs.Concept</classname>
      <dateChanged id="32">2020-02-28 12:35:45</dateChanged>
      <retired>false</retired>
    </org.openmrs.module.metadatasharing.Item>
    <org.openmrs.module.metadatasharing.Item id="33" uuid="501ed57a-eff8-40f7-9b0a-1857bac76d89">
      <id>165341</id>
      <classname>org.openmrs.Concept</classname>
      <dateChanged id="34">2020-02-28 12:35:45</dateChanged>
      <retired>false</retired>
    </org.openmrs.module.metadatasharing.Item>
    <org.openmrs.module.metadatasharing.Item id="35" uuid="87c318e3-a2d4-47de-a6cb-383cf29738d3">
      <id>165342</id>
      <classname>org.openmrs.Concept</classname>
      <dateChanged id="36">2020-02-28 12:37:51</dateChanged>
      <retired>false</retired>
    </org.openmrs.module.metadatasharing.Item>
    <org.openmrs.module.metadatasharing.Item id="37" uuid="4e93fcc8-c18f-48c2-8c58-b4b9de9d0d4d">
      <id>165350</id>
      <classname>org.openmrs.Concept</classname>
      <dateChanged id="38">2020-02-28 12:35:45</dateChanged>
      <retired>false</retired>
    </org.openmrs.module.metadatasharing.Item>
    <org.openmrs.module.metadatasharing.Item id="39" uuid="171c838b-7cc4-40ab-a7d9-b89af9bcef80">
      <id>165349</id>
      <classname>org.openmrs.Concept</classname>
      <dateChanged id="40">2020-02-28 12:35:45</dateChanged>
      <retired>false</retired>
    </org.openmrs.module.metadatasharing.Item>
    <org.openmrs.module.metadatasharing.Item id="41" uuid="7bd891e8-b2ee-4bf3-92e7-ad8ada3c44b6">
      <id>165340</id>
      <classname>org.openmrs.Concept</classname>
      <dateChanged id="42">2020-02-28 12:35:45</dateChanged>
      <retired>false</retired>
    </org.openmrs.module.metadatasharing.Item>
    <org.openmrs.module.metadatasharing.Item id="43" uuid="f194ee80-35e3-4daf-afbc-0c6465ef2434">
      <id>165346</id>
      <classname>org.openmrs.Concept</classname>
      <dateChanged id="44">2020-02-28 12:35:45</dateChanged>
      <retired>false</retired>
    </org.openmrs.module.metadatasharing.Item>
    <org.openmrs.module.metadatasharing.Item id="45" uuid="5fe51e3e-06f2-47dc-a387-931304a38dcd">
      <id>34</id>
      <classname>org.openmrs.ConceptClass</classname>
      <dateChanged id="46">2020-02-28 12:35:45</dateChanged>
      <retired>false</retired>
    </org.openmrs.module.metadatasharing.Item>
    <org.openmrs.module.metadatasharing.Item id="47" uuid="008e0bce-5146-4411-b6a1-91d583721a6c">
      <id>33</id>
      <classname>org.openmrs.ConceptClass</classname>
      <dateChanged id="48">2020-02-28 12:35:45</dateChanged>
      <retired>false</retired>
    </org.openmrs.module.metadatasharing.Item>
  </items>
  <relatedItems class="linked-hash-set" id="49">
    <org.openmrs.module.metadatasharing.Item id="50" uuid="8d4a48b6-c2cc-11de-8d13-0010c6dffd0f">
      <id>2</id>
      <classname>org.openmrs.ConceptDatatype</classname>
      <dateChanged id="51">2004-02-02 00:00:00</dateChanged>
      <retired>false</retired>
    </org.openmrs.module.metadatasharing.Item>
    <org.openmrs.module.metadatasharing.Item id="52" uuid="66bf50ae-9d38-48d9-8c40-a7f93bc26b1a">
      <id>142421</id>
      <classname>org.openmrs.ConceptName</classname>
      <dateChanged id="53">2020-02-28 12:35:45</dateChanged>
    </org.openmrs.module.metadatasharing.Item>
    <org.openmrs.module.metadatasharing.Item id="54" uuid="406c15f2-d336-4397-943c-1922e48682e6">
      <id>6605</id>
      <classname>org.openmrs.ConceptAnswer</classname>
      <dateChanged id="55">2020-02-27 14:24:36</dateChanged>
    </org.openmrs.module.metadatasharing.Item>
    <org.openmrs.module.metadatasharing.Item id="56" uuid="98db4860-7f98-4cd3-9434-758c5509a9a5">
      <id>142418</id>
      <classname>org.openmrs.ConceptName</classname>
      <dateChanged id="57">2020-02-28 12:35:45</dateChanged>
    </org.openmrs.module.metadatasharing.Item>
    <org.openmrs.module.metadatasharing.Item id="58" uuid="26c3cdd8-9056-4a2b-ace8-1651987151b3">
      <id>18282</id>
      <classname>org.openmrs.ConceptDescription</classname>
      <dateChanged id="59">2020-02-28 12:35:45</dateChanged>
    </org.openmrs.module.metadatasharing.Item>
    <org.openmrs.module.metadatasharing.Item id="60" uuid="da387346-aecd-4e2e-8139-e942fe1e9717">
      <id>6607</id>
      <classname>org.openmrs.ConceptAnswer</classname>
      <dateChanged id="61">2020-02-27 14:24:36</dateChanged>
    </org.openmrs.module.metadatasharing.Item>
    <org.openmrs.module.metadatasharing.Item id="62" uuid="4b00574e-4f56-4d1e-85fe-a56b74664267">
      <id>142420</id>
      <classname>org.openmrs.ConceptName</classname>
      <dateChanged id="63">2020-02-28 12:35:45</dateChanged>
    </org.openmrs.module.metadatasharing.Item>
    <org.openmrs.module.metadatasharing.Item id="64" uuid="b6f6ac40-1e89-487f-a4db-5bd7dc63aee5">
      <id>18284</id>
      <classname>org.openmrs.ConceptDescription</classname>
      <dateChanged id="65">2020-02-28 12:35:45</dateChanged>
    </org.openmrs.module.metadatasharing.Item>
    <org.openmrs.module.metadatasharing.Item id="66" uuid="e1802515-9035-4947-a1e7-2cfb16bc741a">
      <id>6603</id>
      <classname>org.openmrs.ConceptAnswer</classname>
      <dateChanged id="67">2020-02-27 14:24:36</dateChanged>
    </org.openmrs.module.metadatasharing.Item>
    <org.openmrs.module.metadatasharing.Item id="68" uuid="c95f2834-9127-41d6-bf25-4f2e36f63dff">
      <id>142416</id>
      <classname>org.openmrs.ConceptName</classname>
      <dateChanged id="69">2020-02-28 12:35:45</dateChanged>
    </org.openmrs.module.metadatasharing.Item>
    <org.openmrs.module.metadatasharing.Item id="70" uuid="a051e013-2ad8-40c6-83bc-ea6e7adc2c3c">
      <id>18280</id>
      <classname>org.openmrs.ConceptDescription</classname>
      <dateChanged id="71">2020-02-28 12:35:45</dateChanged>
    </org.openmrs.module.metadatasharing.Item>
    <org.openmrs.module.metadatasharing.Item id="72" uuid="9bfa46a3-f323-405a-8377-f44fc76cc43a">
      <id>6604</id>
      <classname>org.openmrs.ConceptAnswer</classname>
      <dateChanged id="73">2020-02-27 14:24:36</dateChanged>
    </org.openmrs.module.metadatasharing.Item>
    <org.openmrs.module.metadatasharing.Item id="74" uuid="ce9b009e-4895-4143-bb9e-489a24f5cbaa">
      <id>142417</id>
      <classname>org.openmrs.ConceptName</classname>
      <dateChanged id="75">2020-02-28 12:35:45</dateChanged>
    </org.openmrs.module.metadatasharing.Item>
    <org.openmrs.module.metadatasharing.Item id="76" uuid="49d5f350-9e68-4162-9c44-4c9650ed7fb0">
      <id>18281</id>
      <classname>org.openmrs.ConceptDescription</classname>
      <dateChanged id="77">2020-02-28 12:35:45</dateChanged>
    </org.openmrs.module.metadatasharing.Item>
    <org.openmrs.module.metadatasharing.Item id="78" uuid="760c6add-9cb6-4192-9c5d-f875e0bd0288">
      <id>6606</id>
      <classname>org.openmrs.ConceptAnswer</classname>
      <dateChanged id="79">2020-02-27 14:24:36</dateChanged>
    </org.openmrs.module.metadatasharing.Item>
    <org.openmrs.module.metadatasharing.Item id="80" uuid="bffaef47-82be-45e8-9445-2c2ad8ab3bac">
      <id>142419</id>
      <classname>org.openmrs.ConceptName</classname>
      <dateChanged id="81">2020-02-28 12:35:45</dateChanged>
    </org.openmrs.module.metadatasharing.Item>
    <org.openmrs.module.metadatasharing.Item id="82" uuid="ba4a91a8-c92d-4837-be2e-b430e2902e2d">
      <id>18283</id>
      <classname>org.openmrs.ConceptDescription</classname>
      <dateChanged id="83">2020-02-28 12:35:45</dateChanged>
    </org.openmrs.module.metadatasharing.Item>
    <org.openmrs.module.metadatasharing.Item id="84" uuid="0cf828b4-15ab-4ab0-b02b-f8b79811628b">
      <id>18285</id>
      <classname>org.openmrs.ConceptDescription</classname>
      <dateChanged id="85">2020-02-28 12:35:45</dateChanged>
    </org.openmrs.module.metadatasharing.Item>
    <org.openmrs.module.metadatasharing.Item id="86" uuid="8ce12cb5-e887-4102-8bc0-e44647eb3278">
      <id>142428</id>
      <classname>org.openmrs.ConceptName</classname>
      <dateChanged id="87">2020-02-28 12:35:45</dateChanged>
    </org.openmrs.module.metadatasharing.Item>
    <org.openmrs.module.metadatasharing.Item id="88" uuid="93c79175-fcac-4941-a0d0-58eec31cb9b4">
      <id>6611</id>
      <classname>org.openmrs.ConceptAnswer</classname>
      <dateChanged id="89">2020-02-27 15:01:50</dateChanged>
    </org.openmrs.module.metadatasharing.Item>
    <org.openmrs.module.metadatasharing.Item id="90" uuid="ffcfa6c1-7ad7-4f57-876a-2867f64c50c5">
      <id>142438</id>
      <classname>org.openmrs.ConceptName</classname>
      <dateChanged id="91">2020-02-28 12:37:51</dateChanged>
    </org.openmrs.module.metadatasharing.Item>
    <org.openmrs.module.metadatasharing.Item id="92" uuid="e8f96613-e1dc-49ca-a25e-e4a799a27e48">
      <id>142426</id>
      <classname>org.openmrs.ConceptName</classname>
      <dateChanged id="93">2020-02-28 12:37:51</dateChanged>
    </org.openmrs.module.metadatasharing.Item>
    <org.openmrs.module.metadatasharing.Item id="94" uuid="212e3bdd-3867-4dfc-b9f9-d8f9385cf7e8">
      <id>18289</id>
      <classname>org.openmrs.ConceptDescription</classname>
      <dateChanged id="95">2020-02-28 12:35:45</dateChanged>
    </org.openmrs.module.metadatasharing.Item>
    <org.openmrs.module.metadatasharing.Item id="96" uuid="906ab240-62ee-4cab-a104-a8e66daefc3a">
      <id>6610</id>
      <classname>org.openmrs.ConceptAnswer</classname>
      <dateChanged id="97">2020-02-27 15:01:50</dateChanged>
    </org.openmrs.module.metadatasharing.Item>
    <org.openmrs.module.metadatasharing.Item id="98" uuid="7a7a4174-ed6b-4597-be3d-9835a4ebc0ae">
      <id>142425</id>
      <classname>org.openmrs.ConceptName</classname>
      <dateChanged id="99">2020-02-28 12:35:45</dateChanged>
    </org.openmrs.module.metadatasharing.Item>
    <org.openmrs.module.metadatasharing.Item id="100" uuid="7082020a-2f43-4130-b438-4aebc241eb5b">
      <id>18288</id>
      <classname>org.openmrs.ConceptDescription</classname>
      <dateChanged id="101">2020-02-28 12:35:45</dateChanged>
    </org.openmrs.module.metadatasharing.Item>
    <org.openmrs.module.metadatasharing.Item id="102" uuid="b47db5ad-6612-4a45-89df-6cae9c8bed05">
      <id>6608</id>
      <classname>org.openmrs.ConceptAnswer</classname>
      <dateChanged id="103">2020-02-27 15:01:50</dateChanged>
    </org.openmrs.module.metadatasharing.Item>
    <org.openmrs.module.metadatasharing.Item id="104" uuid="c1a67cea-f75c-4e2c-9c1c-8f8e3e93d5ec">
      <id>142422</id>
      <classname>org.openmrs.ConceptName</classname>
      <dateChanged id="105">2020-02-28 12:35:45</dateChanged>
    </org.openmrs.module.metadatasharing.Item>
    <org.openmrs.module.metadatasharing.Item id="106" uuid="bba468f2-c05f-4d6a-b0c0-b92f5e9557ac">
      <id>142423</id>
      <classname>org.openmrs.ConceptName</classname>
      <dateChanged id="107">2020-02-28 12:35:45</dateChanged>
    </org.openmrs.module.metadatasharing.Item>
    <org.openmrs.module.metadatasharing.Item id="108" uuid="e82f1fa1-4c97-413d-b060-3cc85aa9055a">
      <id>18286</id>
      <classname>org.openmrs.ConceptDescription</classname>
      <dateChanged id="109">2020-02-28 12:35:45</dateChanged>
    </org.openmrs.module.metadatasharing.Item>
    <org.openmrs.module.metadatasharing.Item id="110" uuid="5e580d03-bd1d-4102-a353-90d67c43dbd6">
      <id>6609</id>
      <classname>org.openmrs.ConceptAnswer</classname>
      <dateChanged id="111">2020-02-27 15:01:50</dateChanged>
    </org.openmrs.module.metadatasharing.Item>
    <org.openmrs.module.metadatasharing.Item id="112" uuid="6d351dd7-5929-493f-8811-69910e9237ef">
      <id>142424</id>
      <classname>org.openmrs.ConceptName</classname>
      <dateChanged id="113">2020-02-28 12:35:45</dateChanged>
    </org.openmrs.module.metadatasharing.Item>
    <org.openmrs.module.metadatasharing.Item id="114" uuid="d1597431-f490-4682-980b-4fa743c95975">
      <id>18287</id>
      <classname>org.openmrs.ConceptDescription</classname>
      <dateChanged id="115">2020-02-28 12:35:45</dateChanged>
    </org.openmrs.module.metadatasharing.Item>
    <org.openmrs.module.metadatasharing.Item id="116" uuid="64591b35-a332-48ea-9a25-3b0d27fe82ff">
      <id>6612</id>
      <classname>org.openmrs.ConceptAnswer</classname>
      <dateChanged id="117">2020-02-27 15:01:50</dateChanged>
    </org.openmrs.module.metadatasharing.Item>
    <org.openmrs.module.metadatasharing.Item id="118" uuid="0dd39a52-5363-40b8-b8a5-9b0ba306300b">
      <id>142427</id>
      <classname>org.openmrs.ConceptName</classname>
      <dateChanged id="119">2020-02-28 12:35:45</dateChanged>
    </org.openmrs.module.metadatasharing.Item>
    <org.openmrs.module.metadatasharing.Item id="120" uuid="435efca6-5f15-486e-8339-06f4b5f9a755">
      <id>18290</id>
      <classname>org.openmrs.ConceptDescription</classname>
      <dateChanged id="121">2020-02-28 12:35:45</dateChanged>
    </org.openmrs.module.metadatasharing.Item>
    <org.openmrs.module.metadatasharing.Item id="122" uuid="f3cefa7c-2c5f-4e0b-b12f-c687e42d72ea">
      <id>18291</id>
      <classname>org.openmrs.ConceptDescription</classname>
      <dateChanged id="123">2020-02-28 12:35:45</dateChanged>
    </org.openmrs.module.metadatasharing.Item>
    <org.openmrs.module.metadatasharing.Item id="124" uuid="6d34d175-d966-4801-b6e9-0e31fcdd68b4">
      <id>142431</id>
      <classname>org.openmrs.ConceptName</classname>
      <dateChanged id="125">2020-02-28 12:35:45</dateChanged>
    </org.openmrs.module.metadatasharing.Item>
    <org.openmrs.module.metadatasharing.Item id="126" uuid="889d120a-01d9-4e9a-92fd-2ece5f2244e2">
      <id>142432</id>
      <classname>org.openmrs.ConceptName</classname>
      <dateChanged id="127">2020-02-28 12:35:45</dateChanged>
    </org.openmrs.module.metadatasharing.Item>
    <org.openmrs.module.metadatasharing.Item id="128" uuid="c1c9565b-6940-4bca-a391-ccf75b3040fc">
      <id>6615</id>
      <classname>org.openmrs.ConceptAnswer</classname>
      <dateChanged id="129">2020-02-27 15:27:59</dateChanged>
    </org.openmrs.module.metadatasharing.Item>
    <org.openmrs.module.metadatasharing.Item id="130" uuid="7bcc4761-3d39-4cfc-a1cb-bcc630882967">
      <id>142430</id>
      <classname>org.openmrs.ConceptName</classname>
      <dateChanged id="131">2020-02-28 12:35:45</dateChanged>
    </org.openmrs.module.metadatasharing.Item>
    <org.openmrs.module.metadatasharing.Item id="132" uuid="b013ac2f-4277-4d6f-8e23-d67e5d401eb6">
      <id>18293</id>
      <classname>org.openmrs.ConceptDescription</classname>
      <dateChanged id="133">2020-02-28 12:35:45</dateChanged>
    </org.openmrs.module.metadatasharing.Item>
    <org.openmrs.module.metadatasharing.Item id="134" uuid="2c44c85e-248e-4323-bac2-256015012182">
      <id>6614</id>
      <classname>org.openmrs.ConceptAnswer</classname>
      <dateChanged id="135">2020-02-27 15:27:59</dateChanged>
    </org.openmrs.module.metadatasharing.Item>
    <org.openmrs.module.metadatasharing.Item id="136" uuid="a245ffe1-4131-4b78-b6cd-600122d1d0f0">
      <id>142429</id>
      <classname>org.openmrs.ConceptName</classname>
      <dateChanged id="137">2020-02-28 12:35:45</dateChanged>
    </org.openmrs.module.metadatasharing.Item>
    <org.openmrs.module.metadatasharing.Item id="138" uuid="7c8fb0ac-4f7c-4653-8d2c-256eddbb5ed8">
      <id>18292</id>
      <classname>org.openmrs.ConceptDescription</classname>
      <dateChanged id="139">2020-02-28 12:35:45</dateChanged>
    </org.openmrs.module.metadatasharing.Item>
    <org.openmrs.module.metadatasharing.Item id="140" uuid="36431483-264e-4f76-9f5b-f3042a24832b">
      <id>6613</id>
      <classname>org.openmrs.ConceptAnswer</classname>
      <dateChanged id="141">2020-02-27 15:27:59</dateChanged>
    </org.openmrs.module.metadatasharing.Item>
    <org.openmrs.module.metadatasharing.Item id="142" uuid="5622AAAAAAAAAAAAAAAAAAAAAAAAAAAAAAAA">
      <id>5622</id>
      <classname>org.openmrs.Concept</classname>
      <dateChanged id="143">2020-02-28 12:35:45</dateChanged>
      <retired>false</retired>
    </org.openmrs.module.metadatasharing.Item>
    <org.openmrs.module.metadatasharing.Item id="144" uuid="8d4a4c94-c2cc-11de-8d13-0010c6dffd0f">
      <id>4</id>
      <classname>org.openmrs.ConceptDatatype</classname>
      <dateChanged id="145">2004-02-02 00:00:00</dateChanged>
      <retired>false</retired>
    </org.openmrs.module.metadatasharing.Item>
    <org.openmrs.module.metadatasharing.Item id="146" uuid="8d492774-c2cc-11de-8d13-0010c6dffd0f">
      <id>11</id>
      <classname>org.openmrs.ConceptClass</classname>
      <dateChanged id="147">2020-02-28 12:35:45</dateChanged>
      <retired>false</retired>
    </org.openmrs.module.metadatasharing.Item>
    <org.openmrs.module.metadatasharing.Item id="148" uuid="135577BBBBBBBBBBBBBBBBBBBBBBBBBBBBBB">
      <id>135577</id>
      <classname>org.openmrs.ConceptName</classname>
      <dateChanged id="149">2020-02-28 12:35:45</dateChanged>
    </org.openmrs.module.metadatasharing.Item>
    <org.openmrs.module.metadatasharing.Item id="150" uuid="126207BBBBBBBBBBBBBBBBBBBBBBBBBBBBBB">
      <id>126207</id>
      <classname>org.openmrs.ConceptName</classname>
      <dateChanged id="151">2020-02-28 12:35:45</dateChanged>
    </org.openmrs.module.metadatasharing.Item>
    <org.openmrs.module.metadatasharing.Item id="152" uuid="105802BBBBBBBBBBBBBBBBBBBBBBBBBBBBBB">
      <id>105802</id>
      <classname>org.openmrs.ConceptName</classname>
      <dateChanged id="153">2020-02-28 12:35:45</dateChanged>
    </org.openmrs.module.metadatasharing.Item>
    <org.openmrs.module.metadatasharing.Item id="154" uuid="134542BBBBBBBBBBBBBBBBBBBBBBBBBBBBBB">
      <id>134542</id>
      <classname>org.openmrs.ConceptName</classname>
      <dateChanged id="155">2020-02-28 12:35:45</dateChanged>
    </org.openmrs.module.metadatasharing.Item>
    <org.openmrs.module.metadatasharing.Item id="156" uuid="2761BBBBBBBBBBBBBBBBBBBBBBBBBBBBBBBB">
      <id>2761</id>
      <classname>org.openmrs.ConceptName</classname>
      <dateChanged id="157">2020-02-28 12:35:45</dateChanged>
    </org.openmrs.module.metadatasharing.Item>
    <org.openmrs.module.metadatasharing.Item id="158" uuid="110113BBBBBBBBBBBBBBBBBBBBBBBBBBBBBB">
      <id>110113</id>
      <classname>org.openmrs.ConceptName</classname>
      <dateChanged id="159">2020-02-28 12:35:45</dateChanged>
    </org.openmrs.module.metadatasharing.Item>
    <org.openmrs.module.metadatasharing.Item id="160" uuid="134541BBBBBBBBBBBBBBBBBBBBBBBBBBBBBB">
      <id>134541</id>
      <classname>org.openmrs.ConceptName</classname>
      <dateChanged id="161">2020-02-28 12:35:45</dateChanged>
    </org.openmrs.module.metadatasharing.Item>
    <org.openmrs.module.metadatasharing.Item id="162" uuid="110860BBBBBBBBBBBBBBBBBBBBBBBBBBBBBB">
      <id>110860</id>
      <classname>org.openmrs.ConceptName</classname>
      <dateChanged id="163">2020-02-28 12:35:45</dateChanged>
    </org.openmrs.module.metadatasharing.Item>
    <org.openmrs.module.metadatasharing.Item id="164" uuid="2253FFFFFFFFFFFFFFFFFFFFFFFFFFFFFFFF">
      <id>2253</id>
      <classname>org.openmrs.ConceptDescription</classname>
      <dateChanged id="165">2020-02-28 12:35:45</dateChanged>
    </org.openmrs.module.metadatasharing.Item>
    <org.openmrs.module.metadatasharing.Item id="166" uuid="144395ABBBBBBBBBBBBBBBBBBBBBBBBBBBBB">
      <id>144395</id>
      <classname>org.openmrs.ConceptMap</classname>
      <dateChanged id="167">2020-02-28 12:35:45</dateChanged>
    </org.openmrs.module.metadatasharing.Item>
    <org.openmrs.module.metadatasharing.Item id="168" uuid="35543629-7d8c-11e1-909d-c80aa9edcf4e">
      <id>1</id>
      <classname>org.openmrs.ConceptMapType</classname>
      <dateChanged id="169">2020-02-28 12:35:45</dateChanged>
      <retired>false</retired>
    </org.openmrs.module.metadatasharing.Item>
    <org.openmrs.module.metadatasharing.Item id="170" uuid="49fd39a2-2b4a-38c2-8f0e-0cb9a7e0fe22">
      <id>144395</id>
      <classname>org.openmrs.ConceptReferenceTerm</classname>
      <dateChanged id="171">2020-02-28 12:35:45</dateChanged>
      <retired>false</retired>
    </org.openmrs.module.metadatasharing.Item>
    <org.openmrs.module.metadatasharing.Item id="172" uuid="12ADDDDDDDDDDDDDDDDDDDDDDDDDDDDDDDDD">
      <id>12</id>
      <classname>org.openmrs.ConceptSource</classname>
      <dateChanged id="173">2020-02-28 12:35:45</dateChanged>
      <retired>false</retired>
    </org.openmrs.module.metadatasharing.Item>
    <org.openmrs.module.metadatasharing.Item id="174" uuid="137878ABBBBBBBBBBBBBBBBBBBBBBBBBBBBB">
      <id>137878</id>
      <classname>org.openmrs.ConceptMap</classname>
      <dateChanged id="175">2020-02-28 12:35:45</dateChanged>
    </org.openmrs.module.metadatasharing.Item>
    <org.openmrs.module.metadatasharing.Item id="176" uuid="a4138b87-50d9-30b1-aea4-9fc620570cc6">
      <id>137878</id>
      <classname>org.openmrs.ConceptReferenceTerm</classname>
      <dateChanged id="177">2020-02-28 12:35:45</dateChanged>
      <retired>false</retired>
    </org.openmrs.module.metadatasharing.Item>
    <org.openmrs.module.metadatasharing.Item id="178" uuid="ddb6b595-0b85-4a80-9243-efe4ba404eef">
      <id>15</id>
      <classname>org.openmrs.ConceptSource</classname>
      <dateChanged id="179">2020-02-28 12:35:45</dateChanged>
      <retired>false</retired>
    </org.openmrs.module.metadatasharing.Item>
    <org.openmrs.module.metadatasharing.Item id="180" uuid="172381ABBBBBBBBBBBBBBBBBBBBBBBBBBBBB">
      <id>172381</id>
      <classname>org.openmrs.ConceptMap</classname>
      <dateChanged id="181">2020-02-28 12:35:45</dateChanged>
    </org.openmrs.module.metadatasharing.Item>
    <org.openmrs.module.metadatasharing.Item id="182" uuid="77ae1072-f97e-3c41-ad82-8746ad6f9c26">
      <id>172381</id>
      <classname>org.openmrs.ConceptReferenceTerm</classname>
      <dateChanged id="183">2020-02-28 12:35:45</dateChanged>
      <retired>false</retired>
    </org.openmrs.module.metadatasharing.Item>
    <org.openmrs.module.metadatasharing.Item id="184" uuid="21ADDDDDDDDDDDDDDDDDDDDDDDDDDDDDDDDD">
      <id>21</id>
      <classname>org.openmrs.ConceptSource</classname>
      <dateChanged id="185">2020-02-28 12:35:45</dateChanged>
      <retired>false</retired>
    </org.openmrs.module.metadatasharing.Item>
    <org.openmrs.module.metadatasharing.Item id="186" uuid="141670ABBBBBBBBBBBBBBBBBBBBBBBBBBBBB">
      <id>141670</id>
      <classname>org.openmrs.ConceptMap</classname>
      <dateChanged id="187">2020-02-28 12:35:45</dateChanged>
    </org.openmrs.module.metadatasharing.Item>
    <org.openmrs.module.metadatasharing.Item id="188" uuid="cd9bed8e-d47a-38bd-a677-695644801d87">
      <id>141670</id>
      <classname>org.openmrs.ConceptReferenceTerm</classname>
      <dateChanged id="189">2020-02-28 12:35:45</dateChanged>
      <retired>false</retired>
    </org.openmrs.module.metadatasharing.Item>
    <org.openmrs.module.metadatasharing.Item id="190" uuid="14ADDDDDDDDDDDDDDDDDDDDDDDDDDDDDDDDD">
      <id>14</id>
      <classname>org.openmrs.ConceptSource</classname>
      <dateChanged id="191">2020-02-28 12:35:45</dateChanged>
      <retired>false</retired>
    </org.openmrs.module.metadatasharing.Item>
    <org.openmrs.module.metadatasharing.Item id="192" uuid="143666ABBBBBBBBBBBBBBBBBBBBBBBBBBBBB">
      <id>143666</id>
      <classname>org.openmrs.ConceptMap</classname>
      <dateChanged id="193">2020-02-28 12:35:45</dateChanged>
    </org.openmrs.module.metadatasharing.Item>
    <org.openmrs.module.metadatasharing.Item id="194" uuid="142f78e3-31a5-3969-a405-286a699f711f">
      <id>143663</id>
      <classname>org.openmrs.ConceptReferenceTerm</classname>
      <dateChanged id="195">2020-02-28 12:35:45</dateChanged>
      <retired>false</retired>
    </org.openmrs.module.metadatasharing.Item>
    <org.openmrs.module.metadatasharing.Item id="196" uuid="fb9aaaf1-65e2-4c18-b53c-16b575f2f385">
      <id>11</id>
      <classname>org.openmrs.ConceptSource</classname>
      <dateChanged id="197">2020-02-28 12:35:45</dateChanged>
      <retired>false</retired>
    </org.openmrs.module.metadatasharing.Item>
    <org.openmrs.module.metadatasharing.Item id="198" uuid="135771ABBBBBBBBBBBBBBBBBBBBBBBBBBBBB">
      <id>135771</id>
      <classname>org.openmrs.ConceptMap</classname>
      <dateChanged id="199">2020-02-28 12:35:45</dateChanged>
    </org.openmrs.module.metadatasharing.Item>
    <org.openmrs.module.metadatasharing.Item id="200" uuid="de4dbf4f-b5ee-3d32-9ce6-ca2e15c2e1b3">
      <id>135771</id>
      <classname>org.openmrs.ConceptReferenceTerm</classname>
      <dateChanged id="201">2020-02-28 12:35:45</dateChanged>
      <retired>false</retired>
    </org.openmrs.module.metadatasharing.Item>
    <org.openmrs.module.metadatasharing.Item id="202" uuid="13ADDDDDDDDDDDDDDDDDDDDDDDDDDDDDDDDD">
      <id>13</id>
      <classname>org.openmrs.ConceptSource</classname>
      <dateChanged id="203">2020-02-28 12:35:45</dateChanged>
      <retired>false</retired>
    </org.openmrs.module.metadatasharing.Item>
    <org.openmrs.module.metadatasharing.Item id="204" uuid="137766ABBBBBBBBBBBBBBBBBBBBBBBBBBBBB">
      <id>137766</id>
      <classname>org.openmrs.ConceptMap</classname>
      <dateChanged id="205">2020-02-28 12:35:45</dateChanged>
    </org.openmrs.module.metadatasharing.Item>
    <org.openmrs.module.metadatasharing.Item id="206" uuid="43ac5109-7d8c-11e1-909d-c80aa9edcf4e">
      <id>2</id>
      <classname>org.openmrs.ConceptMapType</classname>
      <dateChanged id="207">2020-02-28 12:35:45</dateChanged>
      <retired>false</retired>
    </org.openmrs.module.metadatasharing.Item>
    <org.openmrs.module.metadatasharing.Item id="208" uuid="17744715-bb7d-3022-96d3-2e2144a778d4">
      <id>137766</id>
      <classname>org.openmrs.ConceptReferenceTerm</classname>
      <dateChanged id="209">2020-02-28 12:35:45</dateChanged>
      <retired>false</retired>
    </org.openmrs.module.metadatasharing.Item>
    <org.openmrs.module.metadatasharing.Item id="210" uuid="2ADDDDDDDDDDDDDDDDDDDDDDDDDDDDDDDDDD">
      <id>2</id>
      <classname>org.openmrs.ConceptSource</classname>
      <dateChanged id="211">2020-02-28 12:35:45</dateChanged>
      <retired>false</retired>
    </org.openmrs.module.metadatasharing.Item>
    <org.openmrs.module.metadatasharing.Item id="212" uuid="19671183-9e4f-4c70-b66f-74090afe347b">
      <id>18294</id>
      <classname>org.openmrs.ConceptDescription</classname>
      <dateChanged id="213">2020-02-28 12:35:45</dateChanged>
    </org.openmrs.module.metadatasharing.Item>
    <org.openmrs.module.metadatasharing.Item id="214" uuid="65d1fdbb-6b52-46ae-88e9-38ab10bf40a3">
      <id>142433</id>
      <classname>org.openmrs.ConceptName</classname>
      <dateChanged id="215">2020-02-28 12:35:45</dateChanged>
    </org.openmrs.module.metadatasharing.Item>
    <org.openmrs.module.metadatasharing.Item id="216" uuid="5949e777-35d5-456d-a942-8c80c49427f0">
      <id>18295</id>
      <classname>org.openmrs.ConceptDescription</classname>
      <dateChanged id="217">2020-02-28 12:35:45</dateChanged>
    </org.openmrs.module.metadatasharing.Item>
    <org.openmrs.module.metadatasharing.Item id="218" uuid="0286bffa-1c85-49f3-98e0-16c7742e00fa">
      <id>142437</id>
      <classname>org.openmrs.ConceptName</classname>
      <dateChanged id="219">2020-02-28 12:35:45</dateChanged>
    </org.openmrs.module.metadatasharing.Item>
    <org.openmrs.module.metadatasharing.Item id="220" uuid="b5843a19-827b-4c60-8db1-30b673011f08">
      <id>6616</id>
      <classname>org.openmrs.ConceptAnswer</classname>
      <dateChanged id="221">2020-02-27 15:33:56</dateChanged>
    </org.openmrs.module.metadatasharing.Item>
    <org.openmrs.module.metadatasharing.Item id="222" uuid="a49adbaf-6a6f-4574-a270-b7cc4a940f41">
      <id>142434</id>
      <classname>org.openmrs.ConceptName</classname>
      <dateChanged id="223">2020-02-28 12:35:45</dateChanged>
    </org.openmrs.module.metadatasharing.Item>
    <org.openmrs.module.metadatasharing.Item id="224" uuid="5dab68d8-e4bb-46aa-be71-a4d516f46e95">
      <id>18296</id>
      <classname>org.openmrs.ConceptDescription</classname>
      <dateChanged id="225">2020-02-28 12:35:45</dateChanged>
    </org.openmrs.module.metadatasharing.Item>
    <org.openmrs.module.metadatasharing.Item id="226" uuid="2ef647bc-67eb-47b3-84e6-9c711de191ad">
      <id>6618</id>
      <classname>org.openmrs.ConceptAnswer</classname>
      <dateChanged id="227">2020-02-27 15:33:56</dateChanged>
    </org.openmrs.module.metadatasharing.Item>
    <org.openmrs.module.metadatasharing.Item id="228" uuid="bf5921ee-8e00-44bb-8cf2-532cb53fe92d">
      <id>6619</id>
      <classname>org.openmrs.ConceptAnswer</classname>
      <dateChanged id="229">2020-02-27 15:33:56</dateChanged>
    </org.openmrs.module.metadatasharing.Item>
    <org.openmrs.module.metadatasharing.Item id="230" uuid="e207f295-8534-4803-a72a-371fe2d422da">
      <id>142436</id>
      <classname>org.openmrs.ConceptName</classname>
      <dateChanged id="231">2020-02-28 12:35:45</dateChanged>
    </org.openmrs.module.metadatasharing.Item>
    <org.openmrs.module.metadatasharing.Item id="232" uuid="5022de9a-322f-4684-a7da-3de41c2c832c">
      <id>18298</id>
      <classname>org.openmrs.ConceptDescription</classname>
      <dateChanged id="233">2020-02-28 12:35:45</dateChanged>
    </org.openmrs.module.metadatasharing.Item>
    <org.openmrs.module.metadatasharing.Item id="234" uuid="f23eb0e9-1fea-42d8-bc99-df1ffedeb86a">
      <id>6617</id>
      <classname>org.openmrs.ConceptAnswer</classname>
      <dateChanged id="235">2020-02-27 15:33:56</dateChanged>
    </org.openmrs.module.metadatasharing.Item>
    <org.openmrs.module.metadatasharing.Item id="236" uuid="3ad90239-82db-4695-8cc3-655a209a52cc">
      <id>142435</id>
      <classname>org.openmrs.ConceptName</classname>
      <dateChanged id="237">2020-02-28 12:35:45</dateChanged>
    </org.openmrs.module.metadatasharing.Item>
    <org.openmrs.module.metadatasharing.Item id="238" uuid="f4e8226d-b0dd-4bd8-8a24-53b1e9d2849f">
      <id>18297</id>
      <classname>org.openmrs.ConceptDescription</classname>
      <dateChanged id="239">2020-02-28 12:35:45</dateChanged>
    </org.openmrs.module.metadatasharing.Item>
    <org.openmrs.module.metadatasharing.Item id="240" uuid="b975047a-1f5f-49af-aa8c-fd02659b1971">
      <id>18299</id>
      <classname>org.openmrs.ConceptDescription</classname>
      <dateChanged id="241">2020-02-28 12:35:45</dateChanged>
    </org.openmrs.module.metadatasharing.Item>
  </relatedItems>
</package>
