<?xml version="1.0" encoding="UTF-8"?>
<list id="1">
  <org.openmrs.Concept id="2" uuid="1f73dfc6-083e-48fe-b4ef-ae29b12dadf9">
    <conceptId>165338</conceptId>
    <retired>false</retired>
    <datatype id="3" resolves-to="org.openmrs.ConceptDatatype" uuid="8d4a48b6-c2cc-11de-8d13-0010c6dffd0f">
      <name>Coded</name>
      <description>Value determined by term dictionary lookup (i.e., term identifier)</description>
      <creator/>
      <dateCreated id="4">2004-02-02 00:00:00</dateCreated>
      <retired>false</retired>
      <retiredBy/>
      <conceptDatatypeId>2</conceptDatatypeId>
      <hl7Abbreviation>CWE</hl7Abbreviation>
    </datatype>
    <conceptClass id="5" resolves-to="org.openmrs.ConceptClass" uuid="5fe51e3e-06f2-47dc-a387-931304a38dcd">
      <name>Visit Outcome Question</name>
      <description>Class representing outcome question related to visit</description>
      <creator/>
      <dateCreated id="6">2020-02-27 14:14:29</dateCreated>
      <changedBy/>
      <dateChanged id="7">2020-02-28 12:35:45</dateChanged>
      <retired>false</retired>
      <conceptClassId>34</conceptClassId>
    </conceptClass>
    <set>false</set>
    <creator/>
    <dateCreated id="8">2020-02-27 14:24:36</dateCreated>
    <changedBy/>
    <dateChanged id="9">2020-02-28 12:35:45</dateChanged>
    <names class="set" id="10">
      <org.openmrs.ConceptName id="11" uuid="66bf50ae-9d38-48d9-8c40-a7f93bc26b1a">
        <conceptNameId>142421</conceptNameId>
        <concept reference="2"/>
        <name>Consents</name>
        <locale id="12">en</locale>
        <creator/>
        <dateCreated id="13">2020-02-27 14:24:36</dateCreated>
        <voided>false</voided>
        <tags class="set" id="14"/>
        <conceptNameType>FULLY_SPECIFIED</conceptNameType>
        <localePreferred>true</localePreferred>
        <changedBy/>
        <dateChanged id="15">2020-02-28 12:35:45</dateChanged>
      </org.openmrs.ConceptName>
    </names>
    <answers class="set" id="16">
      <org.openmrs.ConceptAnswer id="17" uuid="e1802515-9035-4947-a1e7-2cfb16bc741a">
        <conceptAnswerId>6603</conceptAnswerId>
        <concept reference="2"/>
        <answerConcept id="18" resolves-to="org.openmrs.Concept" uuid="0e551876-b0b2-4962-ac43-2dfb47d0a742">
          <conceptId>165333</conceptId>
          <retired>false</retired>
          <datatype reference="3"/>
          <conceptClass id="19" resolves-to="org.openmrs.ConceptClass" uuid="008e0bce-5146-4411-b6a1-91d583721a6c">
            <name>Visit Outcome Answer</name>
            <description>Class representing outcome answer related to visit</description>
            <creator/>
            <dateCreated id="20">2020-02-27 14:16:19</dateCreated>
            <changedBy/>
            <dateChanged id="21">2020-02-28 12:35:45</dateChanged>
            <retired>false</retired>
            <conceptClassId>33</conceptClassId>
          </conceptClass>
          <set>false</set>
          <creator/>
          <dateCreated id="22">2020-02-27 14:19:51</dateCreated>
          <changedBy/>
          <dateChanged id="23">2020-02-28 12:35:45</dateChanged>
          <names class="set" id="24">
            <org.openmrs.ConceptName id="25" uuid="c95f2834-9127-41d6-bf25-4f2e36f63dff">
              <conceptNameId>142416</conceptNameId>
              <concept reference="18"/>
              <name>Patient provided consent for home visits</name>
              <locale id="26">en</locale>
              <creator/>
              <dateCreated id="27">2020-02-27 14:19:51</dateCreated>
              <voided>false</voided>
              <tags class="set" id="28"/>
              <conceptNameType>FULLY_SPECIFIED</conceptNameType>
              <localePreferred>true</localePreferred>
              <changedBy/>
              <dateChanged id="29">2020-02-28 12:35:45</dateChanged>
            </org.openmrs.ConceptName>
          </names>
          <answers class="set" id="30"/>
          <conceptSets class="set" id="31"/>
          <descriptions class="set" id="32">
            <org.openmrs.ConceptDescription id="33" uuid="a051e013-2ad8-40c6-83bc-ea6e7adc2c3c">
              <conceptDescriptionId>18280</conceptDescriptionId>
              <concept reference="18"/>
              <description>Patient provided consent for home visits</description>
              <locale id="34">en</locale>
              <creator/>
              <dateCreated id="35">2020-02-27 14:19:51</dateCreated>
              <changedBy/>
              <dateChanged id="36">2020-02-28 12:35:45</dateChanged>
            </org.openmrs.ConceptDescription>
          </descriptions>
          <conceptMappings class="set" id="37"/>
          <attributes id="38"/>
        </answerConcept>
        <creator/>
        <dateCreated id="39">2020-02-27 14:24:36</dateCreated>
        <sortWeight>3.0</sortWeight>
      </org.openmrs.ConceptAnswer>
      <org.openmrs.ConceptAnswer id="40" uuid="9bfa46a3-f323-405a-8377-f44fc76cc43a">
        <conceptAnswerId>6604</conceptAnswerId>
        <concept reference="2"/>
        <answerConcept id="41" resolves-to="org.openmrs.Concept" uuid="65d0ef34-b720-4ba7-8d42-167cf3730f4c">
          <conceptId>165334</conceptId>
          <retired>false</retired>
          <datatype reference="3"/>
          <conceptClass reference="19"/>
          <set>false</set>
          <creator/>
          <dateCreated id="42">2020-02-27 14:20:06</dateCreated>
          <changedBy/>
          <dateChanged id="43">2020-02-28 12:35:45</dateChanged>
          <names class="set" id="44">
            <org.openmrs.ConceptName id="45" uuid="ce9b009e-4895-4143-bb9e-489a24f5cbaa">
              <conceptNameId>142417</conceptNameId>
              <concept reference="41"/>
              <name>Patient did not provide consent for home visits</name>
              <locale id="46">en</locale>
              <creator/>
              <dateCreated id="47">2020-02-27 14:20:06</dateCreated>
              <voided>false</voided>
              <tags class="set" id="48"/>
              <conceptNameType>FULLY_SPECIFIED</conceptNameType>
              <localePreferred>true</localePreferred>
              <changedBy/>
              <dateChanged id="49">2020-02-28 12:35:45</dateChanged>
            </org.openmrs.ConceptName>
          </names>
          <answers class="set" id="50"/>
          <conceptSets class="set" id="51"/>
          <descriptions class="set" id="52">
            <org.openmrs.ConceptDescription id="53" uuid="49d5f350-9e68-4162-9c44-4c9650ed7fb0">
              <conceptDescriptionId>18281</conceptDescriptionId>
              <concept reference="41"/>
              <description>Patient did not provide consent for home visits</description>
              <locale id="54">en</locale>
              <creator/>
              <dateCreated id="55">2020-02-27 14:20:06</dateCreated>
              <changedBy/>
              <dateChanged id="56">2020-02-28 12:35:45</dateChanged>
            </org.openmrs.ConceptDescription>
          </descriptions>
          <conceptMappings class="set" id="57"/>
          <attributes id="58"/>
        </answerConcept>
        <creator/>
        <dateCreated id="59">2020-02-27 14:24:36</dateCreated>
        <sortWeight>4.0</sortWeight>
      </org.openmrs.ConceptAnswer>
      <org.openmrs.ConceptAnswer id="60" uuid="406c15f2-d336-4397-943c-1922e48682e6">
        <conceptAnswerId>6605</conceptAnswerId>
        <concept reference="2"/>
        <answerConcept id="61" resolves-to="org.openmrs.Concept" uuid="fe9b0196-2e73-4922-b1de-bd1f60206a85">
          <conceptId>165335</conceptId>
          <retired>false</retired>
          <datatype reference="3"/>
          <conceptClass reference="19"/>
          <set>false</set>
          <creator/>
          <dateCreated id="62">2020-02-27 14:18:54</dateCreated>
          <changedBy/>
          <dateChanged id="63">2020-02-28 12:35:45</dateChanged>
          <names class="set" id="64">
            <org.openmrs.ConceptName id="65" uuid="98db4860-7f98-4cd3-9434-758c5509a9a5">
              <conceptNameId>142418</conceptNameId>
              <concept reference="61"/>
              <name>Patient provided consent to be in the program</name>
              <locale id="66">en</locale>
              <creator/>
              <dateCreated id="67">2020-02-27 14:18:54</dateCreated>
              <voided>false</voided>
              <tags class="set" id="68"/>
              <conceptNameType>FULLY_SPECIFIED</conceptNameType>
              <localePreferred>true</localePreferred>
              <changedBy/>
              <dateChanged id="69">2020-02-28 12:35:45</dateChanged>
            </org.openmrs.ConceptName>
          </names>
          <answers class="set" id="70"/>
          <conceptSets class="set" id="71"/>
          <descriptions class="set" id="72">
            <org.openmrs.ConceptDescription id="73" uuid="26c3cdd8-9056-4a2b-ace8-1651987151b3">
              <conceptDescriptionId>18282</conceptDescriptionId>
              <concept reference="61"/>
              <description>Patient provided consent to be in the program</description>
              <locale id="74">en</locale>
              <creator/>
              <dateCreated id="75">2020-02-27 14:18:54</dateCreated>
              <changedBy/>
              <dateChanged id="76">2020-02-28 12:35:45</dateChanged>
            </org.openmrs.ConceptDescription>
          </descriptions>
          <conceptMappings class="set" id="77"/>
          <attributes id="78"/>
        </answerConcept>
        <creator/>
        <dateCreated id="79">2020-02-27 14:24:36</dateCreated>
        <sortWeight>1.0</sortWeight>
      </org.openmrs.ConceptAnswer>
      <org.openmrs.ConceptAnswer id="80" uuid="760c6add-9cb6-4192-9c5d-f875e0bd0288">
        <conceptAnswerId>6606</conceptAnswerId>
        <concept reference="2"/>
        <answerConcept id="81" resolves-to="org.openmrs.Concept" uuid="a1a90a72-45fc-4e74-bc6e-94b3fbf6e907">
          <conceptId>165336</conceptId>
          <retired>false</retired>
          <datatype reference="3"/>
          <conceptClass reference="19"/>
          <set>false</set>
          <creator/>
          <dateCreated id="82">2020-02-27 14:20:24</dateCreated>
          <changedBy/>
          <dateChanged id="83">2020-02-28 12:35:45</dateChanged>
          <names class="set" id="84">
            <org.openmrs.ConceptName id="85" uuid="bffaef47-82be-45e8-9445-2c2ad8ab3bac">
              <conceptNameId>142419</conceptNameId>
              <concept reference="81"/>
              <name>Patient did not provide consent for both call and home visit</name>
              <locale id="86">en</locale>
              <creator/>
              <dateCreated id="87">2020-02-27 14:20:24</dateCreated>
              <voided>false</voided>
              <tags class="set" id="88"/>
              <conceptNameType>FULLY_SPECIFIED</conceptNameType>
              <localePreferred>true</localePreferred>
              <changedBy/>
              <dateChanged id="89">2020-02-28 12:35:45</dateChanged>
            </org.openmrs.ConceptName>
          </names>
          <answers class="set" id="90"/>
          <conceptSets class="set" id="91"/>
          <descriptions class="set" id="92">
            <org.openmrs.ConceptDescription id="93" uuid="ba4a91a8-c92d-4837-be2e-b430e2902e2d">
              <conceptDescriptionId>18283</conceptDescriptionId>
              <concept reference="81"/>
              <description>Patient did not provide consent for both call and home visit</description>
              <locale id="94">en</locale>
              <creator/>
              <dateCreated id="95">2020-02-27 14:20:24</dateCreated>
              <changedBy/>
              <dateChanged id="96">2020-02-28 12:35:45</dateChanged>
            </org.openmrs.ConceptDescription>
          </descriptions>
          <conceptMappings class="set" id="97"/>
          <attributes id="98"/>
        </answerConcept>
        <creator/>
        <dateCreated id="99">2020-02-27 14:24:36</dateCreated>
        <sortWeight>5.0</sortWeight>
      </org.openmrs.ConceptAnswer>
      <org.openmrs.ConceptAnswer id="100" uuid="da387346-aecd-4e2e-8139-e942fe1e9717">
        <conceptAnswerId>6607</conceptAnswerId>
        <concept reference="2"/>
        <answerConcept id="101" resolves-to="org.openmrs.Concept" uuid="91a7c134-4503-48ff-85cd-3617849646ce">
          <conceptId>165337</conceptId>
          <retired>false</retired>
          <datatype reference="3"/>
          <conceptClass reference="19"/>
          <set>false</set>
          <creator/>
          <dateCreated id="102">2020-02-27 14:19:36</dateCreated>
          <changedBy/>
          <dateChanged id="103">2020-02-28 12:35:45</dateChanged>
          <names class="set" id="104">
            <org.openmrs.ConceptName id="105" uuid="4b00574e-4f56-4d1e-85fe-a56b74664267">
              <conceptNameId>142420</conceptNameId>
              <concept reference="101"/>
              <name>Patient did not provide consent to be in the program</name>
              <locale id="106">en</locale>
              <creator/>
              <dateCreated id="107">2020-02-27 14:19:36</dateCreated>
              <voided>false</voided>
              <tags class="set" id="108"/>
              <conceptNameType>FULLY_SPECIFIED</conceptNameType>
              <localePreferred>true</localePreferred>
              <changedBy/>
              <dateChanged id="109">2020-02-28 12:35:45</dateChanged>
            </org.openmrs.ConceptName>
          </names>
          <answers class="set" id="110"/>
          <conceptSets class="set" id="111"/>
          <descriptions class="set" id="112">
            <org.openmrs.ConceptDescription id="113" uuid="b6f6ac40-1e89-487f-a4db-5bd7dc63aee5">
              <conceptDescriptionId>18284</conceptDescriptionId>
              <concept reference="101"/>
              <description>Patient did not provide consent to be in the program</description>
              <locale id="114">en</locale>
              <creator/>
              <dateCreated id="115">2020-02-27 14:19:36</dateCreated>
              <changedBy/>
              <dateChanged id="116">2020-02-28 12:35:45</dateChanged>
            </org.openmrs.ConceptDescription>
          </descriptions>
          <conceptMappings class="set" id="117"/>
          <attributes id="118"/>
        </answerConcept>
        <creator/>
        <dateCreated id="119">2020-02-27 14:24:36</dateCreated>
        <sortWeight>2.0</sortWeight>
      </org.openmrs.ConceptAnswer>
    </answers>
    <conceptSets class="set" id="120"/>
    <descriptions class="set" id="121">
      <org.openmrs.ConceptDescription id="122" uuid="0cf828b4-15ab-4ab0-b02b-f8b79811628b">
        <conceptDescriptionId>18285</conceptDescriptionId>
        <concept reference="2"/>
        <description>Consents for visit</description>
        <locale id="123">en</locale>
        <creator/>
        <dateCreated id="124">2020-02-27 14:24:36</dateCreated>
        <changedBy/>
        <dateChanged id="125">2020-02-28 12:35:45</dateChanged>
      </org.openmrs.ConceptDescription>
    </descriptions>
    <conceptMappings class="set" id="126"/>
    <attributes id="127"/>
  </org.openmrs.Concept>
  <org.openmrs.Concept id="128" uuid="195fb24f-2c50-4052-9c66-ced95ce36fb0">
    <conceptId>165344</conceptId>
    <retired>false</retired>
    <datatype reference="3"/>
    <conceptClass reference="5"/>
    <set>false</set>
    <creator/>
    <dateCreated id="129">2020-02-27 15:01:50</dateCreated>
    <changedBy/>
    <dateChanged id="130">2020-02-28 12:35:45</dateChanged>
    <names class="set" id="131">
      <org.openmrs.ConceptName id="132" uuid="8ce12cb5-e887-4102-8bc0-e44647eb3278">
        <conceptNameId>142428</conceptNameId>
        <concept reference="128"/>
        <name>Adherence</name>
        <locale id="133">en</locale>
        <creator/>
        <dateCreated id="134">2020-02-27 15:01:50</dateCreated>
        <voided>false</voided>
        <tags class="set" id="135"/>
        <conceptNameType>FULLY_SPECIFIED</conceptNameType>
        <localePreferred>true</localePreferred>
        <changedBy/>
        <dateChanged id="136">2020-02-28 12:35:45</dateChanged>
      </org.openmrs.ConceptName>
    </names>
    <answers class="set" id="137">
      <org.openmrs.ConceptAnswer id="138" uuid="b47db5ad-6612-4a45-89df-6cae9c8bed05">
        <conceptAnswerId>6608</conceptAnswerId>
        <concept reference="128"/>
        <answerConcept id="139" resolves-to="org.openmrs.Concept" uuid="fcd62a44-7c3d-440e-95e6-70b1c3b5a422">
          <conceptId>165339</conceptId>
          <retired>false</retired>
          <datatype reference="3"/>
          <conceptClass reference="19"/>
          <set>false</set>
          <creator/>
          <dateCreated id="140">2020-02-27 14:59:36</dateCreated>
          <changedBy/>
          <dateChanged id="141">2020-02-28 12:35:45</dateChanged>
          <names class="set" id="142">
            <org.openmrs.ConceptName id="143" uuid="c1a67cea-f75c-4e2c-9c1c-8f8e3e93d5ec">
              <conceptNameId>142422</conceptNameId>
              <concept reference="139"/>
              <name>Patient was not available at home</name>
              <locale id="144">en</locale>
              <creator/>
              <dateCreated id="145">2020-02-27 14:59:36</dateCreated>
              <voided>false</voided>
              <tags class="set" id="146"/>
              <conceptNameType>SHORT</conceptNameType>
              <localePreferred>false</localePreferred>
              <changedBy/>
              <dateChanged id="147">2020-02-28 12:35:45</dateChanged>
            </org.openmrs.ConceptName>
            <org.openmrs.ConceptName id="148" uuid="bba468f2-c05f-4d6a-b0c0-b92f5e9557ac">
              <conceptNameId>142423</conceptNameId>
              <concept reference="139"/>
              <name>Patient was not available at home</name>
              <locale id="149">en</locale>
              <creator/>
              <dateCreated id="150">2020-02-27 14:59:36</dateCreated>
              <voided>false</voided>
              <tags class="set" id="151"/>
              <conceptNameType>FULLY_SPECIFIED</conceptNameType>
              <localePreferred>true</localePreferred>
              <changedBy/>
              <dateChanged id="152">2020-02-28 12:35:45</dateChanged>
            </org.openmrs.ConceptName>
          </names>
          <answers class="set" id="153"/>
          <conceptSets class="set" id="154"/>
          <descriptions class="set" id="155">
            <org.openmrs.ConceptDescription id="156" uuid="e82f1fa1-4c97-413d-b060-3cc85aa9055a">
              <conceptDescriptionId>18286</conceptDescriptionId>
              <concept reference="139"/>
              <description>Patient was not available at home</description>
              <locale id="157">en</locale>
              <creator/>
              <dateCreated id="158">2020-02-28 09:25:39</dateCreated>
              <changedBy/>
              <dateChanged id="159">2020-02-28 12:35:45</dateChanged>
            </org.openmrs.ConceptDescription>
          </descriptions>
          <conceptMappings class="set" id="160"/>
          <attributes id="161"/>
        </answerConcept>
        <creator/>
        <dateCreated id="162">2020-02-27 15:01:50</dateCreated>
        <sortWeight>3.0</sortWeight>
      </org.openmrs.ConceptAnswer>
      <org.openmrs.ConceptAnswer id="163" uuid="5e580d03-bd1d-4102-a353-90d67c43dbd6">
        <conceptAnswerId>6609</conceptAnswerId>
        <concept reference="128"/>
        <answerConcept id="164" resolves-to="org.openmrs.Concept" uuid="7bd891e8-b2ee-4bf3-92e7-ad8ada3c44b6">
          <conceptId>165340</conceptId>
          <retired>false</retired>
          <datatype reference="3"/>
          <conceptClass reference="19"/>
          <set>false</set>
          <creator/>
          <dateCreated id="165">2020-02-27 14:59:52</dateCreated>
          <changedBy/>
          <dateChanged id="166">2020-02-28 12:35:45</dateChanged>
          <names class="set" id="167">
            <org.openmrs.ConceptName id="168" uuid="6d351dd7-5929-493f-8811-69910e9237ef">
              <conceptNameId>142424</conceptNameId>
              <concept reference="164"/>
              <name>Patient did not pick up the call</name>
              <locale id="169">en</locale>
              <creator/>
              <dateCreated id="170">2020-02-27 14:59:52</dateCreated>
              <voided>false</voided>
              <tags class="set" id="171"/>
              <conceptNameType>FULLY_SPECIFIED</conceptNameType>
              <localePreferred>true</localePreferred>
              <changedBy/>
              <dateChanged id="172">2020-02-28 12:35:45</dateChanged>
            </org.openmrs.ConceptName>
          </names>
          <answers class="set" id="173"/>
          <conceptSets class="set" id="174"/>
          <descriptions class="set" id="175">
            <org.openmrs.ConceptDescription id="176" uuid="d1597431-f490-4682-980b-4fa743c95975">
              <conceptDescriptionId>18287</conceptDescriptionId>
              <concept reference="164"/>
              <description>Patient did not pick up the call</description>
              <locale id="177">en</locale>
              <creator/>
              <dateCreated id="178">2020-02-27 14:59:52</dateCreated>
              <changedBy/>
              <dateChanged id="179">2020-02-28 12:35:45</dateChanged>
            </org.openmrs.ConceptDescription>
          </descriptions>
          <conceptMappings class="set" id="180"/>
          <attributes id="181"/>
        </answerConcept>
        <creator/>
        <dateCreated id="182">2020-02-27 15:01:50</dateCreated>
        <sortWeight>4.0</sortWeight>
      </org.openmrs.ConceptAnswer>
      <org.openmrs.ConceptAnswer id="183" uuid="906ab240-62ee-4cab-a104-a8e66daefc3a">
        <conceptAnswerId>6610</conceptAnswerId>
        <concept reference="128"/>
        <answerConcept id="184" resolves-to="org.openmrs.Concept" uuid="501ed57a-eff8-40f7-9b0a-1857bac76d89">
          <conceptId>165341</conceptId>
          <retired>false</retired>
          <datatype reference="3"/>
          <conceptClass reference="19"/>
          <set>false</set>
          <creator/>
          <dateCreated id="185">2020-02-27 14:59:21</dateCreated>
          <changedBy/>
          <dateChanged id="186">2020-02-28 12:35:45</dateChanged>
          <names class="set" id="187">
            <org.openmrs.ConceptName id="188" uuid="7a7a4174-ed6b-4597-be3d-9835a4ebc0ae">
              <conceptNameId>142425</conceptNameId>
              <concept reference="184"/>
              <name>Patient is not adhering to the treatment</name>
              <locale id="189">en</locale>
              <creator/>
              <dateCreated id="190">2020-02-27 14:59:21</dateCreated>
              <voided>false</voided>
              <tags class="set" id="191"/>
              <conceptNameType>FULLY_SPECIFIED</conceptNameType>
              <localePreferred>true</localePreferred>
              <changedBy/>
              <dateChanged id="192">2020-02-28 12:35:45</dateChanged>
            </org.openmrs.ConceptName>
          </names>
          <answers class="set" id="193"/>
          <conceptSets class="set" id="194"/>
          <descriptions class="set" id="195">
            <org.openmrs.ConceptDescription id="196" uuid="7082020a-2f43-4130-b438-4aebc241eb5b">
              <conceptDescriptionId>18288</conceptDescriptionId>
              <concept reference="184"/>
              <description>Patient is not adhering to the treatment</description>
              <locale id="197">en</locale>
              <creator/>
              <dateCreated id="198">2020-02-27 14:59:21</dateCreated>
              <changedBy/>
              <dateChanged id="199">2020-02-28 12:35:45</dateChanged>
            </org.openmrs.ConceptDescription>
          </descriptions>
          <conceptMappings class="set" id="200"/>
          <attributes id="201"/>
        </answerConcept>
        <creator/>
        <dateCreated id="202">2020-02-27 15:01:50</dateCreated>
        <sortWeight>2.0</sortWeight>
      </org.openmrs.ConceptAnswer>
      <org.openmrs.ConceptAnswer id="203" uuid="93c79175-fcac-4941-a0d0-58eec31cb9b4">
        <conceptAnswerId>6611</conceptAnswerId>
        <concept reference="128"/>
        <answerConcept id="204" resolves-to="org.openmrs.Concept" uuid="87c318e3-a2d4-47de-a6cb-383cf29738d3">
          <conceptId>165342</conceptId>
          <retired>false</retired>
          <datatype reference="3"/>
          <conceptClass reference="19"/>
          <set>false</set>
          <creator/>
          <dateCreated id="205">2020-02-27 14:59:10</dateCreated>
          <changedBy/>
          <dateChanged id="206">2020-02-28 12:37:51</dateChanged>
          <names class="set" id="207">
            <org.openmrs.ConceptName id="208" uuid="ffcfa6c1-7ad7-4f57-876a-2867f64c50c5">
              <conceptNameId>142438</conceptNameId>
              <concept reference="204"/>
              <name>Patient is adhering to the treatment</name>
              <locale id="209">en</locale>
              <creator/>
              <dateCreated id="210">2020-02-28 12:37:51</dateCreated>
              <voided>false</voided>
              <tags class="set" id="211"/>
              <conceptNameType>FULLY_SPECIFIED</conceptNameType>
              <localePreferred>true</localePreferred>
              <changedBy/>
              <dateChanged id="212">2020-02-28 12:37:51</dateChanged>
            </org.openmrs.ConceptName>
            <org.openmrs.ConceptName id="213" uuid="e8f96613-e1dc-49ca-a25e-e4a799a27e48">
              <conceptNameId>142426</conceptNameId>
              <concept reference="204"/>
              <name>Patient is adhering to the treatement</name>
              <locale id="214">en</locale>
              <creator/>
              <dateCreated id="215">2020-02-27 14:59:10</dateCreated>
              <voided>true</voided>
              <voidedBy/>
              <dateVoided id="216">2020-02-28 12:37:51</dateVoided>
              <voidReason>Deleted due to change of name</voidReason>
              <tags class="set" id="217"/>
              <localePreferred>false</localePreferred>
              <changedBy/>
              <dateChanged id="218">2020-02-28 12:37:51</dateChanged>
            </org.openmrs.ConceptName>
          </names>
          <answers class="set" id="219"/>
          <conceptSets class="set" id="220"/>
          <descriptions class="set" id="221">
            <org.openmrs.ConceptDescription id="222" uuid="212e3bdd-3867-4dfc-b9f9-d8f9385cf7e8">
              <conceptDescriptionId>18289</conceptDescriptionId>
              <concept reference="204"/>
              <description>Patient is adhering to the treatement</description>
              <locale id="223">en</locale>
              <creator/>
              <dateCreated id="224">2020-02-27 14:59:10</dateCreated>
              <changedBy/>
              <dateChanged id="225">2020-02-28 12:35:45</dateChanged>
            </org.openmrs.ConceptDescription>
          </descriptions>
          <conceptMappings class="set" id="226"/>
          <attributes id="227"/>
        </answerConcept>
        <creator/>
        <dateCreated id="228">2020-02-27 15:01:50</dateCreated>
        <sortWeight>1.0</sortWeight>
      </org.openmrs.ConceptAnswer>
      <org.openmrs.ConceptAnswer id="229" uuid="64591b35-a332-48ea-9a25-3b0d27fe82ff">
        <conceptAnswerId>6612</conceptAnswerId>
        <concept reference="128"/>
        <answerConcept id="230" resolves-to="org.openmrs.Concept" uuid="bf83a918-c849-46ee-bf62-ebaec76af633">
          <conceptId>165343</conceptId>
          <retired>false</retired>
          <datatype reference="3"/>
          <conceptClass reference="19"/>
          <set>false</set>
          <creator/>
          <dateCreated id="231">2020-02-27 15:00:47</dateCreated>
          <changedBy/>
          <dateChanged id="232">2020-02-28 12:35:45</dateChanged>
          <names class="set" id="233">
            <org.openmrs.ConceptName id="234" uuid="0dd39a52-5363-40b8-b8a5-9b0ba306300b">
              <conceptNameId>142427</conceptNameId>
              <concept reference="230"/>
              <name>Patient was counselled for treatment adherence and importance of follow up tests</name>
              <locale id="235">en</locale>
              <creator/>
              <dateCreated id="236">2020-02-27 15:00:47</dateCreated>
              <voided>false</voided>
              <tags class="set" id="237"/>
              <conceptNameType>FULLY_SPECIFIED</conceptNameType>
              <localePreferred>true</localePreferred>
              <changedBy/>
              <dateChanged id="238">2020-02-28 12:35:45</dateChanged>
            </org.openmrs.ConceptName>
          </names>
          <answers class="set" id="239"/>
          <conceptSets class="set" id="240"/>
          <descriptions class="set" id="241">
            <org.openmrs.ConceptDescription id="242" uuid="435efca6-5f15-486e-8339-06f4b5f9a755">
              <conceptDescriptionId>18290</conceptDescriptionId>
              <concept reference="230"/>
              <description>Patient was counselled for treatment adherence and importance of follow up tests</description>
              <locale id="243">en</locale>
              <creator/>
              <dateCreated id="244">2020-02-27 15:00:47</dateCreated>
              <changedBy/>
              <dateChanged id="245">2020-02-28 12:35:45</dateChanged>
            </org.openmrs.ConceptDescription>
          </descriptions>
          <conceptMappings class="set" id="246"/>
          <attributes id="247"/>
        </answerConcept>
        <creator/>
        <dateCreated id="248">2020-02-27 15:01:50</dateCreated>
        <sortWeight>5.0</sortWeight>
      </org.openmrs.ConceptAnswer>
    </answers>
    <conceptSets class="set" id="249"/>
    <descriptions class="set" id="250">
      <org.openmrs.ConceptDescription id="251" uuid="f3cefa7c-2c5f-4e0b-b12f-c687e42d72ea">
        <conceptDescriptionId>18291</conceptDescriptionId>
        <concept reference="128"/>
        <description>Adherence</description>
        <locale id="252">en</locale>
        <creator/>
        <dateCreated id="253">2020-02-27 15:01:50</dateCreated>
        <changedBy/>
        <dateChanged id="254">2020-02-28 12:35:45</dateChanged>
      </org.openmrs.ConceptDescription>
    </descriptions>
    <conceptMappings class="set" id="255"/>
    <attributes id="256"/>
  </org.openmrs.Concept>
  <org.openmrs.Concept id="257" uuid="b2f5be6e-47af-4dda-991b-383084126c61">
    <conceptId>165347</conceptId>
    <retired>false</retired>
    <datatype reference="3"/>
    <conceptClass reference="5"/>
    <set>false</set>
    <creator/>
    <dateCreated id="258">2020-02-27 15:27:59</dateCreated>
    <changedBy/>
    <dateChanged id="259">2020-02-28 12:35:45</dateChanged>
    <names class="set" id="260">
      <org.openmrs.ConceptName id="261" uuid="6d34d175-d966-4801-b6e9-0e31fcdd68b4">
        <conceptNameId>142431</conceptNameId>
        <concept reference="257"/>
        <name>Other</name>
        <locale id="262">en</locale>
        <creator/>
        <dateCreated id="263">2020-02-27 15:27:59</dateCreated>
        <voided>false</voided>
        <tags class="set" id="264"/>
        <conceptNameType>SHORT</conceptNameType>
        <localePreferred>false</localePreferred>
        <changedBy/>
        <dateChanged id="265">2020-02-28 12:35:45</dateChanged>
      </org.openmrs.ConceptName>
      <org.openmrs.ConceptName id="266" uuid="889d120a-01d9-4e9a-92fd-2ece5f2244e2">
        <conceptNameId>142432</conceptNameId>
        <concept reference="257"/>
        <name>Visit Other</name>
        <locale id="267">en</locale>
        <creator/>
        <dateCreated id="268">2020-02-27 15:27:59</dateCreated>
        <voided>false</voided>
        <tags class="set" id="269"/>
        <conceptNameType>FULLY_SPECIFIED</conceptNameType>
        <localePreferred>true</localePreferred>
        <changedBy/>
        <dateChanged id="270">2020-02-28 12:35:45</dateChanged>
      </org.openmrs.ConceptName>
    </names>
    <answers class="set" id="271">
      <org.openmrs.ConceptAnswer id="272" uuid="36431483-264e-4f76-9f5b-f3042a24832b">
        <conceptAnswerId>6613</conceptAnswerId>
        <concept reference="257"/>
        <answerConcept id="273" resolves-to="org.openmrs.Concept" uuid="5622AAAAAAAAAAAAAAAAAAAAAAAAAAAAAAAA">
          <conceptId>5622</conceptId>
          <retired>false</retired>
          <datatype id="274" resolves-to="org.openmrs.ConceptDatatype" uuid="8d4a4c94-c2cc-11de-8d13-0010c6dffd0f">
            <name>N/A</name>
            <description>Not associated with a datatype (e.g., term answers, sets)</description>
            <creator/>
            <dateCreated id="275">2004-02-02 00:00:00</dateCreated>
            <retired>false</retired>
            <retiredBy/>
            <conceptDatatypeId>4</conceptDatatypeId>
            <hl7Abbreviation>ZZ</hl7Abbreviation>
          </datatype>
          <conceptClass id="276" resolves-to="org.openmrs.ConceptClass" uuid="8d492774-c2cc-11de-8d13-0010c6dffd0f">
            <name>Misc</name>
            <description>Terms which don&apos;t fit other categories</description>
            <creator/>
            <dateCreated id="277">2004-03-02 00:00:00</dateCreated>
            <changedBy/>
            <dateChanged id="278">2020-02-28 12:35:45</dateChanged>
            <retired>false</retired>
            <conceptClassId>11</conceptClassId>
          </conceptClass>
          <set>false</set>
          <creator/>
          <dateCreated id="279">2004-08-12 00:00:00</dateCreated>
          <changedBy/>
          <dateChanged id="280">2020-02-28 12:35:45</dateChanged>
          <names class="set" id="281">
            <org.openmrs.ConceptName id="282" uuid="135577BBBBBBBBBBBBBBBBBBBBBBBBBBBBBB">
              <conceptNameId>135577</conceptNameId>
              <concept reference="273"/>
              <name>Lòt ki pa-kode</name>
              <locale id="283">ht</locale>
              <creator/>
              <dateCreated id="284">2016-02-20 05:04:58</dateCreated>
              <voided>false</voided>
              <tags class="set" id="285"/>
              <localePreferred>false</localePreferred>
              <changedBy/>
              <dateChanged id="286">2020-02-28 12:35:45</dateChanged>
            </org.openmrs.ConceptName>
            <org.openmrs.ConceptName id="287" uuid="126207BBBBBBBBBBBBBBBBBBBBBBBBBBBBBB">
              <conceptNameId>126207</conceptNameId>
              <concept reference="273"/>
              <name>Other</name>
              <locale id="288">en</locale>
              <creator/>
              <dateCreated id="289">2014-09-13 21:47:32</dateCreated>
              <voided>false</voided>
              <tags class="set" id="290"/>
              <localePreferred>true</localePreferred>
              <changedBy/>
              <dateChanged id="291">2020-02-28 12:35:45</dateChanged>
            </org.openmrs.ConceptName>
            <org.openmrs.ConceptName id="292" uuid="105802BBBBBBBBBBBBBBBBBBBBBBBBBBBBBB">
              <conceptNameId>105802</conceptNameId>
              <concept reference="273"/>
              <name>Autre et non codé</name>
              <locale id="293">fr</locale>
              <creator/>
              <dateCreated id="294">2010-05-03 16:52:33</dateCreated>
              <voided>false</voided>
              <tags class="set" id="295"/>
              <localePreferred>true</localePreferred>
              <changedBy/>
              <dateChanged id="296">2020-02-28 12:35:45</dateChanged>
            </org.openmrs.ConceptName>
            <org.openmrs.ConceptName id="297" uuid="134542BBBBBBBBBBBBBBBBBBBBBBBBBBBBBB">
              <conceptNameId>134542</conceptNameId>
              <concept reference="273"/>
              <name>LÒT SAN-KÒD</name>
              <locale id="298">ht</locale>
              <creator/>
              <dateCreated id="299">2015-11-04 04:47:47</dateCreated>
              <voided>false</voided>
              <tags class="set" id="300"/>
              <localePreferred>false</localePreferred>
              <changedBy/>
              <dateChanged id="301">2020-02-28 12:35:45</dateChanged>
            </org.openmrs.ConceptName>
            <org.openmrs.ConceptName id="302" uuid="2761BBBBBBBBBBBBBBBBBBBBBBBBBBBBBBBB">
              <conceptNameId>2761</conceptNameId>
              <concept reference="273"/>
              <name>OTHER NON-CODED</name>
              <locale id="303">en</locale>
              <creator/>
              <dateCreated id="304">2004-08-12 00:00:00</dateCreated>
              <voided>false</voided>
              <tags class="set" id="305"/>
              <conceptNameType>FULLY_SPECIFIED</conceptNameType>
              <localePreferred>false</localePreferred>
              <changedBy/>
              <dateChanged id="306">2020-02-28 12:35:45</dateChanged>
            </org.openmrs.ConceptName>
            <org.openmrs.ConceptName id="307" uuid="110113BBBBBBBBBBBBBBBBBBBBBBBBBBBBBB">
              <conceptNameId>110113</conceptNameId>
              <concept reference="273"/>
              <name>Nyinginezo</name>
              <locale id="308">sw</locale>
              <creator/>
              <dateCreated id="309">2012-08-10 19:17:27</dateCreated>
              <voided>false</voided>
              <tags class="set" id="310"/>
              <localePreferred>true</localePreferred>
              <changedBy/>
              <dateChanged id="311">2020-02-28 12:35:45</dateChanged>
            </org.openmrs.ConceptName>
            <org.openmrs.ConceptName id="312" uuid="134541BBBBBBBBBBBBBBBBBBBBBBBBBBBBBB">
              <conceptNameId>134541</conceptNameId>
              <concept reference="273"/>
              <name>Lòt</name>
              <locale id="313">ht</locale>
              <creator/>
              <dateCreated id="314">2015-11-04 04:47:47</dateCreated>
              <voided>false</voided>
              <tags class="set" id="315"/>
              <localePreferred>true</localePreferred>
              <changedBy/>
              <dateChanged id="316">2020-02-28 12:35:45</dateChanged>
            </org.openmrs.ConceptName>
            <org.openmrs.ConceptName id="317" uuid="110860BBBBBBBBBBBBBBBBBBBBBBBBBBBBBB">
              <conceptNameId>110860</conceptNameId>
              <concept reference="273"/>
              <name>Otro no codificado</name>
              <locale id="318">es</locale>
              <creator/>
              <dateCreated id="319">2012-12-16 19:03:55</dateCreated>
              <voided>false</voided>
              <tags class="set" id="320"/>
              <localePreferred>true</localePreferred>
              <changedBy/>
              <dateChanged id="321">2020-02-28 12:35:45</dateChanged>
            </org.openmrs.ConceptName>
          </names>
          <answers class="set" id="322"/>
          <conceptSets class="set" id="323"/>
          <descriptions class="set" id="324">
            <org.openmrs.ConceptDescription id="325" uuid="2253FFFFFFFFFFFFFFFFFFFFFFFFFFFFFFFF">
              <conceptDescriptionId>2253</conceptDescriptionId>
              <concept reference="273"/>
              <description>A generic, descriptive answer which is a handwritten, non-coded response to a question.</description>
              <locale id="326">en</locale>
              <creator/>
              <dateCreated id="327">2004-08-12 00:00:00</dateCreated>
              <changedBy/>
              <dateChanged id="328">2020-02-28 12:35:45</dateChanged>
            </org.openmrs.ConceptDescription>
          </descriptions>
          <conceptMappings class="set" id="329">
            <org.openmrs.ConceptMap id="330" uuid="144395ABBBBBBBBBBBBBBBBBBBBBBBBBBBBB">
              <conceptMapType id="331" resolves-to="org.openmrs.ConceptMapType" uuid="35543629-7d8c-11e1-909d-c80aa9edcf4e">
                <name>SAME-AS</name>
                <creator/>
                <dateCreated id="332">2018-10-12 00:00:00</dateCreated>
                <changedBy/>
                <dateChanged id="333">2020-02-28 12:35:45</dateChanged>
                <retired>false</retired>
                <conceptMapTypeId>1</conceptMapTypeId>
                <isHidden>false</isHidden>
              </conceptMapType>
              <creator/>
              <changedBy/>
              <dateCreated id="334">2012-06-03 19:58:40</dateCreated>
              <dateChanged id="335">2020-02-28 12:35:45</dateChanged>
              <conceptMapId>144395</conceptMapId>
              <concept reference="273"/>
              <conceptReferenceTerm id="336" resolves-to="org.openmrs.ConceptReferenceTerm" uuid="49fd39a2-2b4a-38c2-8f0e-0cb9a7e0fe22">
                <creator/>
                <dateCreated id="337">2012-06-03 00:00:00</dateCreated>
                <changedBy/>
                <dateChanged id="338">2020-02-28 12:35:45</dateChanged>
                <retired>false</retired>
                <conceptReferenceTermId>144395</conceptReferenceTermId>
                <conceptSource id="339" resolves-to="org.openmrs.ConceptSource" uuid="12ADDDDDDDDDDDDDDDDDDDDDDDDDDDDDDDDD">
                  <name>PIH Malawi</name>
                  <description>Partners in Health Malawi concept dictionary</description>
                  <creator/>
                  <dateCreated id="340">2010-10-24 17:02:20</dateCreated>
                  <changedBy/>
                  <dateChanged id="341">2020-02-28 12:35:45</dateChanged>
                  <retired>false</retired>
                  <conceptSourceId>12</conceptSourceId>
                </conceptSource>
                <code>6408</code>
                <conceptReferenceTermMaps id="342"/>
              </conceptReferenceTerm>
            </org.openmrs.ConceptMap>
            <org.openmrs.ConceptMap id="343" uuid="137878ABBBBBBBBBBBBBBBBBBBBBBBBBBBBB">
              <conceptMapType reference="331"/>
              <creator/>
              <changedBy/>
              <dateCreated id="344">2011-01-17 15:43:23</dateCreated>
              <dateChanged id="345">2020-02-28 12:35:45</dateChanged>
              <conceptMapId>137878</conceptMapId>
              <concept reference="273"/>
              <conceptReferenceTerm id="346" resolves-to="org.openmrs.ConceptReferenceTerm" uuid="a4138b87-50d9-30b1-aea4-9fc620570cc6">
                <creator/>
                <dateCreated id="347">2011-01-17 00:00:00</dateCreated>
                <changedBy/>
                <dateChanged id="348">2020-02-28 12:35:45</dateChanged>
                <retired>false</retired>
                <conceptReferenceTermId>137878</conceptReferenceTermId>
                <conceptSource id="349" resolves-to="org.openmrs.ConceptSource" uuid="ddb6b595-0b85-4a80-9243-efe4ba404eef">
                  <name>org.openmrs.module.mdrtb</name>
                  <description>The required concepts for the MDR-TB module</description>
                  <creator/>
                  <dateCreated id="350">2010-12-15 14:00:37</dateCreated>
                  <changedBy/>
                  <dateChanged id="351">2020-02-28 12:35:45</dateChanged>
                  <retired>false</retired>
                  <conceptSourceId>15</conceptSourceId>
                </conceptSource>
                <code>OTHER</code>
                <conceptReferenceTermMaps id="352"/>
              </conceptReferenceTerm>
            </org.openmrs.ConceptMap>
            <org.openmrs.ConceptMap id="353" uuid="172381ABBBBBBBBBBBBBBBBBBBBBBBBBBBBB">
              <conceptMapType reference="331"/>
              <creator/>
              <changedBy/>
              <dateCreated id="354">2013-07-03 18:53:08</dateCreated>
              <dateChanged id="355">2020-02-28 12:35:45</dateChanged>
              <conceptMapId>172381</conceptMapId>
              <concept reference="273"/>
              <conceptReferenceTerm id="356" resolves-to="org.openmrs.ConceptReferenceTerm" uuid="77ae1072-f97e-3c41-ad82-8746ad6f9c26">
                <creator/>
                <dateCreated id="357">2013-07-03 00:00:00</dateCreated>
                <changedBy/>
                <dateChanged id="358">2020-02-28 12:35:45</dateChanged>
                <retired>false</retired>
                <conceptReferenceTermId>172381</conceptReferenceTermId>
                <conceptSource id="359" resolves-to="org.openmrs.ConceptSource" uuid="21ADDDDDDDDDDDDDDDDDDDDDDDDDDDDDDDDD">
                  <name>CIEL</name>
                  <description>Columbia International eHealth Laboratory concept ID</description>
                  <creator/>
                  <dateCreated id="360">2013-07-03 15:55:03</dateCreated>
                  <changedBy/>
                  <dateChanged id="361">2020-02-28 12:35:45</dateChanged>
                  <retired>false</retired>
                  <conceptSourceId>21</conceptSourceId>
                </conceptSource>
                <code>5622</code>
                <conceptReferenceTermMaps id="362"/>
              </conceptReferenceTerm>
            </org.openmrs.ConceptMap>
            <org.openmrs.ConceptMap id="363" uuid="141670ABBBBBBBBBBBBBBBBBBBBBBBBBBBBB">
              <conceptMapType reference="331"/>
              <creator/>
              <changedBy/>
              <dateCreated id="364">2011-02-10 16:54:39</dateCreated>
              <dateChanged id="365">2020-02-28 12:35:45</dateChanged>
              <conceptMapId>141670</conceptMapId>
              <concept reference="273"/>
              <conceptReferenceTerm id="366" resolves-to="org.openmrs.ConceptReferenceTerm" uuid="cd9bed8e-d47a-38bd-a677-695644801d87">
                <creator/>
                <dateCreated id="367">2011-02-10 00:00:00</dateCreated>
                <changedBy/>
                <dateChanged id="368">2020-02-28 12:35:45</dateChanged>
                <retired>false</retired>
                <conceptReferenceTermId>141670</conceptReferenceTermId>
                <conceptSource id="369" resolves-to="org.openmrs.ConceptSource" uuid="14ADDDDDDDDDDDDDDDDDDDDDDDDDDDDDDDDD">
                  <name>SNOMED MVP</name>
                  <description>MVP Namespace Identifier extensions to SNOMED CT</description>
                  <creator/>
                  <dateCreated id="370">2010-12-03 18:18:39</dateCreated>
                  <changedBy/>
                  <dateChanged id="371">2020-02-28 12:35:45</dateChanged>
                  <retired>false</retired>
                  <conceptSourceId>14</conceptSourceId>
                </conceptSource>
                <code>56221000105001</code>
                <conceptReferenceTermMaps id="372"/>
              </conceptReferenceTerm>
            </org.openmrs.ConceptMap>
            <org.openmrs.ConceptMap id="373" uuid="143666ABBBBBBBBBBBBBBBBBBBBBBBBBBBBB">
              <conceptMapType reference="331"/>
              <creator/>
              <changedBy/>
              <dateCreated id="374">2011-05-27 14:13:52</dateCreated>
              <dateChanged id="375">2020-02-28 12:35:45</dateChanged>
              <conceptMapId>143666</conceptMapId>
              <concept reference="273"/>
              <conceptReferenceTerm id="376" resolves-to="org.openmrs.ConceptReferenceTerm" uuid="142f78e3-31a5-3969-a405-286a699f711f">
                <creator/>
                <dateCreated id="377">2011-05-27 00:00:00</dateCreated>
                <changedBy/>
                <dateChanged id="378">2020-02-28 12:35:45</dateChanged>
                <retired>false</retired>
                <conceptReferenceTermId>143663</conceptReferenceTermId>
                <conceptSource id="379" resolves-to="org.openmrs.ConceptSource" uuid="fb9aaaf1-65e2-4c18-b53c-16b575f2f385">
                  <name>PIH</name>
                  <description>Equivalent concept ID in Master Partners-in-Health Concept dictionary</description>
                  <creator/>
                  <dateCreated id="380">2010-08-03 01:50:49</dateCreated>
                  <changedBy/>
                  <dateChanged id="381">2020-02-28 12:35:45</dateChanged>
                  <retired>false</retired>
                  <conceptSourceId>11</conceptSourceId>
                </conceptSource>
                <code>5622</code>
                <conceptReferenceTermMaps id="382"/>
              </conceptReferenceTerm>
            </org.openmrs.ConceptMap>
            <org.openmrs.ConceptMap id="383" uuid="135771ABBBBBBBBBBBBBBBBBBBBBBBBBBBBB">
              <conceptMapType reference="331"/>
              <creator/>
              <changedBy/>
              <dateCreated id="384">2010-10-24 13:09:59</dateCreated>
              <dateChanged id="385">2020-02-28 12:35:45</dateChanged>
              <conceptMapId>135771</conceptMapId>
              <concept reference="273"/>
              <conceptReferenceTerm id="386" resolves-to="org.openmrs.ConceptReferenceTerm" uuid="de4dbf4f-b5ee-3d32-9ce6-ca2e15c2e1b3">
                <creator/>
                <dateCreated id="387">2010-10-24 00:00:00</dateCreated>
                <changedBy/>
                <dateChanged id="388">2020-02-28 12:35:45</dateChanged>
                <retired>false</retired>
                <conceptReferenceTermId>135771</conceptReferenceTermId>
                <conceptSource id="389" resolves-to="org.openmrs.ConceptSource" uuid="13ADDDDDDDDDDDDDDDDDDDDDDDDDDDDDDDDD">
                  <name>AMPATH</name>
                  <description>AMPATH concept dictionary</description>
                  <creator/>
                  <dateCreated id="390">2010-10-24 17:02:38</dateCreated>
                  <changedBy/>
                  <dateChanged id="391">2020-02-28 12:35:45</dateChanged>
                  <retired>false</retired>
                  <conceptSourceId>13</conceptSourceId>
                </conceptSource>
                <code>5622</code>
                <conceptReferenceTermMaps id="392"/>
              </conceptReferenceTerm>
            </org.openmrs.ConceptMap>
            <org.openmrs.ConceptMap id="393" uuid="137766ABBBBBBBBBBBBBBBBBBBBBBBBBBBBB">
              <conceptMapType id="394" resolves-to="org.openmrs.ConceptMapType" uuid="43ac5109-7d8c-11e1-909d-c80aa9edcf4e">
                <name>NARROWER-THAN</name>
                <creator/>
                <dateCreated id="395">2018-10-12 00:00:00</dateCreated>
                <changedBy/>
                <dateChanged id="396">2020-02-28 12:35:45</dateChanged>
                <retired>false</retired>
                <conceptMapTypeId>2</conceptMapTypeId>
                <isHidden>false</isHidden>
              </conceptMapType>
              <creator/>
              <changedBy/>
              <dateCreated id="397">2011-01-15 13:27:39</dateCreated>
              <dateChanged id="398">2020-02-28 12:35:45</dateChanged>
              <conceptMapId>137766</conceptMapId>
              <concept reference="273"/>
              <conceptReferenceTerm id="399" resolves-to="org.openmrs.ConceptReferenceTerm" uuid="17744715-bb7d-3022-96d3-2e2144a778d4">
                <creator/>
                <dateCreated id="400">2011-01-15 00:00:00</dateCreated>
                <changedBy/>
                <dateChanged id="401">2020-02-28 12:35:45</dateChanged>
                <retired>false</retired>
                <conceptReferenceTermId>137766</conceptReferenceTermId>
                <conceptSource id="402" resolves-to="org.openmrs.ConceptSource" uuid="2ADDDDDDDDDDDDDDDDDDDDDDDDDDDDDDDDDD">
                  <name>SNOMED NP</name>
                  <description>Non-preferred SNOMED CT mappings</description>
                  <creator/>
                  <dateCreated id="403">2010-04-25 11:12:44</dateCreated>
                  <changedBy/>
                  <dateChanged id="404">2020-02-28 12:35:45</dateChanged>
                  <retired>false</retired>
                  <conceptSourceId>2</conceptSourceId>
                </conceptSource>
                <code>74964007</code>
                <conceptReferenceTermMaps id="405"/>
              </conceptReferenceTerm>
            </org.openmrs.ConceptMap>
          </conceptMappings>
          <attributes id="406"/>
        </answerConcept>
        <creator/>
        <dateCreated id="407">2020-02-27 15:27:59</dateCreated>
        <sortWeight>3.0</sortWeight>
      </org.openmrs.ConceptAnswer>
      <org.openmrs.ConceptAnswer id="408" uuid="2c44c85e-248e-4323-bac2-256015012182">
        <conceptAnswerId>6614</conceptAnswerId>
        <concept reference="257"/>
        <answerConcept id="409" resolves-to="org.openmrs.Concept" uuid="b91a5c1e-874c-433b-86ce-3cdb580977ec">
          <conceptId>165345</conceptId>
          <retired>false</retired>
          <datatype reference="3"/>
          <conceptClass reference="19"/>
          <set>false</set>
          <creator/>
          <dateCreated id="410">2020-02-27 15:22:58</dateCreated>
          <changedBy/>
          <dateChanged id="411">2020-02-28 12:35:45</dateChanged>
          <names class="set" id="412">
            <org.openmrs.ConceptName id="413" uuid="a245ffe1-4131-4b78-b6cd-600122d1d0f0">
              <conceptNameId>142429</conceptNameId>
              <concept reference="409"/>
              <name>Patient&apos;s number not reachable/switched off</name>
              <locale id="414">en</locale>
              <creator/>
              <dateCreated id="415">2020-02-27 15:22:58</dateCreated>
              <voided>false</voided>
              <tags class="set" id="416"/>
              <conceptNameType>FULLY_SPECIFIED</conceptNameType>
              <localePreferred>true</localePreferred>
              <changedBy/>
              <dateChanged id="417">2020-02-28 12:35:45</dateChanged>
            </org.openmrs.ConceptName>
          </names>
          <answers class="set" id="418"/>
          <conceptSets class="set" id="419"/>
          <descriptions class="set" id="420">
            <org.openmrs.ConceptDescription id="421" uuid="7c8fb0ac-4f7c-4653-8d2c-256eddbb5ed8">
              <conceptDescriptionId>18292</conceptDescriptionId>
              <concept reference="409"/>
              <description>Patient&apos;s number not reachable/switched off</description>
              <locale id="422">en</locale>
              <creator/>
              <dateCreated id="423">2020-02-27 15:22:58</dateCreated>
              <changedBy/>
              <dateChanged id="424">2020-02-28 12:35:45</dateChanged>
            </org.openmrs.ConceptDescription>
          </descriptions>
          <conceptMappings class="set" id="425"/>
          <attributes id="426"/>
        </answerConcept>
        <creator/>
        <dateCreated id="427">2020-02-27 15:27:59</dateCreated>
        <sortWeight>2.0</sortWeight>
      </org.openmrs.ConceptAnswer>
      <org.openmrs.ConceptAnswer id="428" uuid="c1c9565b-6940-4bca-a391-ccf75b3040fc">
        <conceptAnswerId>6615</conceptAnswerId>
        <concept reference="257"/>
        <answerConcept id="429" resolves-to="org.openmrs.Concept" uuid="f194ee80-35e3-4daf-afbc-0c6465ef2434">
          <conceptId>165346</conceptId>
          <retired>false</retired>
          <datatype reference="3"/>
          <conceptClass reference="19"/>
          <set>false</set>
          <creator/>
          <dateCreated id="430">2020-02-27 15:22:43</dateCreated>
          <changedBy/>
          <dateChanged id="431">2020-02-28 12:35:45</dateChanged>
          <names class="set" id="432">
            <org.openmrs.ConceptName id="433" uuid="7bcc4761-3d39-4cfc-a1cb-bcc630882967">
              <conceptNameId>142430</conceptNameId>
              <concept reference="429"/>
              <name>Incorrect contact number</name>
              <locale id="434">en</locale>
              <creator/>
              <dateCreated id="435">2020-02-27 15:22:43</dateCreated>
              <voided>false</voided>
              <tags class="set" id="436"/>
              <conceptNameType>FULLY_SPECIFIED</conceptNameType>
              <localePreferred>true</localePreferred>
              <changedBy/>
              <dateChanged id="437">2020-02-28 12:35:45</dateChanged>
            </org.openmrs.ConceptName>
          </names>
          <answers class="set" id="438"/>
          <conceptSets class="set" id="439"/>
          <descriptions class="set" id="440">
            <org.openmrs.ConceptDescription id="441" uuid="b013ac2f-4277-4d6f-8e23-d67e5d401eb6">
              <conceptDescriptionId>18293</conceptDescriptionId>
              <concept reference="429"/>
              <description>Incorrect contact number</description>
              <locale id="442">en</locale>
              <creator/>
              <dateCreated id="443">2020-02-27 15:22:43</dateCreated>
              <changedBy/>
              <dateChanged id="444">2020-02-28 12:35:45</dateChanged>
            </org.openmrs.ConceptDescription>
          </descriptions>
          <conceptMappings class="set" id="445"/>
          <attributes id="446"/>
        </answerConcept>
        <creator/>
        <dateCreated id="447">2020-02-27 15:27:59</dateCreated>
        <sortWeight>1.0</sortWeight>
      </org.openmrs.ConceptAnswer>
    </answers>
    <conceptSets class="set" id="448"/>
    <descriptions class="set" id="449">
      <org.openmrs.ConceptDescription id="450" uuid="19671183-9e4f-4c70-b66f-74090afe347b">
        <conceptDescriptionId>18294</conceptDescriptionId>
        <concept reference="257"/>
        <description>Visit Other</description>
        <locale id="451">en</locale>
        <creator/>
        <dateCreated id="452">2020-02-27 15:27:59</dateCreated>
        <changedBy/>
        <dateChanged id="453">2020-02-28 12:35:45</dateChanged>
      </org.openmrs.ConceptDescription>
    </descriptions>
    <conceptMappings class="set" id="454"/>
    <attributes id="455"/>
  </org.openmrs.Concept>
  <org.openmrs.Concept id="456" uuid="ac76a287-04d3-49be-ab26-272f49bba6d3">
    <conceptId>165348</conceptId>
    <retired>false</retired>
    <datatype reference="3"/>
    <conceptClass reference="19"/>
    <set>false</set>
    <creator/>
    <dateCreated id="457">2020-02-27 15:30:36</dateCreated>
    <changedBy/>
    <dateChanged id="458">2020-02-28 12:35:45</dateChanged>
    <names class="set" id="459">
      <org.openmrs.ConceptName id="460" uuid="65d1fdbb-6b52-46ae-88e9-38ab10bf40a3">
        <conceptNameId>142433</conceptNameId>
        <concept reference="456"/>
        <name>Scheduled call in the coming weeks</name>
        <locale id="461">en</locale>
        <creator/>
        <dateCreated id="462">2020-02-27 15:30:36</dateCreated>
        <voided>false</voided>
        <tags class="set" id="463"/>
        <conceptNameType>FULLY_SPECIFIED</conceptNameType>
        <localePreferred>true</localePreferred>
        <changedBy/>
        <dateChanged id="464">2020-02-28 12:35:45</dateChanged>
      </org.openmrs.ConceptName>
    </names>
    <answers class="set" id="465"/>
    <conceptSets class="set" id="466"/>
    <descriptions class="set" id="467">
      <org.openmrs.ConceptDescription id="468" uuid="5949e777-35d5-456d-a942-8c80c49427f0">
        <conceptDescriptionId>18295</conceptDescriptionId>
        <concept reference="456"/>
        <description>Scheduled call in the coming weeks</description>
        <locale id="469">en</locale>
        <creator/>
        <dateCreated id="470">2020-02-27 15:30:36</dateCreated>
        <changedBy/>
        <dateChanged id="471">2020-02-28 12:35:45</dateChanged>
      </org.openmrs.ConceptDescription>
    </descriptions>
    <conceptMappings class="set" id="472"/>
    <attributes id="473"/>
  </org.openmrs.Concept>
  <org.openmrs.Concept reference="81"/>
  <org.openmrs.Concept reference="101"/>
  <org.openmrs.Concept reference="18"/>
  <org.openmrs.Concept reference="61"/>
  <org.openmrs.Concept reference="230"/>
  <org.openmrs.Concept reference="409"/>
  <org.openmrs.Concept id="474" uuid="06d5d483-ed76-4238-8784-783c1860a613">
    <conceptId>165352</conceptId>
    <retired>false</retired>
    <datatype reference="3"/>
    <conceptClass reference="5"/>
    <set>false</set>
    <creator/>
    <dateCreated id="475">2020-02-27 15:33:56</dateCreated>
    <changedBy/>
    <dateChanged id="476">2020-02-28 12:35:45</dateChanged>
    <names class="set" id="477">
      <org.openmrs.ConceptName id="478" uuid="0286bffa-1c85-49f3-98e0-16c7742e00fa">
        <conceptNameId>142437</conceptNameId>
        <concept reference="474"/>
        <name>Next Steps</name>
        <locale id="479">en</locale>
        <creator/>
        <dateCreated id="480">2020-02-27 15:33:56</dateCreated>
        <voided>false</voided>
        <tags class="set" id="481"/>
        <conceptNameType>FULLY_SPECIFIED</conceptNameType>
        <localePreferred>true</localePreferred>
        <changedBy/>
        <dateChanged id="482">2020-02-28 12:35:45</dateChanged>
      </org.openmrs.ConceptName>
    </names>
    <answers class="set" id="483">
      <org.openmrs.ConceptAnswer id="484" uuid="b5843a19-827b-4c60-8db1-30b673011f08">
        <conceptAnswerId>6616</conceptAnswerId>
        <concept reference="474"/>
        <answerConcept id="485" resolves-to="org.openmrs.Concept" uuid="171c838b-7cc4-40ab-a7d9-b89af9bcef80">
          <conceptId>165349</conceptId>
          <retired>false</retired>
          <datatype reference="3"/>
          <conceptClass reference="19"/>
          <set>false</set>
          <creator/>
          <dateCreated id="486">2020-02-27 15:29:09</dateCreated>
          <changedBy/>
          <dateChanged id="487">2020-02-28 12:35:45</dateChanged>
          <names class="set" id="488">
            <org.openmrs.ConceptName id="489" uuid="a49adbaf-6a6f-4574-a270-b7cc4a940f41">
              <conceptNameId>142434</conceptNameId>
              <concept reference="485"/>
              <name>Scheduled home visit in the coming weeks</name>
              <locale id="490">en</locale>
              <creator/>
              <dateCreated id="491">2020-02-27 15:29:09</dateCreated>
              <voided>false</voided>
              <tags class="set" id="492"/>
              <conceptNameType>FULLY_SPECIFIED</conceptNameType>
              <localePreferred>true</localePreferred>
              <changedBy/>
              <dateChanged id="493">2020-02-28 12:35:45</dateChanged>
            </org.openmrs.ConceptName>
          </names>
          <answers class="set" id="494"/>
          <conceptSets class="set" id="495"/>
          <descriptions class="set" id="496">
            <org.openmrs.ConceptDescription id="497" uuid="5dab68d8-e4bb-46aa-be71-a4d516f46e95">
              <conceptDescriptionId>18296</conceptDescriptionId>
              <concept reference="485"/>
              <description>Scheduled home visit in the coming weeks</description>
              <locale id="498">en</locale>
              <creator/>
              <dateCreated id="499">2020-02-27 15:29:09</dateCreated>
              <changedBy/>
              <dateChanged id="500">2020-02-28 12:35:45</dateChanged>
            </org.openmrs.ConceptDescription>
          </descriptions>
          <conceptMappings class="set" id="501"/>
          <attributes id="502"/>
        </answerConcept>
        <creator/>
        <dateCreated id="503">2020-02-27 15:33:56</dateCreated>
        <sortWeight>1.0</sortWeight>
      </org.openmrs.ConceptAnswer>
      <org.openmrs.ConceptAnswer id="504" uuid="f23eb0e9-1fea-42d8-bc99-df1ffedeb86a">
        <conceptAnswerId>6617</conceptAnswerId>
        <concept reference="474"/>
        <answerConcept id="505" resolves-to="org.openmrs.Concept" uuid="4e93fcc8-c18f-48c2-8c58-b4b9de9d0d4d">
          <conceptId>165350</conceptId>
          <retired>false</retired>
          <datatype reference="274"/>
          <conceptClass reference="19"/>
          <set>false</set>
          <creator/>
          <dateCreated id="506">2020-02-27 15:33:14</dateCreated>
          <changedBy/>
          <dateChanged id="507">2020-02-28 12:35:45</dateChanged>
          <names class="set" id="508">
            <org.openmrs.ConceptName id="509" uuid="3ad90239-82db-4695-8cc3-655a209a52cc">
              <conceptNameId>142435</conceptNameId>
              <concept reference="505"/>
              <name>Other remarks</name>
              <locale id="510">en</locale>
              <creator/>
              <dateCreated id="511">2020-02-27 15:33:14</dateCreated>
              <voided>false</voided>
              <tags class="set" id="512"/>
              <conceptNameType>FULLY_SPECIFIED</conceptNameType>
              <localePreferred>true</localePreferred>
              <changedBy/>
              <dateChanged id="513">2020-02-28 12:35:45</dateChanged>
            </org.openmrs.ConceptName>
          </names>
          <answers class="set" id="514"/>
          <conceptSets class="set" id="515"/>
          <descriptions class="set" id="516">
            <org.openmrs.ConceptDescription id="517" uuid="f4e8226d-b0dd-4bd8-8a24-53b1e9d2849f">
              <conceptDescriptionId>18297</conceptDescriptionId>
              <concept reference="505"/>
              <description>A generic, descriptive answer which is a handwritten, non-coded remarks.</description>
              <locale id="518">en</locale>
              <creator/>
              <dateCreated id="519">2020-02-27 15:33:14</dateCreated>
              <changedBy/>
              <dateChanged id="520">2020-02-28 12:35:45</dateChanged>
            </org.openmrs.ConceptDescription>
          </descriptions>
          <conceptMappings class="set" id="521"/>
          <attributes id="522"/>
        </answerConcept>
        <creator/>
        <dateCreated id="523">2020-02-27 15:33:56</dateCreated>
        <sortWeight>4.0</sortWeight>
      </org.openmrs.ConceptAnswer>
      <org.openmrs.ConceptAnswer id="524" uuid="2ef647bc-67eb-47b3-84e6-9c711de191ad">
        <conceptAnswerId>6618</conceptAnswerId>
        <concept reference="474"/>
        <answerConcept reference="456"/>
        <creator/>
        <dateCreated id="525">2020-02-27 15:33:56</dateCreated>
        <sortWeight>2.0</sortWeight>
      </org.openmrs.ConceptAnswer>
      <org.openmrs.ConceptAnswer id="526" uuid="bf5921ee-8e00-44bb-8cf2-532cb53fe92d">
        <conceptAnswerId>6619</conceptAnswerId>
        <concept reference="474"/>
        <answerConcept id="527" resolves-to="org.openmrs.Concept" uuid="bc3c1970-38f0-4dc3-8dba-36a1640016e5">
          <conceptId>165351</conceptId>
          <retired>false</retired>
          <datatype reference="3"/>
          <conceptClass reference="19"/>
          <set>false</set>
          <creator/>
          <dateCreated id="528">2020-02-27 15:31:01</dateCreated>
          <changedBy/>
          <dateChanged id="529">2020-02-28 12:35:45</dateChanged>
          <names class="set" id="530">
            <org.openmrs.ConceptName id="531" uuid="e207f295-8534-4803-a72a-371fe2d422da">
              <conceptNameId>142436</conceptNameId>
              <concept reference="527"/>
              <name>Additional calls/home visits are required</name>
              <locale id="532">en</locale>
              <creator/>
              <dateCreated id="533">2020-02-27 15:31:01</dateCreated>
              <voided>false</voided>
              <tags class="set" id="534"/>
              <conceptNameType>FULLY_SPECIFIED</conceptNameType>
              <localePreferred>true</localePreferred>
              <changedBy/>
              <dateChanged id="535">2020-02-28 12:35:45</dateChanged>
            </org.openmrs.ConceptName>
          </names>
          <answers class="set" id="536"/>
          <conceptSets class="set" id="537"/>
          <descriptions class="set" id="538">
            <org.openmrs.ConceptDescription id="539" uuid="5022de9a-322f-4684-a7da-3de41c2c832c">
              <conceptDescriptionId>18298</conceptDescriptionId>
              <concept reference="527"/>
              <description>Additional calls/home visits are required</description>
              <locale id="540">en</locale>
              <creator/>
              <dateCreated id="541">2020-02-27 15:31:01</dateCreated>
              <changedBy/>
              <dateChanged id="542">2020-02-28 12:35:45</dateChanged>
            </org.openmrs.ConceptDescription>
          </descriptions>
          <conceptMappings class="set" id="543"/>
          <attributes id="544"/>
        </answerConcept>
        <creator/>
        <dateCreated id="545">2020-02-27 15:33:56</dateCreated>
        <sortWeight>3.0</sortWeight>
      </org.openmrs.ConceptAnswer>
    </answers>
    <conceptSets class="set" id="546"/>
    <descriptions class="set" id="547">
      <org.openmrs.ConceptDescription id="548" uuid="b975047a-1f5f-49af-aa8c-fd02659b1971">
        <conceptDescriptionId>18299</conceptDescriptionId>
        <concept reference="474"/>
        <description>Next Steps</description>
        <locale id="549">en</locale>
        <creator/>
        <dateCreated id="550">2020-02-27 15:33:56</dateCreated>
        <changedBy/>
        <dateChanged id="551">2020-02-28 12:35:45</dateChanged>
      </org.openmrs.ConceptDescription>
    </descriptions>
    <conceptMappings class="set" id="552"/>
    <attributes id="553"/>
  </org.openmrs.Concept>
  <org.openmrs.Concept reference="41"/>
  <org.openmrs.Concept reference="139"/>
  <org.openmrs.Concept reference="527"/>
  <org.openmrs.Concept reference="184"/>
  <org.openmrs.Concept reference="204"/>
  <org.openmrs.Concept reference="505"/>
  <org.openmrs.Concept reference="485"/>
  <org.openmrs.Concept reference="164"/>
  <org.openmrs.Concept reference="429"/>
  <org.openmrs.ConceptClass reference="5"/>
  <org.openmrs.ConceptClass reference="19"/>
</list>
