<?xml version="1.0" encoding="UTF-8"?>
<list id="1">
  <org.openmrs.module.appframework.domain.UserApp id="2">
    <appId>cflui.findCaregiver</appId>
    <json>{&#xd;
    &quot;id&quot;: &quot;cflui.findCaregiver&quot;,&#xd;
    &quot;description&quot;: &quot;CFL UI&quot;,&#xd;
    &quot;order&quot;: 3,&#xd;
    &quot;extensions&quot;: [&#xd;
      {&#xd;
        &quot;id&quot;: &quot;demoapp.homepageLink&quot;,&#xd;
        &quot;extensionPointId&quot;: &quot;org.openmrs.cfldistribution.homepageLink&quot;,&#xd;
        &quot;type&quot;: &quot;link&quot;,&#xd;
        &quot;label&quot;: &quot;Find Caregiver&quot;,&#xd;
        &quot;url&quot;: &quot;owa/cfl-ui/index.html#/find-caregiver&quot;,&#xd;
        &quot;icon&quot;: &quot;cfl-find-caregiver&quot;,&#xd;
        &quot;requiredPrivilege&quot;: &quot;Get People&quot;&#xd;
      }&#xd;
    ],&#xd;
    &quot;config&quot;: {&#xd;
      &quot;tableColumns&quot;: &quot;patientIdentifier,display,gender,age,birthdate,phoneNumber&quot;&#xd;
    }&#xd;
  }</json>
  </org.openmrs.module.appframework.domain.UserApp>
  <org.openmrs.module.appframework.domain.UserApp id="3">
    <appId>cflui.findPatient</appId>
    <json>{&#xd;
    &quot;id&quot;: &quot;cflui.findPatient&quot;,&#xd;
    &quot;description&quot;: &quot;CFL UI&quot;,&#xd;
    &quot;order&quot;: 1,&#xd;
    &quot;extensions&quot;: [&#xd;
      {&#xd;
        &quot;id&quot;: &quot;demoapp.homepageLink&quot;,&#xd;
        &quot;extensionPointId&quot;: &quot;org.openmrs.cfldistribution.homepageLink&quot;,&#xd;
        &quot;type&quot;: &quot;link&quot;,&#xd;
        &quot;label&quot;: &quot;Find Patient&quot;,&#xd;
        &quot;url&quot;: &quot;owa/cfl-ui/index.html#/find-patient&quot;,&#xd;
        &quot;icon&quot;: &quot;cfl-find-patient&quot;,&#xd;
        &quot;requiredPrivilege&quot;: &quot;Get Patients&quot;&#xd;
      }&#xd;
    ],&#xd;
    &quot;config&quot;: {&#xd;
      &quot;tableColumns&quot;: &quot;patientIdentifier,display,gender,age,birthdate,phoneNumber&quot;&#xd;
    }&#xd;
  }</json>
  </org.openmrs.module.appframework.domain.UserApp>
  <org.openmrs.module.appframework.domain.UserApp id="4">
    <appId>cflui.registerPatient</appId>
    <json>{&#xd;
  &quot;id&quot;: &quot;cflui.registerPatient&quot;,&#xd;
  &quot;description&quot;: &quot;CFL UI&quot;,&#xd;
  &quot;order&quot;: 0,&#xd;
  &quot;extensions&quot;: [&#xd;
    {&#xd;
      &quot;id&quot;: &quot;demoapp.homepageLink&quot;,&#xd;
      &quot;extensionPointId&quot;: &quot;org.openmrs.cfldistribution.homepageLink&quot;,&#xd;
      &quot;type&quot;: &quot;link&quot;,&#xd;
      &quot;label&quot;: &quot;Register Patient&quot;,&#xd;
      &quot;url&quot;: &quot;owa/cfl-ui/index.html#/register-patient&quot;,&#xd;
      &quot;icon&quot;: &quot;cfl-register-patient&quot;,&#xd;
      &quot;requiredPrivilege&quot;: &quot;Add Patients&quot;&#xd;
    }&#xd;
  ],&#xd;
  &quot;config&quot;: {&#xd;
    &quot;steps&quot;: [&#xd;
      {&#xd;
        &quot;label&quot;: &quot;Name&quot;,&#xd;
        &quot;title&quot;: &quot;Patient Demographics&quot;,&#xd;
        &quot;subtitle&quot;: &quot;What&apos;s the patient&apos;s name?&quot;,&#xd;
        &quot;fields&quot;: [&#xd;
          {&#xd;
            &quot;name&quot;: &quot;givenName&quot;,&#xd;
            &quot;required&quot;: true&#xd;
          },&#xd;
          {&#xd;
            &quot;name&quot;: &quot;middleName&quot;,&#xd;
            &quot;required&quot;: false&#xd;
          },&#xd;
          {&#xd;
            &quot;name&quot;: &quot;familyName&quot;&#xd;
          }&#xd;
        ]&#xd;
      },&#xd;
      {&#xd;
        &quot;label&quot;: &quot;Birthdate&quot;,&#xd;
        &quot;title&quot;: &quot;Patient Demographics&quot;,&#xd;
        &quot;subtitle&quot;: &quot;What&apos;s the patient&apos;s birth date? (Required)&quot;,&#xd;
        &quot;fields&quot;: [&#xd;
          {&#xd;
            &quot;name&quot;: &quot;birthdate&quot;,&#xd;
            &quot;required&quot;: true,&#xd;
            &quot;type&quot;: &quot;date&quot;&#xd;
          },&#xd;
          {&#xd;
            &quot;label&quot;: &quot;Or&quot;,&#xd;
            &quot;type&quot;: &quot;separator&quot;&#xd;
          },&#xd;
          {&#xd;
            &quot;name&quot;: &quot;birthdateYears&quot;,&#xd;
            &quot;required&quot;: false,&#xd;
            &quot;type&quot;: &quot;number&quot;&#xd;
          },&#xd;
          {&#xd;
            &quot;name&quot;: &quot;birthdateMonths&quot;,&#xd;
            &quot;required&quot;: false,&#xd;
            &quot;type&quot;: &quot;number&quot;&#xd;
          }&#xd;
        ]&#xd;
      },&#xd;
      {&#xd;
        &quot;label&quot;: &quot;Gender&quot;,&#xd;
        &quot;title&quot;: &quot;Patient Demographics&quot;,&#xd;
        &quot;subtitle&quot;: &quot;What&apos;s the patient gender? (Required)&quot;,&#xd;
        &quot;fields&quot;: [&#xd;
          {&#xd;
            &quot;label&quot;: &quot;Sex assigned at birth&quot;,&#xd;
            &quot;type&quot;: &quot;separator&quot;,&#xd;
            &quot;class&quot;: &quot;mb-1&quot;&#xd;
          },&#xd;
          {&#xd;
            &quot;name&quot;: &quot;gender&quot;,&#xd;
            &quot;required&quot;: true,&#xd;
            &quot;type&quot;: &quot;buttons&quot;,&#xd;
            &quot;options&quot;: [&#xd;
              {&#xd;
                &quot;label&quot;: &quot;Male&quot;,&#xd;
                &quot;value&quot;: &quot;M&quot;&#xd;
              },&#xd;
              {&#xd;
                &quot;label&quot;: &quot;Female&quot;,&#xd;
                &quot;value&quot;: &quot;F&quot;&#xd;
              }&#xd;
            ]&#xd;
          },&#xd;
          {&#xd;
            &quot;label&quot;: &quot;Gender identity&quot;,&#xd;
            &quot;type&quot;: &quot;separator&quot;,&#xd;
            &quot;class&quot;: &quot;mb-1&quot;&#xd;
          },&#xd;
          {&#xd;
            &quot;name&quot;: &quot;Gender Identity&quot;,&#xd;
            &quot;required&quot;: true,&#xd;
            &quot;type&quot;: &quot;buttons&quot;,&#xd;
            &quot;label&quot;: &quot;Gender identity&quot;,&#xd;
            &quot;options&quot;: [&#xd;
              {&#xd;
                &quot;label&quot;: &quot;Male&quot;,&#xd;
                &quot;value&quot;: &quot;M&quot;&#xd;
              },&#xd;
              {&#xd;
                &quot;label&quot;: &quot;Female&quot;,&#xd;
                &quot;value&quot;: &quot;F&quot;&#xd;
              },&#xd;
              {&#xd;
                &quot;label&quot;: &quot;Transgender&quot;,&#xd;
                &quot;value&quot;: &quot;T&quot;&#xd;
              },&#xd;
              {&#xd;
                &quot;label&quot;: &quot;Other&quot;,&#xd;
                &quot;value&quot;: &quot;O&quot;&#xd;
              }&#xd;
            ]&#xd;
          },&#xd;
          {&#xd;
            &quot;name&quot;: &quot;Gender Identity&quot;,&#xd;
            &quot;required&quot;: false,&#xd;
            &quot;label&quot;: &quot;Other&quot;&#xd;
          }&#xd;
        ]&#xd;
      },&#xd;
      {&#xd;
        "label": "Patient Location",&#xd;
        "title": "Patient Demographics",&#xd;
        "subtitle": "What&apos;s the patient&apos;s location?",&#xd;
        "fields": [&#xd;
        {&#xd;
        "name": "LocationAttribute",&#xd;
        "label": "Patient Location",&#xd;
        "required": false,&#xd;
        "type": "select",&#xd;
        "optionSource": "locations"&#xd;
        }&#xd;
        ]&#xd;
      },&#xd;
      {&#xd;
        &quot;label&quot;: &quot;Address&quot;,&#xd;
        &quot;title&quot;: &quot;Patient Demographics&quot;,&#xd;
        &quot;subtitle&quot;: &quot;What&apos;s the patient&apos;s address?&quot;,&#xd;
        &quot;columns&quot;: 2,&#xd;
        &quot;fields&quot;: [&#xd;
          {&#xd;
            &quot;name&quot;: &quot;address1&quot;,&#xd;
            &quot;required&quot;: false&#xd;
          },&#xd;
          {&#xd;
            &quot;name&quot;: &quot;address2&quot;,&#xd;
            &quot;required&quot;: false&#xd;
          },&#xd;
          {&#xd;
            &quot;name&quot;: &quot;cityVillage&quot;,&#xd;
            &quot;required&quot;: false&#xd;
          },&#xd;
          {&#xd;
            &quot;name&quot;: &quot;stateProvince&quot;,&#xd;
            &quot;required&quot;: false&#xd;
          },&#xd;
          {&#xd;
            &quot;name&quot;: &quot;country&quot;,&#xd;
            &quot;required&quot;: false&#xd;
          },&#xd;
          {&#xd;
            &quot;name&quot;: &quot;postalCode&quot;,&#xd;
            &quot;required&quot;: false&#xd;
          }&#xd;
        ]&#xd;
      },&#xd;
      {&#xd;
        &quot;label&quot;: &quot;Nationality&quot;,&#xd;
        &quot;title&quot;: &quot;Patient Demographics&quot;,&#xd;
        &quot;subtitle&quot;: &quot;What is the nationality of a patient?&quot;,&#xd;
        &quot;fields&quot;: [&#xd;
          {&#xd;
            &quot;name&quot;: &quot;Nationality&quot;,&#xd;
            &quot;label&quot;: &quot;Nationality&quot;,&#xd;
            &quot;required&quot;: true,&#xd;
            &quot;type&quot;: &quot;select&quot;,&#xd;
            &quot;options&quot;: [&#xd;
              &quot;Afghan&quot;,&#xd;
              &quot;Albanian&quot;,&#xd;
              &quot;Algerian&quot;,&#xd;
              &quot;American&quot;,&#xd;
              &quot;Andorran&quot;,&#xd;
              &quot;Angolan&quot;,&#xd;
              &quot;Antiguans&quot;,&#xd;
              &quot;Argentinean&quot;,&#xd;
              &quot;Armenian&quot;,&#xd;
              &quot;Australian&quot;,&#xd;
              &quot;Austrian&quot;,&#xd;
              &quot;Azerbaijani&quot;,&#xd;
              &quot;Bahamian&quot;,&#xd;
              &quot;Bahraini&quot;,&#xd;
              &quot;Bangladeshi&quot;,&#xd;
              &quot;Barbadian&quot;,&#xd;
              &quot;Barbudans&quot;,&#xd;
              &quot;Batswana&quot;,&#xd;
              &quot;Belarusian&quot;,&#xd;
              &quot;Belgian&quot;,&#xd;
              &quot;Belizean&quot;,&#xd;
              &quot;Beninese&quot;,&#xd;
              &quot;Bhutanese&quot;,&#xd;
              &quot;Bolivian&quot;,&#xd;
              &quot;Bosnian&quot;,&#xd;
              &quot;Brazilian&quot;,&#xd;
              &quot;British&quot;,&#xd;
              &quot;Bruneian&quot;,&#xd;
              &quot;Bulgarian&quot;,&#xd;
              &quot;Burkinabe&quot;,&#xd;
              &quot;Burmese&quot;,&#xd;
              &quot;Burundian&quot;,&#xd;
              &quot;Cambodian&quot;,&#xd;
              &quot;Cameroonian&quot;,&#xd;
              &quot;Canadian&quot;,&#xd;
              &quot;Cape Verdean&quot;,&#xd;
              &quot;Central African&quot;,&#xd;
              &quot;Chadian&quot;,&#xd;
              &quot;Chilean&quot;,&#xd;
              &quot;Chinese&quot;,&#xd;
              &quot;Colombian&quot;,&#xd;
              &quot;Comoran&quot;,&#xd;
              &quot;Congolese&quot;,&#xd;
              &quot;Costa Rican&quot;,&#xd;
              &quot;Croatian&quot;,&#xd;
              &quot;Cuban&quot;,&#xd;
              &quot;Cypriot&quot;,&#xd;
              &quot;Czech&quot;,&#xd;
              &quot;Danish&quot;,&#xd;
              &quot;Djibouti&quot;,&#xd;
              &quot;Dominican&quot;,&#xd;
              &quot;Dutch&quot;,&#xd;
              &quot;East Timorese&quot;,&#xd;
              &quot;Ecuadorean&quot;,&#xd;
              &quot;Egyptian&quot;,&#xd;
              &quot;Emirian&quot;,&#xd;
              &quot;Equatorial Guinean&quot;,&#xd;
              &quot;Eritrean&quot;,&#xd;
              &quot;Estonian&quot;,&#xd;
              &quot;Ethiopian&quot;,&#xd;
              &quot;Fijian&quot;,&#xd;
              &quot;Filipino&quot;,&#xd;
              &quot;Finnish&quot;,&#xd;
              &quot;French&quot;,&#xd;
              &quot;Gabonese&quot;,&#xd;
              &quot;Gambian&quot;,&#xd;
              &quot;Georgian&quot;,&#xd;
              &quot;German&quot;,&#xd;
              &quot;Ghanaian&quot;,&#xd;
              &quot;Greek&quot;,&#xd;
              &quot;Grenadian&quot;,&#xd;
              &quot;Guatemalan&quot;,&#xd;
              &quot;Guinea-Bissauan&quot;,&#xd;
              &quot;Guinean&quot;,&#xd;
              &quot;Guyanese&quot;,&#xd;
              &quot;Haitian&quot;,&#xd;
              &quot;Herzegovinian&quot;,&#xd;
              &quot;Honduran&quot;,&#xd;
              &quot;Hungarian&quot;,&#xd;
              &quot;I-Kiribati&quot;,&#xd;
              &quot;Icelander&quot;,&#xd;
              &quot;Indian&quot;,&#xd;
              &quot;Indonesian&quot;,&#xd;
              &quot;Iranian&quot;,&#xd;
              &quot;Iraqi&quot;,&#xd;
              &quot;Irish&quot;,&#xd;
              &quot;Israeli&quot;,&#xd;
              &quot;Italian&quot;,&#xd;
              &quot;Ivorian&quot;,&#xd;
              &quot;Jamaican&quot;,&#xd;
              &quot;Japanese&quot;,&#xd;
              &quot;Jordanian&quot;,&#xd;
              &quot;Kazakhstani&quot;,&#xd;
              &quot;Kenyan&quot;,&#xd;
              &quot;Kittian and Nevisian&quot;,&#xd;
              &quot;Kuwaiti&quot;,&#xd;
              &quot;Kyrgyz&quot;,&#xd;
              &quot;Laotian&quot;,&#xd;
              &quot;Latvian&quot;,&#xd;
              &quot;Lebanese&quot;,&#xd;
              &quot;Liberian&quot;,&#xd;
              &quot;Libyan&quot;,&#xd;
              &quot;Liechtensteiner&quot;,&#xd;
              &quot;Lithuanian&quot;,&#xd;
              &quot;Luxembourger&quot;,&#xd;
              &quot;Macedonian&quot;,&#xd;
              &quot;Malagasy&quot;,&#xd;
              &quot;Malawian&quot;,&#xd;
              &quot;Malaysian&quot;,&#xd;
              &quot;Maldivian&quot;,&#xd;
              &quot;Malian&quot;,&#xd;
              &quot;Maltese&quot;,&#xd;
              &quot;Marshallese&quot;,&#xd;
              &quot;Mauritanian&quot;,&#xd;
              &quot;Mauritian&quot;,&#xd;
              &quot;Mexican&quot;,&#xd;
              &quot;Micronesian&quot;,&#xd;
              &quot;Moldovan&quot;,&#xd;
              &quot;Monacan&quot;,&#xd;
              &quot;Mongolian&quot;,&#xd;
              &quot;Moroccan&quot;,&#xd;
              &quot;Mosotho&quot;,&#xd;
              &quot;Motswana&quot;,&#xd;
              &quot;Mozambican&quot;,&#xd;
              &quot;Namibian&quot;,&#xd;
              &quot;Nauruan&quot;,&#xd;
              &quot;Nepalese&quot;,&#xd;
              &quot;New Zealander&quot;,&#xd;
              &quot;Ni-Vanuatu&quot;,&#xd;
              &quot;Nicaraguan&quot;,&#xd;
              &quot;Nigerian&quot;,&#xd;
              &quot;Nigerien&quot;,&#xd;
              &quot;North Korean&quot;,&#xd;
              &quot;Northern Irish&quot;,&#xd;
              &quot;Norwegian&quot;,&#xd;
              &quot;Omani&quot;,&#xd;
              &quot;Pakistani&quot;,&#xd;
              &quot;Palauan&quot;,&#xd;
              &quot;Panamanian&quot;,&#xd;
              &quot;Papua New Guinean&quot;,&#xd;
              &quot;Paraguayan&quot;,&#xd;
              &quot;Peruvian&quot;,&#xd;
              &quot;Polish&quot;,&#xd;
              &quot;Portuguese&quot;,&#xd;
              &quot;Qatari&quot;,&#xd;
              &quot;Romanian&quot;,&#xd;
              &quot;Russian&quot;,&#xd;
              &quot;Rwandan&quot;,&#xd;
              &quot;Saint Lucian&quot;,&#xd;
              &quot;Salvadoran&quot;,&#xd;
              &quot;Samoan&quot;,&#xd;
              &quot;San Marinese&quot;,&#xd;
              &quot;Sao Tomean&quot;,&#xd;
              &quot;Saudi&quot;,&#xd;
              &quot;Scottish&quot;,&#xd;
              &quot;Senegalese&quot;,&#xd;
              &quot;Serbian&quot;,&#xd;
              &quot;Seychellois&quot;,&#xd;
              &quot;Sierra Leonean&quot;,&#xd;
              &quot;Singaporean&quot;,&#xd;
              &quot;Slovakian&quot;,&#xd;
              &quot;Slovenian&quot;,&#xd;
              &quot;Solomon Islander&quot;,&#xd;
              &quot;Somali&quot;,&#xd;
              &quot;South African&quot;,&#xd;
              &quot;South Korean&quot;,&#xd;
              &quot;Spanish&quot;,&#xd;
              &quot;Sri Lankan&quot;,&#xd;
              &quot;Sudanese&quot;,&#xd;
              &quot;Surinamer&quot;,&#xd;
              &quot;Swazi&quot;,&#xd;
              &quot;Swedish&quot;,&#xd;
              &quot;Swiss&quot;,&#xd;
              &quot;Syrian&quot;,&#xd;
              &quot;Taiwanese&quot;,&#xd;
              &quot;Tajik&quot;,&#xd;
              &quot;Tanzanian&quot;,&#xd;
              &quot;Thai&quot;,&#xd;
              &quot;Togolese&quot;,&#xd;
              &quot;Tongan&quot;,&#xd;
              &quot;Trinidadian or Tobagonian&quot;,&#xd;
              &quot;Tunisian&quot;,&#xd;
              &quot;Turkish&quot;,&#xd;
              &quot;Tuvaluan&quot;,&#xd;
              &quot;Ugandan&quot;,&#xd;
              &quot;Ukrainian&quot;,&#xd;
              &quot;Uruguayan&quot;,&#xd;
              &quot;Uzbekistani&quot;,&#xd;
              &quot;Venezuelan&quot;,&#xd;
              &quot;Vietnamese&quot;,&#xd;
              &quot;Welsh&quot;,&#xd;
              &quot;Yemenite&quot;,&#xd;
              &quot;Zambian&quot;,&#xd;
              &quot;Zimbabwean&quot;&#xd;
            ]&#xd;
          }&#xd;
        ]&#xd;
      },&#xd;
      {&#xd;
        &quot;label&quot;: &quot;Language&quot;,&#xd;
        &quot;title&quot;: &quot;Patient Demographics&quot;,&#xd;
        &quot;subtitle&quot;: &quot;What language does the patient prefer?&quot;,&#xd;
        &quot;fields&quot;: [&#xd;
          {&#xd;
            &quot;name&quot;: &quot;personLanguage&quot;,&#xd;
            &quot;required&quot;: true,&#xd;
            &quot;type&quot;: &quot;select&quot;,&#xd;
            &quot;options&quot;: [&#xd;
              &quot;English&quot;&#xd;
            ]&#xd;
          }&#xd;
        ]&#xd;
      },&#xd;
      {&#xd;
        &quot;label&quot;: &quot;Phone Number&quot;,&#xd;
        &quot;title&quot;: &quot;Patient Demographics&quot;,&#xd;
        &quot;subtitle&quot;: &quot;What&apos;s the patient&apos;s phone number?&quot;,&#xd;
        &quot;fields&quot;: [&#xd;
          {&#xd;
            &quot;name&quot;: &quot;Telephone Number&quot;,&#xd;
            &quot;required&quot;: true,&#xd;
            &quot;type&quot;: &quot;phone&quot;&#xd;
          }&#xd;
        ]&#xd;
      },&#xd;
      {&#xd;
        &quot;label&quot;: &quot;City&quot;,&#xd;
        &quot;title&quot;: &quot;Patient Demographics&quot;,&#xd;
        &quot;subtitle&quot;: &quot;What&apos;s the patient&apos;s city?&quot;,&#xd;
        &quot;fields&quot;: [&#xd;
          {&#xd;
            &quot;name&quot;: &quot;City of current residence&quot;,&#xd;
            &quot;label&quot;: &quot;City of current residence&quot;,&#xd;
            &quot;required&quot;: true&#xd;
          },&#xd;
          {&#xd;
            &quot;name&quot;: &quot;City of origin&quot;,&#xd;
            &quot;label&quot;: &quot;City of origin&quot;,&#xd;
            &quot;required&quot;: true&#xd;
          }&#xd;
        ]&#xd;
      },&#xd;
      {&#xd;
        &quot;label&quot;: &quot;Civil Status&quot;,&#xd;
        &quot;title&quot;: &quot;Patient Demographics&quot;,&#xd;
        &quot;subtitle&quot;: &quot;What&apos;s the patient&apos;s civil status?&quot;,&#xd;
        &quot;fields&quot;: [&#xd;
          {&#xd;
            &quot;name&quot;: &quot;Civil status&quot;,&#xd;
            &quot;label&quot;: &quot;Civil status&quot;,&#xd;
            &quot;required&quot;: true,&#xd;
            &quot;type&quot;: &quot;select&quot;,&#xd;
            &quot;options&quot;: [&#xd;
              &quot;Single&quot;,&#xd;
              &quot;Married&quot;,&#xd;
              &quot;Common law partner&quot;,&#xd;
              &quot;Separated&quot;,&#xd;
              &quot;Divorced&quot;,&#xd;
              &quot;Widowed&quot;&#xd;
            ]&#xd;
          }&#xd;
        ]&#xd;
      },&#xd;
      {&#xd;
        &quot;label&quot;: &quot;Education degree&quot;,&#xd;
        &quot;title&quot;: &quot;Patient Demographics&quot;,&#xd;
        &quot;subtitle&quot;: &quot;What&apos;s the patient&apos;s highest degree of education?&quot;,&#xd;
        &quot;fields&quot;: [&#xd;
          {&#xd;
            &quot;name&quot;: &quot;Education degree&quot;,&#xd;
            &quot;label&quot;: &quot;Education Degree&quot;,&#xd;
            &quot;required&quot;: true,&#xd;
            &quot;type&quot;: &quot;select&quot;,&#xd;
            &quot;options&quot;: [&#xd;
              &quot;High School&quot;,&#xd;
              &quot;Vocational&quot;,&#xd;
              &quot;College&quot;,&#xd;
              &quot;Post-Graduate&quot;&#xd;
            ]&#xd;
          }&#xd;
        ]&#xd;
      },&#xd;
      {&#xd;
        &quot;label&quot;: &quot;Sector&quot;,&#xd;
        &quot;title&quot;: &quot;Patient Demographics&quot;,&#xd;
        &quot;subtitle&quot;: &quot;What&apos;s the patient&apos;s sector?&quot;,&#xd;
        &quot;columns&quot;: 2,&#xd;
        &quot;fields&quot;: [&#xd;
          {&#xd;
            &quot;name&quot;: &quot;Sector&quot;,&#xd;
            &quot;label&quot;: &quot;Sector&quot;,&#xd;
            &quot;required&quot;: true,&#xd;
            &quot;type&quot;: &quot;select&quot;,&#xd;
            &quot;options&quot;: [&#xd;
              &quot;&quot;,&#xd;
              &quot;Corporate/Business&quot;,&#xd;
              &quot;BPO&quot;,&#xd;
              &quot;OFW&quot;,&#xd;
              &quot;Student&quot;,&#xd;
              &quot;Employee&quot;,&#xd;
              &quot;Service Delivery&quot;,&#xd;
              &quot;Health worker&quot;,&#xd;
              &quot;Teacher&quot;,&#xd;
              &quot;Entertainment/media&quot;,&#xd;
              &quot;Seafarer&quot;,&#xd;
              &quot;Commercial Sex worker&quot;,&#xd;
              &quot;Unemployed&quot;,&#xd;
              &quot;Other&quot;&#xd;
            ]&#xd;
          },&#xd;
          {&#xd;
            &quot;name&quot;: &quot;Sector&quot;,&#xd;
            &quot;required&quot;: false,&#xd;
            &quot;label&quot;: &quot;Other&quot;&#xd;
          },&#xd;
          {&#xd;
            &quot;name&quot;: &quot;Job&quot;,&#xd;
            &quot;required&quot;: false,&#xd;
            &quot;label&quot;: &quot;Job&quot;&#xd;
          }&#xd;
        ]&#xd;
      },&#xd;
      {&#xd;
        &quot;label&quot;: &quot;Identifiers&quot;,&#xd;
        &quot;title&quot;: &quot;Patient Demographics&quot;,&#xd;
        &quot;subtitle&quot;: &quot;Identifiers information&quot;,&#xd;
        &quot;columns&quot;: 1,&#xd;
        &quot;fields&quot;: [&#xd;
          {&#xd;
            &quot;name&quot;: &quot;HIV Confirmatory Lab Code&quot;,&#xd;
            &quot;required&quot;: false,&#xd;
            &quot;label&quot;: &quot;HIV Confirmatory Lab Code&quot;&#xd;
          },&#xd;
          {&#xd;
            &quot;name&quot;: &quot;Identifier Code&quot;,&#xd;
            &quot;required&quot;: false,&#xd;
            &quot;label&quot;: &quot;Unique Identifier Code&quot;&#xd;
          }&#xd;
        ]&#xd;
      },&#xd;
      {&#xd;
        &quot;label&quot;: &quot;Relatives&quot;,&#xd;
        &quot;title&quot;: &quot;Patient Demographics&quot;,&#xd;
        &quot;subtitle&quot;: &quot;Who is the patient related to?&quot;,&#xd;
        &quot;fields&quot;: [&#xd;
          {&#xd;
            &quot;name&quot;: &quot;relatives&quot;,&#xd;
            &quot;required&quot;: false,&#xd;
            &quot;type&quot;: &quot;relatives&quot;&#xd;
          }&#xd;
        ]&#xd;
      }&#xd;
    ]&#xd;
  }&#xd;
}</json>
  </org.openmrs.module.appframework.domain.UserApp>
  <org.openmrs.module.appframework.domain.UserApp id="5">
    <appId>cflui.registerCaregiver</appId>
    <json>{&#xd;
    &quot;id&quot;: &quot;cflui.registerCaregiver&quot;,&#xd;
    &quot;description&quot;: &quot;CFL UI&quot;,&#xd;
    &quot;order&quot;: 2,&#xd;
    &quot;extensions&quot;: [&#xd;
      {&#xd;
        &quot;id&quot;: &quot;demoapp.homepageLink&quot;,&#xd;
        &quot;extensionPointId&quot;: &quot;org.openmrs.cfldistribution.homepageLink&quot;,&#xd;
        &quot;type&quot;: &quot;link&quot;,&#xd;
        &quot;label&quot;: &quot;Register Caregiver&quot;,&#xd;
        &quot;url&quot;: &quot;owa/cfl-ui/index.html#/register-caregiver&quot;,&#xd;
        &quot;icon&quot;: &quot;cfl-register-caregiver&quot;,&#xd;
        &quot;requiredPrivilege&quot;: &quot;Add People&quot;&#xd;
      }&#xd;
    ],&#xd;
    &quot;config&quot;: {&#xd;
      &quot;steps&quot;: [&#xd;
        {&#xd;
          &quot;label&quot;: &quot;Name&quot;,&#xd;
          &quot;title&quot;: &quot;Demographics&quot;,&#xd;
          &quot;subtitle&quot;: &quot;What&apos;s the caregiver&apos;s name?&quot;,&#xd;
          &quot;fields&quot;: [&#xd;
            {&#xd;
              &quot;name&quot;: &quot;givenName&quot;,&#xd;
              &quot;required&quot;: true&#xd;
            },&#xd;
            {&#xd;
              &quot;name&quot;: &quot;middleName&quot;,&#xd;
              &quot;required&quot;: false&#xd;
            },&#xd;
            {&#xd;
              &quot;name&quot;: &quot;familyName&quot;,&#xd;
              &quot;required&quot;: true&#xd;
            }&#xd;
          ]&#xd;
        },&#xd;
        {&#xd;
          &quot;label&quot;: &quot;Language&quot;,&#xd;
          &quot;title&quot;: &quot;Demographics&quot;,&#xd;
          &quot;subtitle&quot;: &quot;What language does the caregiver prefer?&quot;,&#xd;
          &quot;fields&quot;: [&#xd;
            {&#xd;
              &quot;name&quot;: &quot;personLanguage&quot;,&#xd;
              &quot;required&quot;: false,&#xd;
              &quot;type&quot;: &quot;select&quot;,&#xd;
              &quot;options&quot;: [&quot;English&quot;, &quot;Marathi&quot;, &quot;Hindi&quot;]&#xd;
            }&#xd;
          ]&#xd;
        },&#xd;
        {&#xd;
          &quot;label&quot;: &quot;Phone Number&quot;,&#xd;
          &quot;title&quot;: &quot;Demographics&quot;,&#xd;
          &quot;subtitle&quot;: &quot;What&apos;s the caregiver&apos;s phone number?&quot;,&#xd;
          &quot;fields&quot;: [&#xd;
            {&#xd;
              &quot;name&quot;: &quot;Telephone Number&quot;,&#xd;
              &quot;required&quot;: false,&#xd;
              &quot;type&quot;: &quot;phone&quot;&#xd;
            }&#xd;
          ]&#xd;
        },&#xd;
        {&#xd;
          &quot;label&quot;: &quot;Person Location&quot;,&#xd;
          &quot;title&quot;: &quot;Demographics&quot;,&#xd;
          &quot;subtitle&quot;: &quot;What&apos;s the caregiver&apos;s location?&quot;,&#xd;
          &quot;fields&quot;: [&#xd;
            {&#xd;
              &quot;name&quot;: &quot;LocationAttribute&quot;,&#xd;
              &quot;label&quot;: &quot;Person Location&quot;,&#xd;
              &quot;required&quot;: false,&#xd;
              &quot;type&quot;: &quot;select&quot;,&#xd;
              &quot;optionSource&quot;: &quot;locations&quot;&#xd;
            }&#xd;
          ]&#xd;
        },&#xd;
        {&#xd;
          &quot;label&quot;: &quot;Relatives&quot;,&#xd;
          &quot;title&quot;: &quot;Demographics&quot;,&#xd;
          &quot;subtitle&quot;: &quot;Who is the caregiver related to?&quot;,&#xd;
          &quot;fields&quot;: [&#xd;
            {&#xd;
              &quot;name&quot;: &quot;relatives&quot;,&#xd;
              &quot;required&quot;: false,&#xd;
              &quot;type&quot;: &quot;relatives&quot;&#xd;
            }&#xd;
          ]&#xd;
        }&#xd;
      ]&#xd;
    }&#xd;
  }</json>
  </org.openmrs.module.appframework.domain.UserApp>
</list>
