<?xml version="1.0" encoding="UTF-8"?>
<list id="1">
  <org.openmrs.module.appframework.domain.UserApp id="2">
    <appId>visits.patientDashboard.visitsSection</appId>
    <json>  {&#xd;
    &quot;id&quot;:&quot;visits.patientDashboard.visitsSection&quot;,&#xd;
    &quot;description&quot;:&quot;Add visit widget to the patient dashboard. It&apos;s configurable by two Global Properties how many nearest visits it should display: visits.upcoming-visits-limit and visits.past-visits-limit&quot;,&#xd;
    &quot;extensions&quot;: [&#xd;
      {&#xd;
        &quot;id&quot;: &quot;visits.patientDashboard.visitsSection&quot;,&#xd;
        &quot;order&quot;: 1,&#xd;
        &quot;extensionPointId&quot;: &quot;patientDashboard.secondColumnFragments&quot;,&#xd;
        &quot;icon&quot;: &quot;icon-calendar&quot;,&#xd;
        &quot;extensionParams&quot;: {&#xd;
          &quot;provider&quot;: &quot;visits&quot;,&#xd;
          &quot;fragment&quot;: &quot;clinicianfacing/visitsSection&quot;,&#xd;
          &quot;fragmentConfig&quot;: {&#xd;
            &quot;showVisitStatus&quot;: &quot;true&quot;,&#xd;
            &quot;editPageUrl&quot;: &quot;owa/visits/index.html?#/visits/manage/{{patient.uuid}}&quot;,&#xd;
            &quot;visitUrl&quot;: &quot;owa/visits/index.html?#/visits/manage/{{patient.uuid}}/schedule/{{visit.uuid}}&quot;&#xd;
          }&#xd;
        }&#xd;
      }&#xd;
    ]&#xd;
  }</json>
  </org.openmrs.module.appframework.domain.UserApp>
  <org.openmrs.module.appframework.domain.UserApp id="3">
    <appId>visitsapp.visitsOverview</appId>
    <json> {&#xd;
    &quot;id&quot;: &quot;visitsapp.visitsOverview&quot;,&#xd;
    &quot;label&quot;: &quot;Visit Overview&quot;,&#xd;
    &quot;description&quot;: &quot;List of visits per facility&quot;,&#xd;
    &quot;extensions&quot;: [&#xd;
      {&#xd;
        &quot;id&quot;: &quot;visitsapp.visitsOverview.homepageLink&quot;,&#xd;
        &quot;extensionPointId&quot;: &quot;org.openmrs.cfldistribution.homepageLink&quot;,&#xd;
        &quot;type&quot;: &quot;link&quot;,&#xd;
        &quot;order&quot;: 3,&#xd;
        &quot;label&quot;: &quot;visits.overview&quot;,&#xd;
        &quot;url&quot;: &quot;owa/visits/index.html#/visits/overview&quot;,&#xd;
        &quot;icon&quot;: &quot;icon-calendar&quot;,&#xd;
        &quot;requiredPrivilege&quot;: &quot;Get Visits&quot;&#xd;
      }&#xd;
    ]&#xd;
  }</json>
  </org.openmrs.module.appframework.domain.UserApp>
  <org.openmrs.module.appframework.domain.UserApp id="4">
    <appId>visitsapp.basicVisits</appId>
    <json>  {&#xd;
    &quot;id&quot;: &quot;visitsapp.basicVisits&quot;,&#xd;
    &quot;label&quot;: &quot;Visits module&quot;,&#xd;
    &quot;description&quot;: &quot;Visits management page&quot;,&#xd;
    &quot;extensions&quot;: [&#xd;
      {&#xd;
        &quot;id&quot;: &quot;visitsapp.basicVisits.patientDashboardLink&quot;,&#xd;
        &quot;extensionPointId&quot;: &quot;patientDashboard.overallActions&quot;,&#xd;
        &quot;type&quot;: &quot;link&quot;,&#xd;
        &quot;label&quot;: &quot;visits.visits&quot;,&#xd;
        &quot;icon&quot;: &quot;icon-calendar&quot;,&#xd;
        &quot;order&quot;: 3,&#xd;
        &quot;url&quot;: &quot;owa/visits/index.html#/visits/manage/{{patient.uuid}}&quot;&#xd;
      }&#xd;
    ]&#xd;
  }</json>
  </org.openmrs.module.appframework.domain.UserApp>
</list>
