<?xml version="1.0" encoding="UTF-8"?>
<package id="1" uuid="b4b15d65-d671-4090-87ae-d6398bdfc84d">
  <dateCreated id="2">2021-12-10 13:28:59</dateCreated>
  <name>20_HIV_Program_Concepts</name>
  <description>Required concepts for HIV Program</description>
  <openmrsVersion>2.3.0  Build b3ade0</openmrsVersion>
  <version>1</version>
  <groupUuid>23805288-02a2-45b5-8dc4-2cae57254e4b</groupUuid>
  <modules id="3">
    <entry>
      <string>calculation</string>
      <string>1.2</string>
    </entry>
    <entry>
      <string>legacyui</string>
      <string>1.6.0</string>
    </entry>
    <entry>
      <string>referenceapplication</string>
      <string>2.10.0</string>
    </entry>
    <entry>
      <string>appointmentscheduling</string>
      <string>1.12.0</string>
    </entry>
    <entry>
      <string>appointmentschedulingui</string>
      <string>1.9.0</string>
    </entry>
    <entry>
      <string>htmlwidgets</string>
      <string>1.10.0</string>
    </entry>
    <entry>
      <string>dataexchange</string>
      <string>1.3.4</string>
    </entry>
    <entry>
      <string>referencedemodata</string>
      <string>1.4.5</string>
    </entry>
    <entry>
      <string>addresshierarchy</string>
      <string>2.11.0</string>
    </entry>
    <entry>
      <string>reportingui</string>
      <string>1.6.0</string>
    </entry>
    <entry>
      <string>referencemetadata</string>
      <string>2.10.2</string>
    </entry>
    <entry>
      <string>uicommons</string>
      <string>2.14.0-SNAPSHOT</string>
    </entry>
    <entry>
      <string>patientflags</string>
      <string>3.0.2</string>
    </entry>
    <entry>
      <string>emrapi</string>
      <string>1.29.0-SNAPSHOT</string>
    </entry>
    <entry>
      <string>biometric</string>
      <string>1.0.1-SNAPSHOT</string>
    </entry>
    <entry>
      <string>registrationapp</string>
      <string>1.20.0-SNAPSHOT</string>
    </entry>
    <entry>
      <string>idgen</string>
      <string>4.5.0</string>
    </entry>
    <entry>
      <string>htmlformentry</string>
      <string>4.0.0</string>
    </entry>
    <entry>
      <string>etllite</string>
      <string>1.1.2</string>
    </entry>
    <entry>
      <string>licensemanagement</string>
      <string>1.1.0</string>
    </entry>
    <entry>
      <string>reportingcompatibility</string>
      <string>2.0.6</string>
    </entry>
    <entry>
      <string>cfldistribution</string>
      <string>1.2.1-SNAPSHOT</string>
    </entry>
    <entry>
      <string>uilibrary</string>
      <string>2.0.6</string>
    </entry>
    <entry>
      <string>locationbasedaccess</string>
      <string>0.3.0-SNAPSHOT</string>
    </entry>
    <entry>
      <string>adminui</string>
      <string>1.3.0</string>
    </entry>
    <entry>
      <string>messages</string>
      <string>1.4.0</string>
    </entry>
    <entry>
      <string>metadatamapping</string>
      <string>1.3.4</string>
    </entry>
    <entry>
      <string>coreapps</string>
      <string>1.29.0</string>
    </entry>
    <entry>
      <string>serialization.xstream</string>
      <string>0.2.14</string>
    </entry>
    <entry>
      <string>cfldistribution-vmp</string>
      <string>1.0.0</string>
    </entry>
    <entry>
      <string>attachments</string>
      <string>2.4.0</string>
    </entry>
    <entry>
      <string>metadatadeploy</string>
      <string>1.11.0</string>
    </entry>
    <entry>
      <string>fhir</string>
      <string>1.20.0</string>
    </entry>
    <entry>
      <string>metadatasharing</string>
      <string>1.6.0</string>
    </entry>
    <entry>
      <string>allergyui</string>
      <string>1.8.3-SNAPSHOT</string>
    </entry>
    <entry>
      <string>formentryapp</string>
      <string>1.4.2</string>
    </entry>
    <entry>
      <string>providermanagement</string>
      <string>2.10.0</string>
    </entry>
    <entry>
      <string>visits</string>
      <string>1.3.1-SNAPSHOT</string>
    </entry>
    <entry>
      <string>sms</string>
      <string>1.2.0</string>
    </entry>
    <entry>
      <string>reportingrest</string>
      <string>1.11.0</string>
    </entry>
    <entry>
      <string>uiframework</string>
      <string>3.19.0</string>
    </entry>
    <entry>
      <string>event</string>
      <string>2.9.0-SNAPSHOT</string>
    </entry>
    <entry>
      <string>reporting</string>
      <string>1.21.0-SNAPSHOT</string>
    </entry>
    <entry>
      <string>callflows</string>
      <string>1.1.2</string>
    </entry>
    <entry>
      <string>htmlformentryui</string>
      <string>2.0.0-SNAPSHOT</string>
    </entry>
    <entry>
      <string>cfl</string>
      <string>1.7.1-SNAPSHOT</string>
    </entry>
    <entry>
      <string>appframework</string>
      <string>2.15.0-SNAPSHOT</string>
    </entry>
    <entry>
      <string>webservices.rest</string>
      <string>2.28.0.df1459</string>
    </entry>
    <entry>
      <string>registrationcore</string>
      <string>1.9.0</string>
    </entry>
    <entry>
      <string>owa</string>
      <string>1.10.0</string>
    </entry>
    <entry>
      <string>appui</string>
      <string>1.13.0-SNAPSHOT</string>
    </entry>
  </modules>
  <items class="linked-hash-set" id="4">
    <org.openmrs.module.metadatasharing.Item id="5" uuid="9c65e0a7-8c12-46d4-8ad2-da1aa37b8276">
      <id>166334</id>
      <classname>org.openmrs.Concept</classname>
      <dateChanged id="6">2021-11-23 12:32:58</dateChanged>
      <retired>false</retired>
    </org.openmrs.module.metadatasharing.Item>
    <org.openmrs.module.metadatasharing.Item id="7" uuid="dca99985-a303-4418-a440-d2af44f62c4b">
      <id>166336</id>
      <classname>org.openmrs.Concept</classname>
      <dateChanged id="8">2021-11-23 12:32:58</dateChanged>
      <retired>false</retired>
    </org.openmrs.module.metadatasharing.Item>
    <org.openmrs.module.metadatasharing.Item id="9" uuid="30d09891-6bae-492c-b45b-ebe142837497">
      <id>166337</id>
      <classname>org.openmrs.Concept</classname>
      <dateChanged id="10">2021-11-23 12:32:58</dateChanged>
      <retired>false</retired>
    </org.openmrs.module.metadatasharing.Item>
    <org.openmrs.module.metadatasharing.Item id="11" uuid="80e5156f-5f66-42b5-ac14-e8fdfd2cfd8d">
      <id>166338</id>
      <classname>org.openmrs.Concept</classname>
      <dateChanged id="12">2021-11-23 12:32:58</dateChanged>
      <retired>false</retired>
    </org.openmrs.module.metadatasharing.Item>
    <org.openmrs.module.metadatasharing.Item id="13" uuid="7e08e42b-744c-4a33-8a59-e0ec735ffd59">
      <id>166351</id>
      <classname>org.openmrs.Concept</classname>
      <dateChanged id="14">2021-11-23 12:32:58</dateChanged>
      <retired>false</retired>
    </org.openmrs.module.metadatasharing.Item>
    <org.openmrs.module.metadatasharing.Item id="15" uuid="769d924e-13c3-4a2d-b99f-3df85de7871a">
      <id>166345</id>
      <classname>org.openmrs.Concept</classname>
      <dateChanged id="16">2021-11-23 12:32:58</dateChanged>
      <retired>false</retired>
    </org.openmrs.module.metadatasharing.Item>
    <org.openmrs.module.metadatasharing.Item id="17" uuid="c8537436-e345-444b-a26a-6e03562b3838">
      <id>166352</id>
      <classname>org.openmrs.Concept</classname>
      <dateChanged id="18">2021-11-23 12:32:58</dateChanged>
      <retired>false</retired>
    </org.openmrs.module.metadatasharing.Item>
    <org.openmrs.module.metadatasharing.Item id="19" uuid="324f28ab-cfa7-46ac-99f3-c7d928ba5e79">
      <id>166347</id>
      <classname>org.openmrs.Concept</classname>
      <dateChanged id="20">2021-11-23 12:32:58</dateChanged>
      <retired>false</retired>
    </org.openmrs.module.metadatasharing.Item>
    <org.openmrs.module.metadatasharing.Item id="21" uuid="d9cd2810-d600-47c4-b29c-234c72514b9e">
      <id>166350</id>
      <classname>org.openmrs.Concept</classname>
      <dateChanged id="22">2021-11-23 12:32:58</dateChanged>
      <retired>false</retired>
    </org.openmrs.module.metadatasharing.Item>
    <org.openmrs.module.metadatasharing.Item id="23" uuid="ddfdf4fa-1d0a-40ca-8930-ad914bd07b23">
      <id>166339</id>
      <classname>org.openmrs.Concept</classname>
      <dateChanged id="24">2021-11-23 12:32:58</dateChanged>
      <retired>false</retired>
    </org.openmrs.module.metadatasharing.Item>
    <org.openmrs.module.metadatasharing.Item id="25" uuid="699952fe-f2ab-48b2-9596-fbb5c507e7d4">
      <id>166344</id>
      <classname>org.openmrs.Concept</classname>
      <dateChanged id="26">2021-11-23 12:32:58</dateChanged>
      <retired>false</retired>
    </org.openmrs.module.metadatasharing.Item>
    <org.openmrs.module.metadatasharing.Item id="27" uuid="f2b32e5c-3e18-47af-b84d-8d2994361eb5">
      <id>166382</id>
      <classname>org.openmrs.ConceptNumeric</classname>
      <dateChanged id="28">2021-12-10 13:26:19</dateChanged>
      <retired>false</retired>
    </org.openmrs.module.metadatasharing.Item>
    <org.openmrs.module.metadatasharing.Item id="29" uuid="806195ad-9f5c-42f0-ad9f-736a21a1dac1">
      <id>166349</id>
      <classname>org.openmrs.Concept</classname>
      <dateChanged id="30">2021-11-23 12:32:58</dateChanged>
      <retired>false</retired>
    </org.openmrs.module.metadatasharing.Item>
    <org.openmrs.module.metadatasharing.Item id="31" uuid="c7e17ce8-d832-4349-a326-b20f5ae7f432">
      <id>166343</id>
      <classname>org.openmrs.Concept</classname>
      <dateChanged id="32">2021-12-07 16:34:21</dateChanged>
      <retired>false</retired>
    </org.openmrs.module.metadatasharing.Item>
    <org.openmrs.module.metadatasharing.Item id="33" uuid="20fb8dc4-b958-4c88-b9a7-96ea36b4b0ef">
      <id>166353</id>
      <classname>org.openmrs.Concept</classname>
      <dateChanged id="34">2021-11-23 12:32:58</dateChanged>
      <retired>false</retired>
    </org.openmrs.module.metadatasharing.Item>
    <org.openmrs.module.metadatasharing.Item id="35" uuid="ecab0816-0f06-47cd-aa4d-68f428a26f3f">
      <id>166348</id>
      <classname>org.openmrs.Concept</classname>
      <dateChanged id="36">2021-11-23 12:32:58</dateChanged>
      <retired>false</retired>
    </org.openmrs.module.metadatasharing.Item>
    <org.openmrs.module.metadatasharing.Item id="37" uuid="999be634-7b4e-4bdc-8273-25614cd50128">
      <id>166346</id>
      <classname>org.openmrs.Concept</classname>
      <dateChanged id="38">2021-11-23 12:32:59</dateChanged>
      <retired>false</retired>
    </org.openmrs.module.metadatasharing.Item>
  </items>
  <relatedItems class="linked-hash-set" id="39">
    <org.openmrs.module.metadatasharing.Item id="40" uuid="8d4a4ab4-c2cc-11de-8d13-0010c6dffd0f">
      <id>3</id>
      <classname>org.openmrs.ConceptDatatype</classname>
      <dateChanged id="41">2004-02-02 00:00:00</dateChanged>
      <retired>false</retired>
    </org.openmrs.module.metadatasharing.Item>
    <org.openmrs.module.metadatasharing.Item id="42" uuid="8d4907b2-c2cc-11de-8d13-0010c6dffd0f">
      <id>1</id>
      <classname>org.openmrs.ConceptClass</classname>
      <dateChanged id="43">2021-12-10 13:03:55</dateChanged>
      <retired>false</retired>
    </org.openmrs.module.metadatasharing.Item>
    <org.openmrs.module.metadatasharing.Item id="44" uuid="da5a7891-cabf-436c-a7f7-5716caf93c48">
      <id>144028</id>
      <classname>org.openmrs.ConceptName</classname>
      <dateChanged id="45">2021-11-23 12:32:58</dateChanged>
    </org.openmrs.module.metadatasharing.Item>
    <org.openmrs.module.metadatasharing.Item id="46" uuid="8d4a505e-c2cc-11de-8d13-0010c6dffd0f">
      <id>6</id>
      <classname>org.openmrs.ConceptDatatype</classname>
      <dateChanged id="47">2004-07-22 00:00:00</dateChanged>
      <retired>false</retired>
    </org.openmrs.module.metadatasharing.Item>
    <org.openmrs.module.metadatasharing.Item id="48" uuid="8d491e50-c2cc-11de-8d13-0010c6dffd0f">
      <id>7</id>
      <classname>org.openmrs.ConceptClass</classname>
      <dateChanged id="49">2021-11-23 12:32:58</dateChanged>
      <retired>false</retired>
    </org.openmrs.module.metadatasharing.Item>
    <org.openmrs.module.metadatasharing.Item id="50" uuid="3741e319-a9b4-4253-be83-eb5d704e1d81">
      <id>144030</id>
      <classname>org.openmrs.ConceptName</classname>
      <dateChanged id="51">2021-11-23 12:32:58</dateChanged>
    </org.openmrs.module.metadatasharing.Item>
    <org.openmrs.module.metadatasharing.Item id="52" uuid="7dd0f3dd-3fa5-4674-ba80-43a412d9332e">
      <id>144031</id>
      <classname>org.openmrs.ConceptName</classname>
      <dateChanged id="53">2021-11-23 12:32:58</dateChanged>
    </org.openmrs.module.metadatasharing.Item>
    <org.openmrs.module.metadatasharing.Item id="54" uuid="8d4a48b6-c2cc-11de-8d13-0010c6dffd0f">
      <id>2</id>
      <classname>org.openmrs.ConceptDatatype</classname>
      <dateChanged id="55">2004-02-02 00:00:00</dateChanged>
      <retired>false</retired>
    </org.openmrs.module.metadatasharing.Item>
    <org.openmrs.module.metadatasharing.Item id="56" uuid="da9da895-9574-41aa-ad8d-ec076b982c9a">
      <id>144032</id>
      <classname>org.openmrs.ConceptName</classname>
      <dateChanged id="57">2021-11-23 12:32:58</dateChanged>
    </org.openmrs.module.metadatasharing.Item>
    <org.openmrs.module.metadatasharing.Item id="58" uuid="8d492594-c2cc-11de-8d13-0010c6dffd0f">
      <id>10</id>
      <classname>org.openmrs.ConceptClass</classname>
      <dateChanged id="59">2021-11-23 12:32:58</dateChanged>
      <retired>false</retired>
    </org.openmrs.module.metadatasharing.Item>
    <org.openmrs.module.metadatasharing.Item id="60" uuid="78d303b0-996b-4fa3-9648-03ba0da160cc">
      <id>144045</id>
      <classname>org.openmrs.ConceptName</classname>
      <dateChanged id="61">2021-11-23 12:32:58</dateChanged>
    </org.openmrs.module.metadatasharing.Item>
    <org.openmrs.module.metadatasharing.Item id="62" uuid="65b8f4b7-bfdb-46be-8749-4ad75c30d988">
      <id>3316</id>
      <classname>org.openmrs.ConceptSet</classname>
      <dateChanged id="63">2021-06-09 17:24:22</dateChanged>
    </org.openmrs.module.metadatasharing.Item>
    <org.openmrs.module.metadatasharing.Item id="64" uuid="a2276e2e-39e5-4da9-8d4f-651a1f7467e5">
      <id>3309</id>
      <classname>org.openmrs.ConceptSet</classname>
      <dateChanged id="65">2021-06-09 17:24:22</dateChanged>
    </org.openmrs.module.metadatasharing.Item>
    <org.openmrs.module.metadatasharing.Item id="66" uuid="b1a4546c-9c80-489a-b255-41b59e1e91fe">
      <id>3317</id>
      <classname>org.openmrs.ConceptSet</classname>
      <dateChanged id="67">2021-06-09 17:24:22</dateChanged>
    </org.openmrs.module.metadatasharing.Item>
    <org.openmrs.module.metadatasharing.Item id="68" uuid="77d3816f-811c-47ff-973a-f85d61668bd7">
      <id>144044</id>
      <classname>org.openmrs.ConceptName</classname>
      <dateChanged id="69">2021-11-23 12:32:58</dateChanged>
    </org.openmrs.module.metadatasharing.Item>
    <org.openmrs.module.metadatasharing.Item id="70" uuid="5eb51290-80fd-49b1-85cc-f9b8183cbf78">
      <id>3310</id>
      <classname>org.openmrs.ConceptSet</classname>
      <dateChanged id="71">2021-09-06 20:33:29</dateChanged>
    </org.openmrs.module.metadatasharing.Item>
    <org.openmrs.module.metadatasharing.Item id="72" uuid="1e589825-b704-4f1c-a045-4fcfe1f55f21">
      <id>144033</id>
      <classname>org.openmrs.ConceptName</classname>
      <dateChanged id="73">2021-11-23 12:32:58</dateChanged>
    </org.openmrs.module.metadatasharing.Item>
    <org.openmrs.module.metadatasharing.Item id="74" uuid="b3706aa0-c6c0-43ff-be5a-5774d95e38fb">
      <id>3314</id>
      <classname>org.openmrs.ConceptSet</classname>
      <dateChanged id="75">2021-09-06 20:33:29</dateChanged>
    </org.openmrs.module.metadatasharing.Item>
    <org.openmrs.module.metadatasharing.Item id="76" uuid="c3fde2c9-503b-4213-95f7-8d7c7e79cb33">
      <id>144043</id>
      <classname>org.openmrs.ConceptName</classname>
      <dateChanged id="77">2021-11-23 12:32:58</dateChanged>
    </org.openmrs.module.metadatasharing.Item>
    <org.openmrs.module.metadatasharing.Item id="78" uuid="520dd5fe-6963-40dd-bd6b-f2060f7604e9">
      <id>3315</id>
      <classname>org.openmrs.ConceptSet</classname>
      <dateChanged id="79">2021-09-06 20:33:29</dateChanged>
    </org.openmrs.module.metadatasharing.Item>
    <org.openmrs.module.metadatasharing.Item id="80" uuid="6d8f7611-0cf6-4c05-ad79-53074f0c43cd">
      <id>3311</id>
      <classname>org.openmrs.ConceptSet</classname>
      <dateChanged id="81">2021-09-06 20:33:29</dateChanged>
    </org.openmrs.module.metadatasharing.Item>
    <org.openmrs.module.metadatasharing.Item id="82" uuid="203b7b75-1f33-42be-a31e-a3e8e983d941">
      <id>144037</id>
      <classname>org.openmrs.ConceptName</classname>
      <dateChanged id="83">2021-11-23 12:32:58</dateChanged>
    </org.openmrs.module.metadatasharing.Item>
    <org.openmrs.module.metadatasharing.Item id="84" uuid="b80a7810-0bc9-476d-96d9-c5d641e28d7b">
      <id>3312</id>
      <classname>org.openmrs.ConceptSet</classname>
      <dateChanged id="85">2021-09-06 20:33:29</dateChanged>
    </org.openmrs.module.metadatasharing.Item>
    <org.openmrs.module.metadatasharing.Item id="86" uuid="903f06e8-db96-4f6f-905e-919dfbba8a28">
      <id>144051</id>
      <classname>org.openmrs.ConceptName</classname>
      <dateChanged id="87">2021-11-23 12:32:58</dateChanged>
    </org.openmrs.module.metadatasharing.Item>
    <org.openmrs.module.metadatasharing.Item id="88" uuid="c787f072-6821-421e-ba1e-2076fb5a50dd">
      <id>144041</id>
      <classname>org.openmrs.ConceptName</classname>
      <dateChanged id="89">2021-11-23 12:32:58</dateChanged>
    </org.openmrs.module.metadatasharing.Item>
    <org.openmrs.module.metadatasharing.Item id="90" uuid="8b6aae87-b4c1-49a6-846b-0b2617c39d99">
      <id>7317</id>
      <classname>org.openmrs.ConceptAnswer</classname>
      <dateChanged id="91">2021-05-21 07:41:28</dateChanged>
    </org.openmrs.module.metadatasharing.Item>
    <org.openmrs.module.metadatasharing.Item id="92" uuid="e635f8a6-f37d-4ff0-9f80-d751853d5cc5">
      <id>144039</id>
      <classname>org.openmrs.ConceptName</classname>
      <dateChanged id="93">2021-11-23 12:32:58</dateChanged>
    </org.openmrs.module.metadatasharing.Item>
    <org.openmrs.module.metadatasharing.Item id="94" uuid="374ab015-c6ad-473a-b7ff-2f6265b5d113">
      <id>7318</id>
      <classname>org.openmrs.ConceptAnswer</classname>
      <dateChanged id="95">2021-05-21 07:41:28</dateChanged>
    </org.openmrs.module.metadatasharing.Item>
    <org.openmrs.module.metadatasharing.Item id="96" uuid="b7075c0d-99a9-4ace-b496-93ca1441da4e">
      <id>144040</id>
      <classname>org.openmrs.ConceptName</classname>
      <dateChanged id="97">2021-11-23 12:32:59</dateChanged>
    </org.openmrs.module.metadatasharing.Item>
    <org.openmrs.module.metadatasharing.Item id="98" uuid="1e9d3aae-5983-440a-885d-e30568fe8ef3">
      <id>7315</id>
      <classname>org.openmrs.ConceptAnswer</classname>
      <dateChanged id="99">2021-05-21 07:41:28</dateChanged>
    </org.openmrs.module.metadatasharing.Item>
    <org.openmrs.module.metadatasharing.Item id="100" uuid="4ce8a9d8-8601-4d92-9586-d0f634fac1a4">
      <id>144038</id>
      <classname>org.openmrs.ConceptName</classname>
      <dateChanged id="101">2021-11-23 12:32:58</dateChanged>
    </org.openmrs.module.metadatasharing.Item>
    <org.openmrs.module.metadatasharing.Item id="102" uuid="7fab6aa6-47f0-41c5-aede-eb2a42b7381f">
      <id>7316</id>
      <classname>org.openmrs.ConceptAnswer</classname>
      <dateChanged id="103">2021-05-21 07:41:28</dateChanged>
    </org.openmrs.module.metadatasharing.Item>
    <org.openmrs.module.metadatasharing.Item id="104" uuid="e96b31a9-5292-4956-9070-7b874a645b4d">
      <id>3313</id>
      <classname>org.openmrs.ConceptSet</classname>
      <dateChanged id="105">2021-09-06 20:33:29</dateChanged>
    </org.openmrs.module.metadatasharing.Item>
    <org.openmrs.module.metadatasharing.Item id="106" uuid="8d4a5cca-c2cc-11de-8d13-0010c6dffd0f">
      <id>10</id>
      <classname>org.openmrs.ConceptDatatype</classname>
      <dateChanged id="107">2004-08-26 00:00:00</dateChanged>
      <retired>false</retired>
    </org.openmrs.module.metadatasharing.Item>
    <org.openmrs.module.metadatasharing.Item id="108" uuid="de3c1a54-df9a-4b82-8fde-bfb5bc2e9067">
      <id>144042</id>
      <classname>org.openmrs.ConceptName</classname>
      <dateChanged id="109">2021-11-23 12:32:59</dateChanged>
    </org.openmrs.module.metadatasharing.Item>
    <org.openmrs.module.metadatasharing.Item id="110" uuid="5deba1d8-3fc1-4963-84d4-e733d20a9707">
      <id>144046</id>
      <classname>org.openmrs.ConceptName</classname>
      <dateChanged id="111">2021-11-23 12:32:58</dateChanged>
    </org.openmrs.module.metadatasharing.Item>
    <org.openmrs.module.metadatasharing.Item id="112" uuid="8d4a4488-c2cc-11de-8d13-0010c6dffd0f">
      <id>1</id>
      <classname>org.openmrs.ConceptDatatype</classname>
      <dateChanged id="113">2004-02-02 00:00:00</dateChanged>
      <retired>false</retired>
    </org.openmrs.module.metadatasharing.Item>
    <org.openmrs.module.metadatasharing.Item id="114" uuid="0fc7044c-d262-400a-a179-21254c6234c0">
      <id>144080</id>
      <classname>org.openmrs.ConceptName</classname>
      <dateChanged id="115">2021-12-10 13:26:19</dateChanged>
    </org.openmrs.module.metadatasharing.Item>
    <org.openmrs.module.metadatasharing.Item id="116" uuid="cc281920-9800-4c85-8f45-f5229998c2ee">
      <id>144079</id>
      <classname>org.openmrs.ConceptName</classname>
      <dateChanged id="117">2021-12-10 13:26:19</dateChanged>
    </org.openmrs.module.metadatasharing.Item>
    <org.openmrs.module.metadatasharing.Item id="118" uuid="c996e756-b2ea-4204-9b20-3bc186d90c21">
      <id>3318</id>
      <classname>org.openmrs.ConceptSet</classname>
      <dateChanged id="119">2021-12-10 12:03:17</dateChanged>
    </org.openmrs.module.metadatasharing.Item>
    <org.openmrs.module.metadatasharing.Item id="120" uuid="b3389711-cc1f-44c1-b287-91d1fc3a8be8">
      <id>3319</id>
      <classname>org.openmrs.ConceptSet</classname>
      <dateChanged id="121">2021-12-10 12:03:17</dateChanged>
    </org.openmrs.module.metadatasharing.Item>
    <org.openmrs.module.metadatasharing.Item id="122" uuid="a1c85c53-edaa-499c-83f5-852de072adc6">
      <id>3320</id>
      <classname>org.openmrs.ConceptSet</classname>
      <dateChanged id="123">2021-12-10 12:03:17</dateChanged>
    </org.openmrs.module.metadatasharing.Item>
    <org.openmrs.module.metadatasharing.Item id="124" uuid="ea4fc7b1-f87a-4acf-8531-1739a2bfc1a3">
      <id>144047</id>
      <classname>org.openmrs.ConceptName</classname>
      <dateChanged id="125">2021-11-23 12:32:58</dateChanged>
    </org.openmrs.module.metadatasharing.Item>
  </relatedItems>
</package>
