<?xml version="1.0" encoding="UTF-8"?>
<package id="1" uuid="77230faf-6d28-44df-b236-eda23edadf66">
  <dateCreated id="2">2021-12-22 19:29:23</dateCreated>
  <name>20_HIV_Program_Concepts</name>
  <description>Required concepts for HIV Program</description>
  <openmrsVersion>2.3.0  Build b3ade0</openmrsVersion>
  <version>1</version>
  <groupUuid>5dd83e4a-f176-44d7-b71a-706e61680194</groupUuid>
  <modules id="3">
    <entry>
      <string>calculation</string>
      <string>1.2</string>
    </entry>
    <entry>
      <string>legacyui</string>
      <string>1.6.0</string>
    </entry>
    <entry>
      <string>referenceapplication</string>
      <string>2.10.0</string>
    </entry>
    <entry>
      <string>appointmentscheduling</string>
      <string>1.12.0</string>
    </entry>
    <entry>
      <string>appointmentschedulingui</string>
      <string>1.9.0</string>
    </entry>
    <entry>
      <string>htmlwidgets</string>
      <string>1.10.0</string>
    </entry>
    <entry>
      <string>dataexchange</string>
      <string>1.3.4</string>
    </entry>
    <entry>
      <string>referencedemodata</string>
      <string>1.4.5</string>
    </entry>
    <entry>
      <string>addresshierarchy</string>
      <string>2.11.0</string>
    </entry>
    <entry>
      <string>reportingui</string>
      <string>1.6.0</string>
    </entry>
    <entry>
      <string>referencemetadata</string>
      <string>2.10.2</string>
    </entry>
    <entry>
      <string>uicommons</string>
      <string>2.14.0-SNAPSHOT</string>
    </entry>
    <entry>
      <string>patientflags</string>
      <string>3.0.2</string>
    </entry>
    <entry>
      <string>emrapi</string>
      <string>1.29.0-SNAPSHOT</string>
    </entry>
    <entry>
      <string>biometric</string>
      <string>1.0.1-SNAPSHOT</string>
    </entry>
    <entry>
      <string>registrationapp</string>
      <string>1.20.0-SNAPSHOT</string>
    </entry>
    <entry>
      <string>idgen</string>
      <string>4.5.0</string>
    </entry>
    <entry>
      <string>htmlformentry</string>
      <string>4.0.0</string>
    </entry>
    <entry>
      <string>etllite</string>
      <string>1.1.3</string>
    </entry>
    <entry>
      <string>licensemanagement</string>
      <string>1.1.1</string>
    </entry>
    <entry>
      <string>reportingcompatibility</string>
      <string>2.0.6</string>
    </entry>
    <entry>
      <string>cfldistribution</string>
      <string>1.2.2-SNAPSHOT</string>
    </entry>
    <entry>
      <string>uilibrary</string>
      <string>2.0.6</string>
    </entry>
    <entry>
      <string>locationbasedaccess</string>
      <string>0.3.0-SNAPSHOT</string>
    </entry>
    <entry>
      <string>adminui</string>
      <string>1.3.0</string>
    </entry>
    <entry>
      <string>messages</string>
      <string>1.4.1</string>
    </entry>
    <entry>
      <string>metadatamapping</string>
      <string>1.3.4</string>
    </entry>
    <entry>
      <string>coreapps</string>
      <string>1.29.0</string>
    </entry>
    <entry>
      <string>serialization.xstream</string>
      <string>0.2.14</string>
    </entry>
    <entry>
      <string>attachments</string>
      <string>2.4.0</string>
    </entry>
    <entry>
      <string>metadatadeploy</string>
      <string>1.11.0</string>
    </entry>
    <entry>
      <string>fhir</string>
      <string>1.20.0</string>
    </entry>
    <entry>
      <string>metadatasharing</string>
      <string>1.6.0</string>
    </entry>
    <entry>
      <string>allergyui</string>
      <string>1.8.3-SNAPSHOT</string>
    </entry>
    <entry>
      <string>formentryapp</string>
      <string>1.4.2</string>
    </entry>
    <entry>
      <string>providermanagement</string>
      <string>2.10.0</string>
    </entry>
    <entry>
      <string>visits</string>
      <string>1.3.1</string>
    </entry>
    <entry>
      <string>sms</string>
      <string>1.2.1</string>
    </entry>
    <entry>
      <string>reportingrest</string>
      <string>1.11.0</string>
    </entry>
    <entry>
      <string>uiframework</string>
      <string>3.19.0</string>
    </entry>
    <entry>
      <string>event</string>
      <string>2.9.0-SNAPSHOT</string>
    </entry>
    <entry>
      <string>reporting</string>
      <string>1.21.0-SNAPSHOT</string>
    </entry>
    <entry>
      <string>callflows</string>
      <string>1.1.3</string>
    </entry>
    <entry>
      <string>htmlformentryui</string>
      <string>2.0.0-SNAPSHOT</string>
    </entry>
    <entry>
      <string>cfl</string>
      <string>1.7.2-SNAPSHOT</string>
    </entry>
    <entry>
      <string>appframework</string>
      <string>2.15.0-SNAPSHOT</string>
    </entry>
    <entry>
      <string>webservices.rest</string>
      <string>2.28.0.df1459</string>
    </entry>
    <entry>
      <string>registrationcore</string>
      <string>1.9.0</string>
    </entry>
    <entry>
      <string>owa</string>
      <string>1.10.0</string>
    </entry>
    <entry>
      <string>appui</string>
      <string>1.13.0-SNAPSHOT</string>
    </entry>
  </modules>
  <items class="linked-hash-set" id="4">
    <org.openmrs.module.metadatasharing.Item id="5" uuid="9c65e0a7-8c12-46d4-8ad2-da1aa37b8276">
      <id>166334</id>
      <classname>org.openmrs.Concept</classname>
      <dateChanged id="6">2021-12-13 10:26:12</dateChanged>
      <retired>false</retired>
    </org.openmrs.module.metadatasharing.Item>
    <org.openmrs.module.metadatasharing.Item id="7" uuid="dca99985-a303-4418-a440-d2af44f62c4b">
      <id>166336</id>
      <classname>org.openmrs.Concept</classname>
      <dateChanged id="8">2021-12-13 10:26:12</dateChanged>
      <retired>false</retired>
    </org.openmrs.module.metadatasharing.Item>
    <org.openmrs.module.metadatasharing.Item id="9" uuid="30d09891-6bae-492c-b45b-ebe142837497">
      <id>166337</id>
      <classname>org.openmrs.Concept</classname>
      <dateChanged id="10">2021-12-13 10:26:12</dateChanged>
      <retired>false</retired>
    </org.openmrs.module.metadatasharing.Item>
    <org.openmrs.module.metadatasharing.Item id="11" uuid="80e5156f-5f66-42b5-ac14-e8fdfd2cfd8d">
      <id>166338</id>
      <classname>org.openmrs.Concept</classname>
      <dateChanged id="12">2021-12-13 10:26:12</dateChanged>
      <retired>false</retired>
    </org.openmrs.module.metadatasharing.Item>
    <org.openmrs.module.metadatasharing.Item id="13" uuid="7e08e42b-744c-4a33-8a59-e0ec735ffd59">
      <id>166351</id>
      <classname>org.openmrs.Concept</classname>
      <dateChanged id="14">2021-12-17 10:31:31</dateChanged>
      <retired>false</retired>
    </org.openmrs.module.metadatasharing.Item>
    <org.openmrs.module.metadatasharing.Item id="15" uuid="324f28ab-cfa7-46ac-99f3-c7d928ba5e79">
      <id>166347</id>
      <classname>org.openmrs.Concept</classname>
      <dateChanged id="16">2021-12-16 12:26:45</dateChanged>
      <retired>false</retired>
    </org.openmrs.module.metadatasharing.Item>
    <org.openmrs.module.metadatasharing.Item id="17" uuid="d9cd2810-d600-47c4-b29c-234c72514b9e">
      <id>166350</id>
      <classname>org.openmrs.Concept</classname>
      <dateChanged id="18">2021-12-13 10:26:12</dateChanged>
      <retired>false</retired>
    </org.openmrs.module.metadatasharing.Item>
    <org.openmrs.module.metadatasharing.Item id="19" uuid="ddfdf4fa-1d0a-40ca-8930-ad914bd07b23">
      <id>166339</id>
      <classname>org.openmrs.Concept</classname>
      <dateChanged id="20">2021-12-13 10:26:12</dateChanged>
      <retired>false</retired>
    </org.openmrs.module.metadatasharing.Item>
    <org.openmrs.module.metadatasharing.Item id="21" uuid="699952fe-f2ab-48b2-9596-fbb5c507e7d4">
      <id>166344</id>
      <classname>org.openmrs.Concept</classname>
      <dateChanged id="22">2021-12-13 10:26:12</dateChanged>
      <retired>false</retired>
    </org.openmrs.module.metadatasharing.Item>
    <org.openmrs.module.metadatasharing.Item id="23" uuid="806195ad-9f5c-42f0-ad9f-736a21a1dac1">
      <id>166349</id>
      <classname>org.openmrs.Concept</classname>
      <dateChanged id="24">2021-12-13 10:26:12</dateChanged>
      <retired>false</retired>
    </org.openmrs.module.metadatasharing.Item>
    <org.openmrs.module.metadatasharing.Item id="25" uuid="c7e17ce8-d832-4349-a326-b20f5ae7f432">
      <id>166343</id>
      <classname>org.openmrs.Concept</classname>
      <dateChanged id="26">2021-12-16 10:50:43</dateChanged>
      <retired>false</retired>
    </org.openmrs.module.metadatasharing.Item>
    <org.openmrs.module.metadatasharing.Item id="27" uuid="20fb8dc4-b958-4c88-b9a7-96ea36b4b0ef">
      <id>166353</id>
      <classname>org.openmrs.Concept</classname>
      <dateChanged id="28">2021-12-15 14:40:04</dateChanged>
      <retired>false</retired>
    </org.openmrs.module.metadatasharing.Item>
    <org.openmrs.module.metadatasharing.Item id="29" uuid="ecab0816-0f06-47cd-aa4d-68f428a26f3f">
      <id>166348</id>
      <classname>org.openmrs.Concept</classname>
      <dateChanged id="30">2021-12-13 10:26:12</dateChanged>
      <retired>false</retired>
    </org.openmrs.module.metadatasharing.Item>
    <org.openmrs.module.metadatasharing.Item id="31" uuid="999be634-7b4e-4bdc-8273-25614cd50128">
      <id>166346</id>
      <classname>org.openmrs.Concept</classname>
      <dateChanged id="32">2021-12-13 10:26:12</dateChanged>
      <retired>false</retired>
    </org.openmrs.module.metadatasharing.Item>
  </items>
  <relatedItems class="linked-hash-set" id="33">
    <org.openmrs.module.metadatasharing.Item id="34" uuid="8d4a4ab4-c2cc-11de-8d13-0010c6dffd0f">
      <id>3</id>
      <classname>org.openmrs.ConceptDatatype</classname>
      <dateChanged id="35">2004-02-02 00:00:00</dateChanged>
      <retired>false</retired>
    </org.openmrs.module.metadatasharing.Item>
    <org.openmrs.module.metadatasharing.Item id="36" uuid="8d4907b2-c2cc-11de-8d13-0010c6dffd0f">
      <id>1</id>
      <classname>org.openmrs.ConceptClass</classname>
      <dateChanged id="37">2021-12-22 19:18:20</dateChanged>
      <retired>false</retired>
    </org.openmrs.module.metadatasharing.Item>
    <org.openmrs.module.metadatasharing.Item id="38" uuid="da5a7891-cabf-436c-a7f7-5716caf93c48">
      <id>144028</id>
      <classname>org.openmrs.ConceptName</classname>
      <dateChanged id="39">2021-12-13 10:26:12</dateChanged>
    </org.openmrs.module.metadatasharing.Item>
    <org.openmrs.module.metadatasharing.Item id="40" uuid="8d4a505e-c2cc-11de-8d13-0010c6dffd0f">
      <id>6</id>
      <classname>org.openmrs.ConceptDatatype</classname>
      <dateChanged id="41">2004-07-22 00:00:00</dateChanged>
      <retired>false</retired>
    </org.openmrs.module.metadatasharing.Item>
    <org.openmrs.module.metadatasharing.Item id="42" uuid="8d491e50-c2cc-11de-8d13-0010c6dffd0f">
      <id>7</id>
      <classname>org.openmrs.ConceptClass</classname>
      <dateChanged id="43">2021-12-13 10:26:12</dateChanged>
      <retired>false</retired>
    </org.openmrs.module.metadatasharing.Item>
    <org.openmrs.module.metadatasharing.Item id="44" uuid="3741e319-a9b4-4253-be83-eb5d704e1d81">
      <id>144030</id>
      <classname>org.openmrs.ConceptName</classname>
      <dateChanged id="45">2021-12-13 10:26:12</dateChanged>
    </org.openmrs.module.metadatasharing.Item>
    <org.openmrs.module.metadatasharing.Item id="46" uuid="7dd0f3dd-3fa5-4674-ba80-43a412d9332e">
      <id>144031</id>
      <classname>org.openmrs.ConceptName</classname>
      <dateChanged id="47">2021-12-13 10:26:12</dateChanged>
    </org.openmrs.module.metadatasharing.Item>
    <org.openmrs.module.metadatasharing.Item id="48" uuid="8d4a48b6-c2cc-11de-8d13-0010c6dffd0f">
      <id>2</id>
      <classname>org.openmrs.ConceptDatatype</classname>
      <dateChanged id="49">2004-02-02 00:00:00</dateChanged>
      <retired>false</retired>
    </org.openmrs.module.metadatasharing.Item>
    <org.openmrs.module.metadatasharing.Item id="50" uuid="da9da895-9574-41aa-ad8d-ec076b982c9a">
      <id>144032</id>
      <classname>org.openmrs.ConceptName</classname>
      <dateChanged id="51">2021-12-13 10:26:12</dateChanged>
    </org.openmrs.module.metadatasharing.Item>
    <org.openmrs.module.metadatasharing.Item id="52" uuid="8d492594-c2cc-11de-8d13-0010c6dffd0f">
      <id>10</id>
      <classname>org.openmrs.ConceptClass</classname>
      <dateChanged id="53">2021-12-13 10:26:12</dateChanged>
      <retired>false</retired>
    </org.openmrs.module.metadatasharing.Item>
    <org.openmrs.module.metadatasharing.Item id="54" uuid="78d303b0-996b-4fa3-9648-03ba0da160cc">
      <id>144045</id>
      <classname>org.openmrs.ConceptName</classname>
      <dateChanged id="55">2021-12-13 10:26:12</dateChanged>
    </org.openmrs.module.metadatasharing.Item>
    <org.openmrs.module.metadatasharing.Item id="56" uuid="65b8f4b7-bfdb-46be-8749-4ad75c30d988">
      <id>3316</id>
      <classname>org.openmrs.ConceptSet</classname>
      <dateChanged id="57">2021-06-09 17:24:22</dateChanged>
    </org.openmrs.module.metadatasharing.Item>
    <org.openmrs.module.metadatasharing.Item id="58" uuid="a2276e2e-39e5-4da9-8d4f-651a1f7467e5">
      <id>3309</id>
      <classname>org.openmrs.ConceptSet</classname>
      <dateChanged id="59">2021-06-09 17:24:22</dateChanged>
    </org.openmrs.module.metadatasharing.Item>
    <org.openmrs.module.metadatasharing.Item id="60" uuid="b1a4546c-9c80-489a-b255-41b59e1e91fe">
      <id>3317</id>
      <classname>org.openmrs.ConceptSet</classname>
      <dateChanged id="61">2021-06-09 17:24:22</dateChanged>
    </org.openmrs.module.metadatasharing.Item>
    <org.openmrs.module.metadatasharing.Item id="62" uuid="77d3816f-811c-47ff-973a-f85d61668bd7">
      <id>144044</id>
      <classname>org.openmrs.ConceptName</classname>
      <dateChanged id="63">2021-12-13 10:26:12</dateChanged>
    </org.openmrs.module.metadatasharing.Item>
    <org.openmrs.module.metadatasharing.Item id="64" uuid="5eb51290-80fd-49b1-85cc-f9b8183cbf78">
      <id>3310</id>
      <classname>org.openmrs.ConceptSet</classname>
      <dateChanged id="65">2021-09-06 20:33:29</dateChanged>
    </org.openmrs.module.metadatasharing.Item>
    <org.openmrs.module.metadatasharing.Item id="66" uuid="1e589825-b704-4f1c-a045-4fcfe1f55f21">
      <id>144033</id>
      <classname>org.openmrs.ConceptName</classname>
      <dateChanged id="67">2021-12-13 10:26:12</dateChanged>
    </org.openmrs.module.metadatasharing.Item>
    <org.openmrs.module.metadatasharing.Item id="68" uuid="b3706aa0-c6c0-43ff-be5a-5774d95e38fb">
      <id>3314</id>
      <classname>org.openmrs.ConceptSet</classname>
      <dateChanged id="69">2021-09-06 20:33:29</dateChanged>
    </org.openmrs.module.metadatasharing.Item>
    <org.openmrs.module.metadatasharing.Item id="70" uuid="c3fde2c9-503b-4213-95f7-8d7c7e79cb33">
      <id>144043</id>
      <classname>org.openmrs.ConceptName</classname>
      <dateChanged id="71">2021-12-13 10:26:12</dateChanged>
    </org.openmrs.module.metadatasharing.Item>
    <org.openmrs.module.metadatasharing.Item id="72" uuid="520dd5fe-6963-40dd-bd6b-f2060f7604e9">
      <id>3315</id>
      <classname>org.openmrs.ConceptSet</classname>
      <dateChanged id="73">2021-09-06 20:33:29</dateChanged>
    </org.openmrs.module.metadatasharing.Item>
    <org.openmrs.module.metadatasharing.Item id="74" uuid="6d8f7611-0cf6-4c05-ad79-53074f0c43cd">
      <id>3311</id>
      <classname>org.openmrs.ConceptSet</classname>
      <dateChanged id="75">2021-09-06 20:33:29</dateChanged>
    </org.openmrs.module.metadatasharing.Item>
    <org.openmrs.module.metadatasharing.Item id="76" uuid="89bb1583-c6e5-41f2-b7b9-a0a5b5f2388f">
      <id>144115</id>
      <classname>org.openmrs.ConceptName</classname>
      <dateChanged id="77">2021-12-16 10:50:43</dateChanged>
    </org.openmrs.module.metadatasharing.Item>
    <org.openmrs.module.metadatasharing.Item id="78" uuid="203b7b75-1f33-42be-a31e-a3e8e983d941">
      <id>144037</id>
      <classname>org.openmrs.ConceptName</classname>
      <dateChanged id="79">2021-12-15 10:28:22</dateChanged>
    </org.openmrs.module.metadatasharing.Item>
    <org.openmrs.module.metadatasharing.Item id="80" uuid="7808df67-6c8b-42b6-97eb-cd13e5293ce3">
      <id>144118</id>
      <classname>org.openmrs.ConceptName</classname>
      <dateChanged id="81">2021-12-16 10:50:43</dateChanged>
    </org.openmrs.module.metadatasharing.Item>
    <org.openmrs.module.metadatasharing.Item id="82" uuid="b80a7810-0bc9-476d-96d9-c5d641e28d7b">
      <id>3312</id>
      <classname>org.openmrs.ConceptSet</classname>
      <dateChanged id="83">2021-09-06 20:33:29</dateChanged>
    </org.openmrs.module.metadatasharing.Item>
    <org.openmrs.module.metadatasharing.Item id="84" uuid="903f06e8-db96-4f6f-905e-919dfbba8a28">
      <id>144051</id>
      <classname>org.openmrs.ConceptName</classname>
      <dateChanged id="85">2021-12-15 13:50:37</dateChanged>
    </org.openmrs.module.metadatasharing.Item>
    <org.openmrs.module.metadatasharing.Item id="86" uuid="c787f072-6821-421e-ba1e-2076fb5a50dd">
      <id>144041</id>
      <classname>org.openmrs.ConceptName</classname>
      <dateChanged id="87">2021-12-13 10:26:12</dateChanged>
    </org.openmrs.module.metadatasharing.Item>
    <org.openmrs.module.metadatasharing.Item id="88" uuid="d7e53db4-8063-4e59-92c4-e272afb2b72c">
      <id>144119</id>
      <classname>org.openmrs.ConceptName</classname>
      <dateChanged id="89">2021-12-16 12:26:45</dateChanged>
    </org.openmrs.module.metadatasharing.Item>
    <org.openmrs.module.metadatasharing.Item id="90" uuid="3c71638c-b920-4c1e-9c01-5a2adbe2e971">
      <id>144117</id>
      <classname>org.openmrs.ConceptName</classname>
      <dateChanged id="91">2021-12-16 12:26:45</dateChanged>
    </org.openmrs.module.metadatasharing.Item>
    <org.openmrs.module.metadatasharing.Item id="92" uuid="374ab015-c6ad-473a-b7ff-2f6265b5d113">
      <id>7318</id>
      <classname>org.openmrs.ConceptAnswer</classname>
      <dateChanged id="93">2021-05-21 07:41:28</dateChanged>
    </org.openmrs.module.metadatasharing.Item>
    <org.openmrs.module.metadatasharing.Item id="94" uuid="b7075c0d-99a9-4ace-b496-93ca1441da4e">
      <id>144040</id>
      <classname>org.openmrs.ConceptName</classname>
      <dateChanged id="95">2021-12-13 10:26:12</dateChanged>
    </org.openmrs.module.metadatasharing.Item>
    <org.openmrs.module.metadatasharing.Item id="96" uuid="1e9d3aae-5983-440a-885d-e30568fe8ef3">
      <id>7315</id>
      <classname>org.openmrs.ConceptAnswer</classname>
      <dateChanged id="97">2021-05-21 07:41:28</dateChanged>
    </org.openmrs.module.metadatasharing.Item>
    <org.openmrs.module.metadatasharing.Item id="98" uuid="4ce8a9d8-8601-4d92-9586-d0f634fac1a4">
      <id>144038</id>
      <classname>org.openmrs.ConceptName</classname>
      <dateChanged id="99">2021-12-13 10:26:12</dateChanged>
    </org.openmrs.module.metadatasharing.Item>
    <org.openmrs.module.metadatasharing.Item id="100" uuid="7fab6aa6-47f0-41c5-aede-eb2a42b7381f">
      <id>7316</id>
      <classname>org.openmrs.ConceptAnswer</classname>
      <dateChanged id="101">2021-05-21 07:41:28</dateChanged>
    </org.openmrs.module.metadatasharing.Item>
    <org.openmrs.module.metadatasharing.Item id="102" uuid="e96b31a9-5292-4956-9070-7b874a645b4d">
      <id>3313</id>
      <classname>org.openmrs.ConceptSet</classname>
      <dateChanged id="103">2021-09-06 20:33:29</dateChanged>
    </org.openmrs.module.metadatasharing.Item>
    <org.openmrs.module.metadatasharing.Item id="104" uuid="8d4a5cca-c2cc-11de-8d13-0010c6dffd0f">
      <id>10</id>
      <classname>org.openmrs.ConceptDatatype</classname>
      <dateChanged id="105">2004-08-26 00:00:00</dateChanged>
      <retired>false</retired>
    </org.openmrs.module.metadatasharing.Item>
    <org.openmrs.module.metadatasharing.Item id="106" uuid="de3c1a54-df9a-4b82-8fde-bfb5bc2e9067">
      <id>144042</id>
      <classname>org.openmrs.ConceptName</classname>
      <dateChanged id="107">2021-12-13 10:26:12</dateChanged>
    </org.openmrs.module.metadatasharing.Item>
    <org.openmrs.module.metadatasharing.Item id="108" uuid="2387b08d-21c8-47d7-a02c-f0db385ea241">
      <id>3322</id>
      <classname>org.openmrs.ConceptSet</classname>
      <dateChanged id="109">2021-12-17 10:31:31</dateChanged>
    </org.openmrs.module.metadatasharing.Item>
    <org.openmrs.module.metadatasharing.Item id="110" uuid="ea4fc7b1-f87a-4acf-8531-1739a2bfc1a3">
      <id>144047</id>
      <classname>org.openmrs.ConceptName</classname>
      <dateChanged id="111">2021-12-13 10:26:12</dateChanged>
    </org.openmrs.module.metadatasharing.Item>
  </relatedItems>
</package>
