<?xml version="1.0" encoding="UTF-8"?>
<list id="1">
  <org.openmrs.Concept id="2" uuid="9c65e0a7-8c12-46d4-8ad2-da1aa37b8276">
    <conceptId>166334</conceptId>
    <retired>false</retired>
    <datatype id="3" resolves-to="org.openmrs.ConceptDatatype" uuid="8d4a4ab4-c2cc-11de-8d13-0010c6dffd0f">
      <name>Text</name>
      <description>Free text</description>
      <creator/>
      <dateCreated id="4">2004-02-02 00:00:00</dateCreated>
      <retired>false</retired>
      <retiredBy/>
      <conceptDatatypeId>3</conceptDatatypeId>
      <hl7Abbreviation>ST</hl7Abbreviation>
    </datatype>
    <conceptClass id="5" resolves-to="org.openmrs.ConceptClass" uuid="8d4907b2-c2cc-11de-8d13-0010c6dffd0f">
      <name>Test</name>
      <description>Acq. during patient encounter (vitals, labs, etc.)</description>
      <creator/>
      <dateCreated id="6">2004-02-02 00:00:00</dateCreated>
      <changedBy/>
      <dateChanged id="7">2021-11-23 12:15:38</dateChanged>
      <retired>false</retired>
      <conceptClassId>1</conceptClassId>
    </conceptClass>
    <set>false</set>
    <creator/>
    <dateCreated id="8">2021-05-21 07:22:58</dateCreated>
    <changedBy/>
    <dateChanged id="9">2021-11-23 12:23:42</dateChanged>
    <names class="set" id="10">
      <org.openmrs.ConceptName id="11" uuid="da5a7891-cabf-436c-a7f7-5716caf93c48">
        <conceptNameId>144028</conceptNameId>
        <concept reference="2"/>
        <name>HIV ART Reason Stopped</name>
        <locale id="12">en</locale>
        <creator/>
        <dateCreated id="13">2021-05-21 07:22:58</dateCreated>
        <voided>false</voided>
        <tags class="set" id="14"/>
        <conceptNameType>FULLY_SPECIFIED</conceptNameType>
        <localePreferred>true</localePreferred>
        <changedBy/>
        <dateChanged id="15">2021-11-23 12:23:42</dateChanged>
      </org.openmrs.ConceptName>
    </names>
    <answers class="set" id="16"/>
    <conceptSets class="set" id="17"/>
    <descriptions class="set" id="18"/>
    <conceptMappings class="set" id="19"/>
    <attributes id="20"/>
  </org.openmrs.Concept>
  <org.openmrs.Concept id="21" uuid="da4965a5-0557-49c3-887e-97f859fda959">
    <conceptId>166335</conceptId>
    <retired>false</retired>
    <datatype id="22" resolves-to="org.openmrs.ConceptDatatype" uuid="8d4a48b6-c2cc-11de-8d13-0010c6dffd0f">
      <name>Coded</name>
      <description>Value determined by term dictionary lookup (i.e., term identifier)</description>
      <creator/>
      <dateCreated id="23">2004-02-02 00:00:00</dateCreated>
      <retired>false</retired>
      <retiredBy/>
      <conceptDatatypeId>2</conceptDatatypeId>
      <hl7Abbreviation>CWE</hl7Abbreviation>
    </datatype>
    <conceptClass reference="5"/>
    <set>false</set>
    <creator/>
    <dateCreated id="24">2021-05-21 07:33:29</dateCreated>
    <changedBy/>
    <dateChanged id="25">2021-11-21 22:36:16</dateChanged>
    <names class="set" id="26">
      <org.openmrs.ConceptName id="27" uuid="707d260a-56b5-42c5-b4fb-b53adf7a08d6">
        <conceptNameId>144029</conceptNameId>
        <concept reference="21"/>
        <name>ART4</name>
        <locale id="28">en</locale>
        <creator/>
        <dateCreated id="29">2021-05-21 07:33:29</dateCreated>
        <voided>false</voided>
        <tags class="set" id="30"/>
        <conceptNameType>FULLY_SPECIFIED</conceptNameType>
        <localePreferred>true</localePreferred>
        <changedBy/>
        <dateChanged id="31">2021-11-21 22:36:16</dateChanged>
      </org.openmrs.ConceptName>
    </names>
    <answers class="set" id="32"/>
    <conceptSets class="set" id="33"/>
    <descriptions class="set" id="34"/>
    <conceptMappings class="set" id="35"/>
    <attributes id="36"/>
  </org.openmrs.Concept>
  <org.openmrs.Concept id="37" uuid="dca99985-a303-4418-a440-d2af44f62c4b">
    <conceptId>166336</conceptId>
    <retired>false</retired>
    <datatype id="38" resolves-to="org.openmrs.ConceptDatatype" uuid="8d4a505e-c2cc-11de-8d13-0010c6dffd0f">
      <name>Date</name>
      <description>Absolute date</description>
      <creator/>
      <dateCreated id="39">2004-07-22 00:00:00</dateCreated>
      <retired>false</retired>
      <retiredBy/>
      <conceptDatatypeId>6</conceptDatatypeId>
      <hl7Abbreviation>DT</hl7Abbreviation>
    </datatype>
    <conceptClass id="40" resolves-to="org.openmrs.ConceptClass" uuid="8d491e50-c2cc-11de-8d13-0010c6dffd0f">
      <name>Question</name>
      <description>Question (eg, patient history, SF36 items)</description>
      <creator/>
      <dateCreated id="41">2004-03-02 00:00:00</dateCreated>
      <changedBy/>
      <dateChanged id="42">2021-11-21 22:36:16</dateChanged>
      <retired>false</retired>
      <conceptClassId>7</conceptClassId>
    </conceptClass>
    <set>false</set>
    <creator/>
    <dateCreated id="43">2021-05-24 15:35:31</dateCreated>
    <changedBy/>
    <dateChanged id="44">2021-11-21 22:36:16</dateChanged>
    <names class="set" id="45">
      <org.openmrs.ConceptName id="46" uuid="3741e319-a9b4-4253-be83-eb5d704e1d81">
        <conceptNameId>144030</conceptNameId>
        <concept reference="37"/>
        <name>ART interruption date</name>
        <locale id="47">en</locale>
        <creator/>
        <dateCreated id="48">2021-05-24 15:35:31</dateCreated>
        <voided>false</voided>
        <tags class="set" id="49"/>
        <conceptNameType>FULLY_SPECIFIED</conceptNameType>
        <localePreferred>true</localePreferred>
        <changedBy/>
        <dateChanged id="50">2021-11-21 22:36:16</dateChanged>
      </org.openmrs.ConceptName>
    </names>
    <answers class="set" id="51"/>
    <conceptSets class="set" id="52"/>
    <descriptions class="set" id="53"/>
    <conceptMappings class="set" id="54"/>
    <attributes id="55"/>
  </org.openmrs.Concept>
  <org.openmrs.Concept id="56" uuid="30d09891-6bae-492c-b45b-ebe142837497">
    <conceptId>166337</conceptId>
    <retired>false</retired>
    <datatype reference="3"/>
    <conceptClass reference="40"/>
    <set>false</set>
    <creator/>
    <dateCreated id="57">2021-05-24 15:37:09</dateCreated>
    <changedBy/>
    <dateChanged id="58">2021-11-21 22:36:16</dateChanged>
    <names class="set" id="59">
      <org.openmrs.ConceptName id="60" uuid="7dd0f3dd-3fa5-4674-ba80-43a412d9332e">
        <conceptNameId>144031</conceptNameId>
        <concept reference="56"/>
        <name>ART interruption reason</name>
        <locale id="61">en</locale>
        <creator/>
        <dateCreated id="62">2021-05-24 15:37:09</dateCreated>
        <voided>false</voided>
        <tags class="set" id="63"/>
        <conceptNameType>FULLY_SPECIFIED</conceptNameType>
        <localePreferred>true</localePreferred>
        <changedBy/>
        <dateChanged id="64">2021-11-21 22:36:16</dateChanged>
      </org.openmrs.ConceptName>
    </names>
    <answers class="set" id="65"/>
    <conceptSets class="set" id="66"/>
    <descriptions class="set" id="67"/>
    <conceptMappings class="set" id="68"/>
    <attributes id="69"/>
  </org.openmrs.Concept>
  <org.openmrs.Concept id="70" uuid="80e5156f-5f66-42b5-ac14-e8fdfd2cfd8d">
    <conceptId>166338</conceptId>
    <retired>false</retired>
    <datatype reference="22"/>
    <conceptClass reference="5"/>
    <set>false</set>
    <creator/>
    <dateCreated id="71">2021-05-21 07:40:28</dateCreated>
    <changedBy/>
    <dateChanged id="72">2021-11-21 22:36:16</dateChanged>
    <names class="set" id="73">
      <org.openmrs.ConceptName id="74" uuid="da9da895-9574-41aa-ad8d-ec076b982c9a">
        <conceptNameId>144032</conceptNameId>
        <concept reference="70"/>
        <name>HAART</name>
        <locale id="75">en</locale>
        <creator/>
        <dateCreated id="76">2021-05-21 07:40:28</dateCreated>
        <voided>false</voided>
        <tags class="set" id="77"/>
        <conceptNameType>FULLY_SPECIFIED</conceptNameType>
        <localePreferred>true</localePreferred>
        <changedBy/>
        <dateChanged id="78">2021-11-21 22:36:16</dateChanged>
      </org.openmrs.ConceptName>
    </names>
    <answers class="set" id="79"/>
    <conceptSets class="set" id="80"/>
    <descriptions class="set" id="81"/>
    <conceptMappings class="set" id="82"/>
    <attributes id="83"/>
  </org.openmrs.Concept>
  <org.openmrs.Concept id="84" uuid="7e08e42b-744c-4a33-8a59-e0ec735ffd59">
    <conceptId>166351</conceptId>
    <retired>false</retired>
    <datatype reference="22"/>
    <conceptClass id="85" resolves-to="org.openmrs.ConceptClass" uuid="8d492594-c2cc-11de-8d13-0010c6dffd0f">
      <name>ConvSet</name>
      <description>Term to describe convenience sets</description>
      <creator/>
      <dateCreated id="86">2004-03-02 00:00:00</dateCreated>
      <changedBy/>
      <dateChanged id="87">2021-11-21 22:36:16</dateChanged>
      <retired>false</retired>
      <conceptClassId>10</conceptClassId>
    </conceptClass>
    <set>true</set>
    <creator/>
    <dateCreated id="88">2021-06-09 10:44:16</dateCreated>
    <changedBy/>
    <dateChanged id="89">2021-11-21 22:36:16</dateChanged>
    <names class="set" id="90">
      <org.openmrs.ConceptName id="91" uuid="78d303b0-996b-4fa3-9648-03ba0da160cc">
        <conceptNameId>144045</conceptNameId>
        <concept reference="84"/>
        <name>ART Details</name>
        <locale id="92">en</locale>
        <creator/>
        <dateCreated id="93">2021-06-09 10:44:16</dateCreated>
        <voided>false</voided>
        <tags class="set" id="94"/>
        <conceptNameType>FULLY_SPECIFIED</conceptNameType>
        <localePreferred>true</localePreferred>
        <changedBy/>
        <dateChanged id="95">2021-11-21 22:36:16</dateChanged>
      </org.openmrs.ConceptName>
    </names>
    <answers class="set" id="96"/>
    <conceptSets class="set" id="97">
      <org.openmrs.ConceptSet id="98" uuid="a2276e2e-39e5-4da9-8d4f-651a1f7467e5">
        <conceptSetId>3309</conceptSetId>
        <concept reference="56"/>
        <conceptSet reference="84"/>
        <sortWeight>1.0</sortWeight>
        <creator/>
        <dateCreated id="99">2021-06-09 17:24:22</dateCreated>
      </org.openmrs.ConceptSet>
      <org.openmrs.ConceptSet id="100" uuid="5eb51290-80fd-49b1-85cc-f9b8183cbf78">
        <conceptSetId>3310</conceptSetId>
        <concept id="101" uuid="ddfdf4fa-1d0a-40ca-8930-ad914bd07b23">
          <conceptId>166339</conceptId>
          <retired>false</retired>
          <datatype reference="38"/>
          <conceptClass reference="5"/>
          <set>false</set>
          <creator/>
          <dateCreated id="102">2021-05-20 15:24:06</dateCreated>
          <changedBy/>
          <dateChanged id="103">2021-11-23 12:17:39</dateChanged>
          <names class="set" id="104">
            <org.openmrs.ConceptName id="105" uuid="1e589825-b704-4f1c-a045-4fcfe1f55f21">
              <conceptNameId>144033</conceptNameId>
              <concept reference="101"/>
              <name>HIV ART Date Started</name>
              <locale id="106">en</locale>
              <creator/>
              <dateCreated id="107">2021-05-20 15:24:06</dateCreated>
              <voided>false</voided>
              <tags class="set" id="108"/>
              <conceptNameType>FULLY_SPECIFIED</conceptNameType>
              <localePreferred>true</localePreferred>
              <changedBy/>
              <dateChanged id="109">2021-11-23 12:17:39</dateChanged>
            </org.openmrs.ConceptName>
          </names>
          <answers class="set" id="110"/>
          <conceptSets class="set" id="111"/>
          <descriptions class="set" id="112"/>
          <conceptMappings class="set" id="113"/>
          <attributes id="114"/>
        </concept>
        <conceptSet reference="84"/>
        <sortWeight>3.0</sortWeight>
        <creator/>
        <dateCreated id="115">2021-09-06 20:33:29</dateCreated>
      </org.openmrs.ConceptSet>
      <org.openmrs.ConceptSet id="116" uuid="6d8f7611-0cf6-4c05-ad79-53074f0c43cd">
        <conceptSetId>3311</conceptSetId>
        <concept id="117" uuid="c7e17ce8-d832-4349-a326-b20f5ae7f432">
          <conceptId>166343</conceptId>
          <retired>false</retired>
          <datatype reference="22"/>
          <conceptClass reference="5"/>
          <set>false</set>
          <creator/>
          <dateCreated id="118">2021-05-21 07:29:56</dateCreated>
          <changedBy/>
          <dateChanged id="119">2021-11-21 22:36:16</dateChanged>
          <names class="set" id="120">
            <org.openmrs.ConceptName id="121" uuid="203b7b75-1f33-42be-a31e-a3e8e983d941">
              <conceptNameId>144037</conceptNameId>
              <concept reference="117"/>
              <name>First line regimen</name>
              <locale id="122">en</locale>
              <creator/>
              <dateCreated id="123">2021-05-21 07:29:56</dateCreated>
              <voided>false</voided>
              <tags class="set" id="124"/>
              <conceptNameType>FULLY_SPECIFIED</conceptNameType>
              <localePreferred>true</localePreferred>
              <changedBy/>
              <dateChanged id="125">2021-11-21 22:36:16</dateChanged>
            </org.openmrs.ConceptName>
          </names>
          <answers class="set" id="126">
            <org.openmrs.ConceptAnswer id="127" uuid="6a5b7df6-c4f7-4cd2-a393-8054d98f2b57">
              <conceptAnswerId>7311</conceptAnswerId>
              <concept reference="117"/>
              <answerConcept id="128" uuid="42ce4680-3b01-48af-a772-672f7624df39">
                <conceptId>166340</conceptId>
                <retired>false</retired>
                <datatype reference="22"/>
                <conceptClass reference="5"/>
                <set>false</set>
                <creator/>
                <dateCreated id="129">2021-05-21 07:33:02</dateCreated>
                <changedBy/>
                <dateChanged id="130">2021-11-21 22:36:16</dateChanged>
                <names class="set" id="131">
                  <org.openmrs.ConceptName id="132" uuid="fc9ed5d3-9220-4389-85d1-da18d15ea32e">
                    <conceptNameId>144034</conceptNameId>
                    <concept reference="128"/>
                    <name>ART3</name>
                    <locale id="133">en</locale>
                    <creator/>
                    <dateCreated id="134">2021-05-21 07:33:02</dateCreated>
                    <voided>false</voided>
                    <tags class="set" id="135"/>
                    <conceptNameType>FULLY_SPECIFIED</conceptNameType>
                    <localePreferred>true</localePreferred>
                    <changedBy/>
                    <dateChanged id="136">2021-11-21 22:36:16</dateChanged>
                  </org.openmrs.ConceptName>
                </names>
                <answers class="set" id="137"/>
                <conceptSets class="set" id="138"/>
                <descriptions class="set" id="139"/>
                <conceptMappings class="set" id="140"/>
                <attributes id="141"/>
              </answerConcept>
              <creator/>
              <dateCreated id="142">2021-05-21 07:34:28</dateCreated>
              <sortWeight>3.0</sortWeight>
            </org.openmrs.ConceptAnswer>
            <org.openmrs.ConceptAnswer id="143" uuid="743e73af-7ebd-49d4-8061-4a24375146dc">
              <conceptAnswerId>7312</conceptAnswerId>
              <concept reference="117"/>
              <answerConcept reference="21"/>
              <creator/>
              <dateCreated id="144">2021-05-21 07:34:28</dateCreated>
              <sortWeight>4.0</sortWeight>
            </org.openmrs.ConceptAnswer>
            <org.openmrs.ConceptAnswer id="145" uuid="e8570a91-67db-4499-a883-1eaa3352578f">
              <conceptAnswerId>7313</conceptAnswerId>
              <concept reference="117"/>
              <answerConcept id="146" resolves-to="org.openmrs.Concept" uuid="35ed7e8a-ff47-4b80-aa98-30a5059d4001">
                <conceptId>166341</conceptId>
                <retired>false</retired>
                <datatype reference="22"/>
                <conceptClass reference="5"/>
                <set>false</set>
                <creator/>
                <dateCreated id="147">2021-05-21 07:31:41</dateCreated>
                <changedBy/>
                <dateChanged id="148">2021-11-21 22:36:16</dateChanged>
                <names class="set" id="149">
                  <org.openmrs.ConceptName id="150" uuid="a8f9af98-2bc7-4c72-8b20-e4481222fdf6">
                    <conceptNameId>144035</conceptNameId>
                    <concept reference="146"/>
                    <name>ART1</name>
                    <locale id="151">en</locale>
                    <creator/>
                    <dateCreated id="152">2021-05-21 07:31:41</dateCreated>
                    <voided>false</voided>
                    <tags class="set" id="153"/>
                    <conceptNameType>FULLY_SPECIFIED</conceptNameType>
                    <localePreferred>true</localePreferred>
                    <changedBy/>
                    <dateChanged id="154">2021-11-21 22:36:16</dateChanged>
                  </org.openmrs.ConceptName>
                </names>
                <answers class="set" id="155"/>
                <conceptSets class="set" id="156"/>
                <descriptions class="set" id="157"/>
                <conceptMappings class="set" id="158"/>
                <attributes id="159"/>
              </answerConcept>
              <creator/>
              <dateCreated id="160">2021-05-21 07:34:28</dateCreated>
              <sortWeight>1.0</sortWeight>
            </org.openmrs.ConceptAnswer>
            <org.openmrs.ConceptAnswer id="161" uuid="b520892f-25bf-4e78-ae79-7cad404bfdca">
              <conceptAnswerId>7314</conceptAnswerId>
              <concept reference="117"/>
              <answerConcept id="162" resolves-to="org.openmrs.Concept" uuid="9d25c761-fa9d-49f8-9dd6-96e4f14da85c">
                <conceptId>166342</conceptId>
                <retired>false</retired>
                <datatype reference="22"/>
                <conceptClass reference="5"/>
                <set>false</set>
                <creator/>
                <dateCreated id="163">2021-05-21 07:32:22</dateCreated>
                <changedBy/>
                <dateChanged id="164">2021-11-21 22:36:16</dateChanged>
                <names class="set" id="165">
                  <org.openmrs.ConceptName id="166" uuid="51cc18d1-a86f-443c-a9c8-22a4f93fdfb4">
                    <conceptNameId>144036</conceptNameId>
                    <concept reference="162"/>
                    <name>ART2</name>
                    <locale id="167">en</locale>
                    <creator/>
                    <dateCreated id="168">2021-05-21 07:32:22</dateCreated>
                    <voided>false</voided>
                    <tags class="set" id="169"/>
                    <conceptNameType>FULLY_SPECIFIED</conceptNameType>
                    <localePreferred>true</localePreferred>
                    <changedBy/>
                    <dateChanged id="170">2021-11-21 22:36:16</dateChanged>
                  </org.openmrs.ConceptName>
                </names>
                <answers class="set" id="171"/>
                <conceptSets class="set" id="172"/>
                <descriptions class="set" id="173"/>
                <conceptMappings class="set" id="174"/>
                <attributes id="175"/>
              </answerConcept>
              <creator/>
              <dateCreated id="176">2021-05-21 07:34:28</dateCreated>
              <sortWeight>2.0</sortWeight>
            </org.openmrs.ConceptAnswer>
          </answers>
          <conceptSets class="set" id="177"/>
          <descriptions class="set" id="178"/>
          <conceptMappings class="set" id="179"/>
          <attributes id="180"/>
        </concept>
        <conceptSet reference="84"/>
        <sortWeight>6.0</sortWeight>
        <creator/>
        <dateCreated id="181">2021-09-06 20:33:29</dateCreated>
      </org.openmrs.ConceptSet>
      <org.openmrs.ConceptSet id="182" uuid="b80a7810-0bc9-476d-96d9-c5d641e28d7b">
        <conceptSetId>3312</conceptSetId>
        <concept id="183" uuid="324f28ab-cfa7-46ac-99f3-c7d928ba5e79">
          <conceptId>166347</conceptId>
          <retired>false</retired>
          <datatype reference="22"/>
          <conceptClass reference="5"/>
          <set>false</set>
          <creator/>
          <dateCreated id="184">2021-05-21 07:37:26</dateCreated>
          <changedBy/>
          <dateChanged id="185">2021-11-23 12:18:16</dateChanged>
          <names class="set" id="186">
            <org.openmrs.ConceptName id="187" uuid="903f06e8-db96-4f6f-905e-919dfbba8a28">
              <conceptNameId>144051</conceptNameId>
              <concept reference="183"/>
              <name>ART type</name>
              <locale id="188">en</locale>
              <creator/>
              <dateCreated id="189">2021-11-23 12:18:16</dateCreated>
              <voided>false</voided>
              <tags class="set" id="190"/>
              <conceptNameType>FULLY_SPECIFIED</conceptNameType>
              <localePreferred>true</localePreferred>
              <changedBy/>
              <dateChanged id="191">2021-11-23 12:18:16</dateChanged>
            </org.openmrs.ConceptName>
            <org.openmrs.ConceptName id="192" uuid="c787f072-6821-421e-ba1e-2076fb5a50dd">
              <conceptNameId>144041</conceptNameId>
              <concept reference="183"/>
              <name>Reason for ART treatment</name>
              <locale id="193">en</locale>
              <creator/>
              <dateCreated id="194">2021-05-21 07:37:26</dateCreated>
              <voided>true</voided>
              <voidedBy/>
              <dateVoided id="195">2021-11-23 12:18:16</dateVoided>
              <voidReason>Deleted due to change of name</voidReason>
              <tags class="set" id="196"/>
              <localePreferred>false</localePreferred>
              <changedBy/>
              <dateChanged id="197">2021-11-23 12:18:16</dateChanged>
            </org.openmrs.ConceptName>
          </names>
          <answers class="set" id="198">
            <org.openmrs.ConceptAnswer id="199" uuid="1e9d3aae-5983-440a-885d-e30568fe8ef3">
              <conceptAnswerId>7315</conceptAnswerId>
              <concept reference="183"/>
              <answerConcept id="200" resolves-to="org.openmrs.Concept" uuid="699952fe-f2ab-48b2-9596-fbb5c507e7d4">
                <conceptId>166344</conceptId>
                <retired>false</retired>
                <datatype reference="22"/>
                <conceptClass reference="5"/>
                <set>false</set>
                <creator/>
                <dateCreated id="201">2021-05-21 07:39:51</dateCreated>
                <changedBy/>
                <dateChanged id="202">2021-11-21 22:36:16</dateChanged>
                <names class="set" id="203">
                  <org.openmrs.ConceptName id="204" uuid="4ce8a9d8-8601-4d92-9586-d0f634fac1a4">
                    <conceptNameId>144038</conceptNameId>
                    <concept reference="200"/>
                    <name>PREP</name>
                    <locale id="205">en</locale>
                    <creator/>
                    <dateCreated id="206">2021-05-21 07:39:51</dateCreated>
                    <voided>false</voided>
                    <tags class="set" id="207"/>
                    <conceptNameType>FULLY_SPECIFIED</conceptNameType>
                    <localePreferred>true</localePreferred>
                    <changedBy/>
                    <dateChanged id="208">2021-11-21 22:36:16</dateChanged>
                  </org.openmrs.ConceptName>
                </names>
                <answers class="set" id="209"/>
                <conceptSets class="set" id="210"/>
                <descriptions class="set" id="211"/>
                <conceptMappings class="set" id="212"/>
                <attributes id="213"/>
              </answerConcept>
              <creator/>
              <dateCreated id="214">2021-05-21 07:41:28</dateCreated>
              <sortWeight>3.0</sortWeight>
            </org.openmrs.ConceptAnswer>
            <org.openmrs.ConceptAnswer id="215" uuid="7fab6aa6-47f0-41c5-aede-eb2a42b7381f">
              <conceptAnswerId>7316</conceptAnswerId>
              <concept reference="183"/>
              <answerConcept reference="70"/>
              <creator/>
              <dateCreated id="216">2021-05-21 07:41:28</dateCreated>
              <sortWeight>4.0</sortWeight>
            </org.openmrs.ConceptAnswer>
            <org.openmrs.ConceptAnswer id="217" uuid="8b6aae87-b4c1-49a6-846b-0b2617c39d99">
              <conceptAnswerId>7317</conceptAnswerId>
              <concept reference="183"/>
              <answerConcept id="218" uuid="769d924e-13c3-4a2d-b99f-3df85de7871a">
                <conceptId>166345</conceptId>
                <retired>false</retired>
                <datatype reference="22"/>
                <conceptClass reference="5"/>
                <set>false</set>
                <creator/>
                <dateCreated id="219">2021-05-21 07:38:17</dateCreated>
                <changedBy/>
                <dateChanged id="220">2021-11-21 22:36:16</dateChanged>
                <names class="set" id="221">
                  <org.openmrs.ConceptName id="222" uuid="e635f8a6-f37d-4ff0-9f80-d751853d5cc5">
                    <conceptNameId>144039</conceptNameId>
                    <concept reference="218"/>
                    <name>PMTCT</name>
                    <locale id="223">en</locale>
                    <creator/>
                    <dateCreated id="224">2021-05-21 07:38:17</dateCreated>
                    <voided>false</voided>
                    <tags class="set" id="225"/>
                    <conceptNameType>FULLY_SPECIFIED</conceptNameType>
                    <localePreferred>true</localePreferred>
                    <changedBy/>
                    <dateChanged id="226">2021-11-21 22:36:16</dateChanged>
                  </org.openmrs.ConceptName>
                </names>
                <answers class="set" id="227"/>
                <conceptSets class="set" id="228"/>
                <descriptions class="set" id="229"/>
                <conceptMappings class="set" id="230"/>
                <attributes id="231"/>
              </answerConcept>
              <creator/>
              <dateCreated id="232">2021-05-21 07:41:28</dateCreated>
              <sortWeight>1.0</sortWeight>
            </org.openmrs.ConceptAnswer>
            <org.openmrs.ConceptAnswer id="233" uuid="374ab015-c6ad-473a-b7ff-2f6265b5d113">
              <conceptAnswerId>7318</conceptAnswerId>
              <concept reference="183"/>
              <answerConcept id="234" resolves-to="org.openmrs.Concept" uuid="999be634-7b4e-4bdc-8273-25614cd50128">
                <conceptId>166346</conceptId>
                <retired>false</retired>
                <datatype reference="22"/>
                <conceptClass reference="5"/>
                <set>false</set>
                <creator/>
                <dateCreated id="235">2021-05-21 07:39:08</dateCreated>
                <changedBy/>
                <dateChanged id="236">2021-11-21 22:36:16</dateChanged>
                <names class="set" id="237">
                  <org.openmrs.ConceptName id="238" uuid="b7075c0d-99a9-4ace-b496-93ca1441da4e">
                    <conceptNameId>144040</conceptNameId>
                    <concept reference="234"/>
                    <name>PEP</name>
                    <locale id="239">en</locale>
                    <creator/>
                    <dateCreated id="240">2021-05-21 07:39:08</dateCreated>
                    <voided>false</voided>
                    <tags class="set" id="241"/>
                    <conceptNameType>FULLY_SPECIFIED</conceptNameType>
                    <localePreferred>true</localePreferred>
                    <changedBy/>
                    <dateChanged id="242">2021-11-21 22:36:16</dateChanged>
                  </org.openmrs.ConceptName>
                </names>
                <answers class="set" id="243"/>
                <conceptSets class="set" id="244"/>
                <descriptions class="set" id="245"/>
                <conceptMappings class="set" id="246"/>
                <attributes id="247"/>
              </answerConcept>
              <creator/>
              <dateCreated id="248">2021-05-21 07:41:28</dateCreated>
              <sortWeight>2.0</sortWeight>
            </org.openmrs.ConceptAnswer>
          </answers>
          <conceptSets class="set" id="249"/>
          <descriptions class="set" id="250"/>
          <conceptMappings class="set" id="251"/>
          <attributes id="252"/>
        </concept>
        <conceptSet reference="84"/>
        <sortWeight>7.0</sortWeight>
        <creator/>
        <dateCreated id="253">2021-09-06 20:33:29</dateCreated>
      </org.openmrs.ConceptSet>
      <org.openmrs.ConceptSet id="254" uuid="e96b31a9-5292-4956-9070-7b874a645b4d">
        <conceptSetId>3313</conceptSetId>
        <concept id="255" uuid="ecab0816-0f06-47cd-aa4d-68f428a26f3f">
          <conceptId>166348</conceptId>
          <retired>false</retired>
          <datatype id="256" resolves-to="org.openmrs.ConceptDatatype" uuid="8d4a5cca-c2cc-11de-8d13-0010c6dffd0f">
            <name>Boolean</name>
            <description>Boolean value (yes/no, true/false)</description>
            <creator/>
            <dateCreated id="257">2004-08-26 00:00:00</dateCreated>
            <retired>false</retired>
            <retiredBy/>
            <conceptDatatypeId>10</conceptDatatypeId>
            <hl7Abbreviation>BIT</hl7Abbreviation>
          </datatype>
          <conceptClass reference="5"/>
          <set>false</set>
          <creator/>
          <dateCreated id="258">2021-05-21 13:51:55</dateCreated>
          <changedBy/>
          <dateChanged id="259">2021-11-21 22:36:16</dateChanged>
          <names class="set" id="260">
            <org.openmrs.ConceptName id="261" uuid="de3c1a54-df9a-4b82-8fde-bfb5bc2e9067">
              <conceptNameId>144042</conceptNameId>
              <concept reference="255"/>
              <name>Were there any ART interruptions?</name>
              <locale id="262">en</locale>
              <creator/>
              <dateCreated id="263">2021-05-21 13:51:55</dateCreated>
              <voided>false</voided>
              <tags class="set" id="264"/>
              <conceptNameType>FULLY_SPECIFIED</conceptNameType>
              <localePreferred>true</localePreferred>
              <changedBy/>
              <dateChanged id="265">2021-11-21 22:36:16</dateChanged>
            </org.openmrs.ConceptName>
          </names>
          <answers class="set" id="266"/>
          <conceptSets class="set" id="267"/>
          <descriptions class="set" id="268"/>
          <conceptMappings class="set" id="269"/>
          <attributes id="270"/>
        </concept>
        <conceptSet reference="84"/>
        <sortWeight>8.0</sortWeight>
        <creator/>
        <dateCreated id="271">2021-09-06 20:33:29</dateCreated>
      </org.openmrs.ConceptSet>
      <org.openmrs.ConceptSet id="272" uuid="b3706aa0-c6c0-43ff-be5a-5774d95e38fb">
        <conceptSetId>3314</conceptSetId>
        <concept id="273" uuid="806195ad-9f5c-42f0-ad9f-736a21a1dac1">
          <conceptId>166349</conceptId>
          <retired>false</retired>
          <datatype reference="38"/>
          <conceptClass reference="5"/>
          <set>false</set>
          <creator/>
          <dateCreated id="274">2021-05-21 07:17:25</dateCreated>
          <changedBy/>
          <dateChanged id="275">2021-11-23 12:23:10</dateChanged>
          <names class="set" id="276">
            <org.openmrs.ConceptName id="277" uuid="c3fde2c9-503b-4213-95f7-8d7c7e79cb33">
              <conceptNameId>144043</conceptNameId>
              <concept reference="273"/>
              <name>HIV ART Date Stopped</name>
              <locale id="278">en</locale>
              <creator/>
              <dateCreated id="279">2021-05-21 07:17:25</dateCreated>
              <voided>false</voided>
              <tags class="set" id="280"/>
              <conceptNameType>FULLY_SPECIFIED</conceptNameType>
              <localePreferred>true</localePreferred>
              <changedBy/>
              <dateChanged id="281">2021-11-23 12:23:10</dateChanged>
            </org.openmrs.ConceptName>
          </names>
          <answers class="set" id="282"/>
          <conceptSets class="set" id="283"/>
          <descriptions class="set" id="284"/>
          <conceptMappings class="set" id="285"/>
          <attributes id="286"/>
        </concept>
        <conceptSet reference="84"/>
        <sortWeight>4.0</sortWeight>
        <creator/>
        <dateCreated id="287">2021-09-06 20:33:29</dateCreated>
      </org.openmrs.ConceptSet>
      <org.openmrs.ConceptSet id="288" uuid="520dd5fe-6963-40dd-bd6b-f2060f7604e9">
        <conceptSetId>3315</conceptSetId>
        <concept reference="2"/>
        <conceptSet reference="84"/>
        <sortWeight>5.0</sortWeight>
        <creator/>
        <dateCreated id="289">2021-09-06 20:33:29</dateCreated>
      </org.openmrs.ConceptSet>
      <org.openmrs.ConceptSet id="290" uuid="65b8f4b7-bfdb-46be-8749-4ad75c30d988">
        <conceptSetId>3316</conceptSetId>
        <concept reference="37"/>
        <conceptSet reference="84"/>
        <sortWeight>0.0</sortWeight>
        <creator/>
        <dateCreated id="291">2021-06-09 17:24:22</dateCreated>
      </org.openmrs.ConceptSet>
      <org.openmrs.ConceptSet id="292" uuid="b1a4546c-9c80-489a-b255-41b59e1e91fe">
        <conceptSetId>3317</conceptSetId>
        <concept id="293" uuid="d9cd2810-d600-47c4-b29c-234c72514b9e">
          <conceptId>166350</conceptId>
          <retired>false</retired>
          <datatype reference="38"/>
          <conceptClass reference="40"/>
          <set>false</set>
          <creator/>
          <dateCreated id="294">2021-05-24 15:39:09</dateCreated>
          <changedBy/>
          <dateChanged id="295">2021-11-21 22:36:16</dateChanged>
          <names class="set" id="296">
            <org.openmrs.ConceptName id="297" uuid="77d3816f-811c-47ff-973a-f85d61668bd7">
              <conceptNameId>144044</conceptNameId>
              <concept reference="293"/>
              <name>ART Restart Date</name>
              <locale id="298">en</locale>
              <creator/>
              <dateCreated id="299">2021-05-24 15:39:09</dateCreated>
              <voided>false</voided>
              <tags class="set" id="300"/>
              <conceptNameType>FULLY_SPECIFIED</conceptNameType>
              <localePreferred>true</localePreferred>
              <changedBy/>
              <dateChanged id="301">2021-11-21 22:36:16</dateChanged>
            </org.openmrs.ConceptName>
          </names>
          <answers class="set" id="302"/>
          <conceptSets class="set" id="303"/>
          <descriptions class="set" id="304"/>
          <conceptMappings class="set" id="305"/>
          <attributes id="306"/>
        </concept>
        <conceptSet reference="84"/>
        <sortWeight>2.0</sortWeight>
        <creator/>
        <dateCreated id="307">2021-06-09 17:24:22</dateCreated>
      </org.openmrs.ConceptSet>
    </conceptSets>
    <descriptions class="set" id="308"/>
    <conceptMappings class="set" id="309"/>
    <attributes id="310"/>
  </org.openmrs.Concept>
  <org.openmrs.Concept reference="218"/>
  <org.openmrs.Concept id="311" uuid="c8537436-e345-444b-a26a-6e03562b3838">
    <conceptId>166352</conceptId>
    <retired>false</retired>
    <datatype reference="256"/>
    <conceptClass reference="5"/>
    <set>false</set>
    <creator/>
    <dateCreated id="312">2021-05-20 14:45:27</dateCreated>
    <changedBy/>
    <dateChanged id="313">2021-11-21 22:36:16</dateChanged>
    <names class="set" id="314">
      <org.openmrs.ConceptName id="315" uuid="5deba1d8-3fc1-4963-84d4-e733d20a9707">
        <conceptNameId>144046</conceptNameId>
        <concept reference="311"/>
        <name>Current regimen response</name>
        <locale id="316">en</locale>
        <creator/>
        <dateCreated id="317">2021-05-20 14:45:27</dateCreated>
        <voided>false</voided>
        <tags class="set" id="318"/>
        <conceptNameType>FULLY_SPECIFIED</conceptNameType>
        <localePreferred>true</localePreferred>
        <changedBy/>
        <dateChanged id="319">2021-11-21 22:36:16</dateChanged>
      </org.openmrs.ConceptName>
    </names>
    <answers class="set" id="320"/>
    <conceptSets class="set" id="321"/>
    <descriptions class="set" id="322"/>
    <conceptMappings class="set" id="323"/>
    <attributes id="324"/>
  </org.openmrs.Concept>
  <org.openmrs.Concept reference="183"/>
  <org.openmrs.Concept reference="293"/>
  <org.openmrs.Concept reference="101"/>
  <org.openmrs.Concept reference="200"/>
  <org.openmrs.Concept reference="128"/>
  <org.openmrs.Concept reference="273"/>
  <org.openmrs.Concept reference="117"/>
  <org.openmrs.Concept id="325" uuid="20fb8dc4-b958-4c88-b9a7-96ea36b4b0ef">
    <conceptId>166353</conceptId>
    <retired>false</retired>
    <datatype reference="22"/>
    <conceptClass reference="40"/>
    <set>false</set>
    <creator/>
    <dateCreated id="326">2021-05-20 14:12:25</dateCreated>
    <changedBy/>
    <dateChanged id="327">2021-11-21 22:36:16</dateChanged>
    <names class="set" id="328">
      <org.openmrs.ConceptName id="329" uuid="ea4fc7b1-f87a-4acf-8531-1739a2bfc1a3">
        <conceptNameId>144047</conceptNameId>
        <concept reference="325"/>
        <name>Current regimen</name>
        <locale id="330">en</locale>
        <creator/>
        <dateCreated id="331">2021-05-20 14:12:25</dateCreated>
        <voided>false</voided>
        <tags class="set" id="332"/>
        <conceptNameType>FULLY_SPECIFIED</conceptNameType>
        <localePreferred>true</localePreferred>
        <changedBy/>
        <dateChanged id="333">2021-11-21 22:36:16</dateChanged>
      </org.openmrs.ConceptName>
    </names>
    <answers class="set" id="334"/>
    <conceptSets class="set" id="335"/>
    <descriptions class="set" id="336"/>
    <conceptMappings class="set" id="337"/>
    <attributes id="338"/>
  </org.openmrs.Concept>
  <org.openmrs.Concept reference="146"/>
  <org.openmrs.Concept reference="255"/>
  <org.openmrs.Concept reference="162"/>
  <org.openmrs.Concept reference="234"/>
</list>
