<?xml version="1.0" encoding="UTF-8"?>
<list id="1">
  <org.openmrs.Concept id="2" uuid="9c65e0a7-8c12-46d4-8ad2-da1aa37b8276">
    <conceptId>166334</conceptId>
    <retired>false</retired>
    <datatype id="3" resolves-to="org.openmrs.ConceptDatatype" uuid="8d4a4ab4-c2cc-11de-8d13-0010c6dffd0f">
      <name>Text</name>
      <description>Free text</description>
      <creator/>
      <dateCreated id="4">2004-02-02 00:00:00</dateCreated>
      <retired>false</retired>
      <retiredBy/>
      <conceptDatatypeId>3</conceptDatatypeId>
      <hl7Abbreviation>ST</hl7Abbreviation>
    </datatype>
    <conceptClass id="5" resolves-to="org.openmrs.ConceptClass" uuid="8d4907b2-c2cc-11de-8d13-0010c6dffd0f">
      <name>Test</name>
      <description>Acq. during patient encounter (vitals, labs, etc.)</description>
      <creator/>
      <dateCreated id="6">2004-02-02 00:00:00</dateCreated>
      <changedBy/>
      <dateChanged id="7">2021-12-22 19:18:20</dateChanged>
      <retired>false</retired>
      <conceptClassId>1</conceptClassId>
    </conceptClass>
    <set>false</set>
    <creator/>
    <dateCreated id="8">2021-05-21 07:22:58</dateCreated>
    <changedBy/>
    <dateChanged id="9">2021-12-13 10:26:12</dateChanged>
    <names class="set" id="10">
      <org.openmrs.ConceptName id="11" uuid="da5a7891-cabf-436c-a7f7-5716caf93c48">
        <conceptNameId>144028</conceptNameId>
        <concept reference="2"/>
        <name>HIV ART Reason Stopped</name>
        <locale id="12">en</locale>
        <creator/>
        <dateCreated id="13">2021-05-21 07:22:58</dateCreated>
        <voided>false</voided>
        <tags class="set" id="14"/>
        <conceptNameType>FULLY_SPECIFIED</conceptNameType>
        <localePreferred>true</localePreferred>
        <changedBy/>
        <dateChanged id="15">2021-12-13 10:26:12</dateChanged>
      </org.openmrs.ConceptName>
    </names>
    <answers class="set" id="16"/>
    <conceptSets class="set" id="17"/>
    <descriptions class="set" id="18"/>
    <conceptMappings class="set" id="19"/>
    <attributes id="20"/>
  </org.openmrs.Concept>
  <org.openmrs.Concept id="21" uuid="dca99985-a303-4418-a440-d2af44f62c4b">
    <conceptId>166336</conceptId>
    <retired>false</retired>
    <datatype id="22" resolves-to="org.openmrs.ConceptDatatype" uuid="8d4a505e-c2cc-11de-8d13-0010c6dffd0f">
      <name>Date</name>
      <description>Absolute date</description>
      <creator/>
      <dateCreated id="23">2004-07-22 00:00:00</dateCreated>
      <retired>false</retired>
      <retiredBy/>
      <conceptDatatypeId>6</conceptDatatypeId>
      <hl7Abbreviation>DT</hl7Abbreviation>
    </datatype>
    <conceptClass id="24" resolves-to="org.openmrs.ConceptClass" uuid="8d491e50-c2cc-11de-8d13-0010c6dffd0f">
      <name>Question</name>
      <description>Question (eg, patient history, SF36 items)</description>
      <creator/>
      <dateCreated id="25">2004-03-02 00:00:00</dateCreated>
      <changedBy/>
      <dateChanged id="26">2021-12-13 10:26:12</dateChanged>
      <retired>false</retired>
      <conceptClassId>7</conceptClassId>
    </conceptClass>
    <set>false</set>
    <creator/>
    <dateCreated id="27">2021-05-24 15:35:31</dateCreated>
    <changedBy/>
    <dateChanged id="28">2021-12-13 10:26:12</dateChanged>
    <names class="set" id="29">
      <org.openmrs.ConceptName id="30" uuid="3741e319-a9b4-4253-be83-eb5d704e1d81">
        <conceptNameId>144030</conceptNameId>
        <concept reference="21"/>
        <name>ART interruption date</name>
        <locale id="31">en</locale>
        <creator/>
        <dateCreated id="32">2021-05-24 15:35:31</dateCreated>
        <voided>false</voided>
        <tags class="set" id="33"/>
        <conceptNameType>FULLY_SPECIFIED</conceptNameType>
        <localePreferred>true</localePreferred>
        <changedBy/>
        <dateChanged id="34">2021-12-13 10:26:12</dateChanged>
      </org.openmrs.ConceptName>
    </names>
    <answers class="set" id="35"/>
    <conceptSets class="set" id="36"/>
    <descriptions class="set" id="37"/>
    <conceptMappings class="set" id="38"/>
    <attributes id="39"/>
  </org.openmrs.Concept>
  <org.openmrs.Concept id="40" uuid="30d09891-6bae-492c-b45b-ebe142837497">
    <conceptId>166337</conceptId>
    <retired>false</retired>
    <datatype reference="3"/>
    <conceptClass reference="24"/>
    <set>false</set>
    <creator/>
    <dateCreated id="41">2021-05-24 15:37:09</dateCreated>
    <changedBy/>
    <dateChanged id="42">2021-12-13 10:26:12</dateChanged>
    <names class="set" id="43">
      <org.openmrs.ConceptName id="44" uuid="7dd0f3dd-3fa5-4674-ba80-43a412d9332e">
        <conceptNameId>144031</conceptNameId>
        <concept reference="40"/>
        <name>ART interruption reason</name>
        <locale id="45">en</locale>
        <creator/>
        <dateCreated id="46">2021-05-24 15:37:09</dateCreated>
        <voided>false</voided>
        <tags class="set" id="47"/>
        <conceptNameType>FULLY_SPECIFIED</conceptNameType>
        <localePreferred>true</localePreferred>
        <changedBy/>
        <dateChanged id="48">2021-12-13 10:26:12</dateChanged>
      </org.openmrs.ConceptName>
    </names>
    <answers class="set" id="49"/>
    <conceptSets class="set" id="50"/>
    <descriptions class="set" id="51"/>
    <conceptMappings class="set" id="52"/>
    <attributes id="53"/>
  </org.openmrs.Concept>
  <org.openmrs.Concept id="54" uuid="80e5156f-5f66-42b5-ac14-e8fdfd2cfd8d">
    <conceptId>166338</conceptId>
    <retired>false</retired>
    <datatype id="55" resolves-to="org.openmrs.ConceptDatatype" uuid="8d4a48b6-c2cc-11de-8d13-0010c6dffd0f">
      <name>Coded</name>
      <description>Value determined by term dictionary lookup (i.e., term identifier)</description>
      <creator/>
      <dateCreated id="56">2004-02-02 00:00:00</dateCreated>
      <retired>false</retired>
      <retiredBy/>
      <conceptDatatypeId>2</conceptDatatypeId>
      <hl7Abbreviation>CWE</hl7Abbreviation>
    </datatype>
    <conceptClass reference="5"/>
    <set>false</set>
    <creator/>
    <dateCreated id="57">2021-05-21 07:40:28</dateCreated>
    <changedBy/>
    <dateChanged id="58">2021-12-13 10:26:12</dateChanged>
    <names class="set" id="59">
      <org.openmrs.ConceptName id="60" uuid="da9da895-9574-41aa-ad8d-ec076b982c9a">
        <conceptNameId>144032</conceptNameId>
        <concept reference="54"/>
        <name>HAART</name>
        <locale id="61">en</locale>
        <creator/>
        <dateCreated id="62">2021-05-21 07:40:28</dateCreated>
        <voided>false</voided>
        <tags class="set" id="63"/>
        <conceptNameType>FULLY_SPECIFIED</conceptNameType>
        <localePreferred>true</localePreferred>
        <changedBy/>
        <dateChanged id="64">2021-12-13 10:26:12</dateChanged>
      </org.openmrs.ConceptName>
    </names>
    <answers class="set" id="65"/>
    <conceptSets class="set" id="66"/>
    <descriptions class="set" id="67"/>
    <conceptMappings class="set" id="68"/>
    <attributes id="69"/>
  </org.openmrs.Concept>
  <org.openmrs.Concept id="70" uuid="7e08e42b-744c-4a33-8a59-e0ec735ffd59">
    <conceptId>166351</conceptId>
    <retired>false</retired>
    <datatype reference="55"/>
    <conceptClass id="71" resolves-to="org.openmrs.ConceptClass" uuid="8d492594-c2cc-11de-8d13-0010c6dffd0f">
      <name>ConvSet</name>
      <description>Term to describe convenience sets</description>
      <creator/>
      <dateCreated id="72">2004-03-02 00:00:00</dateCreated>
      <changedBy/>
      <dateChanged id="73">2021-12-13 10:26:12</dateChanged>
      <retired>false</retired>
      <conceptClassId>10</conceptClassId>
    </conceptClass>
    <set>true</set>
    <creator/>
    <dateCreated id="74">2021-06-09 10:44:16</dateCreated>
    <changedBy/>
    <dateChanged id="75">2021-12-17 10:31:31</dateChanged>
    <names class="set" id="76">
      <org.openmrs.ConceptName id="77" uuid="78d303b0-996b-4fa3-9648-03ba0da160cc">
        <conceptNameId>144045</conceptNameId>
        <concept reference="70"/>
        <name>ART Details</name>
        <locale id="78">en</locale>
        <creator/>
        <dateCreated id="79">2021-06-09 10:44:16</dateCreated>
        <voided>false</voided>
        <tags class="set" id="80"/>
        <conceptNameType>FULLY_SPECIFIED</conceptNameType>
        <localePreferred>true</localePreferred>
        <changedBy/>
        <dateChanged id="81">2021-12-13 10:26:12</dateChanged>
      </org.openmrs.ConceptName>
    </names>
    <answers class="set" id="82"/>
    <conceptSets class="set" id="83">
      <org.openmrs.ConceptSet id="84" uuid="a2276e2e-39e5-4da9-8d4f-651a1f7467e5">
        <conceptSetId>3309</conceptSetId>
        <concept reference="40"/>
        <conceptSet reference="70"/>
        <sortWeight>1.0</sortWeight>
        <creator/>
        <dateCreated id="85">2021-06-09 17:24:22</dateCreated>
      </org.openmrs.ConceptSet>
      <org.openmrs.ConceptSet id="86" uuid="5eb51290-80fd-49b1-85cc-f9b8183cbf78">
        <conceptSetId>3310</conceptSetId>
        <concept id="87" uuid="ddfdf4fa-1d0a-40ca-8930-ad914bd07b23">
          <conceptId>166339</conceptId>
          <retired>false</retired>
          <datatype reference="22"/>
          <conceptClass reference="5"/>
          <set>false</set>
          <creator/>
          <dateCreated id="88">2021-05-20 15:24:06</dateCreated>
          <changedBy/>
          <dateChanged id="89">2021-12-13 10:26:12</dateChanged>
          <names class="set" id="90">
            <org.openmrs.ConceptName id="91" uuid="1e589825-b704-4f1c-a045-4fcfe1f55f21">
              <conceptNameId>144033</conceptNameId>
              <concept reference="87"/>
              <name>HIV ART Date Started</name>
              <locale id="92">en</locale>
              <creator/>
              <dateCreated id="93">2021-05-20 15:24:06</dateCreated>
              <voided>false</voided>
              <tags class="set" id="94"/>
              <conceptNameType>FULLY_SPECIFIED</conceptNameType>
              <localePreferred>true</localePreferred>
              <changedBy/>
              <dateChanged id="95">2021-12-13 10:26:12</dateChanged>
            </org.openmrs.ConceptName>
          </names>
          <answers class="set" id="96"/>
          <conceptSets class="set" id="97"/>
          <descriptions class="set" id="98"/>
          <conceptMappings class="set" id="99"/>
          <attributes id="100"/>
        </concept>
        <conceptSet reference="70"/>
        <sortWeight>3.0</sortWeight>
        <creator/>
        <dateCreated id="101">2021-09-06 20:33:29</dateCreated>
      </org.openmrs.ConceptSet>
      <org.openmrs.ConceptSet id="102" uuid="2387b08d-21c8-47d7-a02c-f0db385ea241">
        <conceptSetId>3322</conceptSetId>
        <concept id="103" uuid="20fb8dc4-b958-4c88-b9a7-96ea36b4b0ef">
          <conceptId>166353</conceptId>
          <retired>false</retired>
          <datatype id="104" resolves-to="org.openmrs.ConceptDatatype" uuid="8d4a5cca-c2cc-11de-8d13-0010c6dffd0f">
            <name>Boolean</name>
            <description>Boolean value (yes/no, true/false)</description>
            <creator/>
            <dateCreated id="105">2004-08-26 00:00:00</dateCreated>
            <retired>false</retired>
            <retiredBy/>
            <conceptDatatypeId>10</conceptDatatypeId>
            <hl7Abbreviation>BIT</hl7Abbreviation>
          </datatype>
          <conceptClass reference="24"/>
          <set>false</set>
          <creator/>
          <dateCreated id="106">2021-05-20 14:12:25</dateCreated>
          <changedBy/>
          <dateChanged id="107">2021-12-15 14:40:04</dateChanged>
          <names class="set" id="108">
            <org.openmrs.ConceptName id="109" uuid="ea4fc7b1-f87a-4acf-8531-1739a2bfc1a3">
              <conceptNameId>144047</conceptNameId>
              <concept reference="103"/>
              <name>Current regimen</name>
              <locale id="110">en</locale>
              <creator/>
              <dateCreated id="111">2021-05-20 14:12:25</dateCreated>
              <voided>false</voided>
              <tags class="set" id="112"/>
              <conceptNameType>FULLY_SPECIFIED</conceptNameType>
              <localePreferred>true</localePreferred>
              <changedBy/>
              <dateChanged id="113">2021-12-13 10:26:12</dateChanged>
            </org.openmrs.ConceptName>
          </names>
          <answers class="set" id="114"/>
          <conceptSets class="set" id="115"/>
          <descriptions class="set" id="116"/>
          <conceptMappings class="set" id="117"/>
          <attributes id="118"/>
        </concept>
        <conceptSet reference="70"/>
        <sortWeight>9.0</sortWeight>
        <creator/>
        <dateCreated id="119">2021-12-17 10:31:31</dateCreated>
      </org.openmrs.ConceptSet>
      <org.openmrs.ConceptSet id="120" uuid="6d8f7611-0cf6-4c05-ad79-53074f0c43cd">
        <conceptSetId>3311</conceptSetId>
        <concept id="121" uuid="c7e17ce8-d832-4349-a326-b20f5ae7f432">
          <conceptId>166343</conceptId>
          <retired>false</retired>
          <datatype reference="3"/>
          <conceptClass reference="5"/>
          <set>false</set>
          <creator/>
          <dateCreated id="122">2021-05-21 07:29:56</dateCreated>
          <changedBy/>
          <dateChanged id="123">2021-12-16 10:50:43</dateChanged>
          <names class="set" id="124">
            <org.openmrs.ConceptName id="125" uuid="89bb1583-c6e5-41f2-b7b9-a0a5b5f2388f">
              <conceptNameId>144115</conceptNameId>
              <concept reference="121"/>
              <name>Medicine</name>
              <locale id="126">en</locale>
              <creator/>
              <dateCreated id="127">2021-12-15 10:28:22</dateCreated>
              <voided>true</voided>
              <voidedBy/>
              <dateVoided id="128">2021-12-16 10:50:42</dateVoided>
              <voidReason>Deleted due to change of name</voidReason>
              <tags class="set" id="129"/>
              <localePreferred>false</localePreferred>
              <changedBy/>
              <dateChanged id="130">2021-12-16 10:50:43</dateChanged>
            </org.openmrs.ConceptName>
            <org.openmrs.ConceptName id="131" uuid="203b7b75-1f33-42be-a31e-a3e8e983d941">
              <conceptNameId>144037</conceptNameId>
              <concept reference="121"/>
              <name>First line regimen</name>
              <locale id="132">en</locale>
              <creator/>
              <dateCreated id="133">2021-05-21 07:29:56</dateCreated>
              <voided>true</voided>
              <voidedBy/>
              <dateVoided id="134">2021-12-15 10:28:22</dateVoided>
              <voidReason>Deleted due to change of name</voidReason>
              <tags class="set" id="135"/>
              <localePreferred>false</localePreferred>
              <changedBy/>
              <dateChanged id="136">2021-12-15 10:28:22</dateChanged>
            </org.openmrs.ConceptName>
            <org.openmrs.ConceptName id="137" uuid="7808df67-6c8b-42b6-97eb-cd13e5293ce3">
              <conceptNameId>144118</conceptNameId>
              <concept reference="121"/>
              <name>Regimen</name>
              <locale id="138">en</locale>
              <creator/>
              <dateCreated id="139">2021-12-16 10:50:43</dateCreated>
              <voided>false</voided>
              <tags class="set" id="140"/>
              <conceptNameType>FULLY_SPECIFIED</conceptNameType>
              <localePreferred>true</localePreferred>
              <changedBy/>
              <dateChanged id="141">2021-12-16 10:50:42</dateChanged>
            </org.openmrs.ConceptName>
          </names>
          <answers class="set" id="142"/>
          <conceptSets class="set" id="143"/>
          <descriptions class="set" id="144"/>
          <conceptMappings class="set" id="145"/>
          <attributes id="146"/>
        </concept>
        <conceptSet reference="70"/>
        <sortWeight>6.0</sortWeight>
        <creator/>
        <dateCreated id="147">2021-09-06 20:33:29</dateCreated>
      </org.openmrs.ConceptSet>
      <org.openmrs.ConceptSet id="148" uuid="b80a7810-0bc9-476d-96d9-c5d641e28d7b">
        <conceptSetId>3312</conceptSetId>
        <concept id="149" uuid="324f28ab-cfa7-46ac-99f3-c7d928ba5e79">
          <conceptId>166347</conceptId>
          <retired>false</retired>
          <datatype reference="55"/>
          <conceptClass reference="5"/>
          <set>false</set>
          <creator/>
          <dateCreated id="150">2021-05-21 07:37:26</dateCreated>
          <changedBy/>
          <dateChanged id="151">2021-12-16 12:26:45</dateChanged>
          <names class="set" id="152">
            <org.openmrs.ConceptName id="153" uuid="903f06e8-db96-4f6f-905e-919dfbba8a28">
              <conceptNameId>144051</conceptNameId>
              <concept reference="149"/>
              <name>ART type</name>
              <locale id="154">en</locale>
              <creator/>
              <dateCreated id="155">2021-11-23 12:18:16</dateCreated>
              <voided>true</voided>
              <voidedBy/>
              <dateVoided id="156">2021-12-15 13:50:37</dateVoided>
              <voidReason>Deleted due to change of name</voidReason>
              <tags class="set" id="157"/>
              <localePreferred>false</localePreferred>
              <changedBy/>
              <dateChanged id="158">2021-12-15 13:50:37</dateChanged>
            </org.openmrs.ConceptName>
            <org.openmrs.ConceptName id="159" uuid="c787f072-6821-421e-ba1e-2076fb5a50dd">
              <conceptNameId>144041</conceptNameId>
              <concept reference="149"/>
              <name>Reason for ART treatment</name>
              <locale id="160">en</locale>
              <creator/>
              <dateCreated id="161">2021-05-21 07:37:26</dateCreated>
              <voided>true</voided>
              <voidedBy/>
              <dateVoided id="162">2021-11-23 12:18:16</dateVoided>
              <voidReason>Deleted due to change of name</voidReason>
              <tags class="set" id="163"/>
              <localePreferred>false</localePreferred>
              <changedBy/>
              <dateChanged id="164">2021-12-13 10:26:12</dateChanged>
            </org.openmrs.ConceptName>
            <org.openmrs.ConceptName id="165" uuid="d7e53db4-8063-4e59-92c4-e272afb2b72c">
              <conceptNameId>144119</conceptNameId>
              <concept reference="149"/>
              <name>Reason for ART</name>
              <locale id="166">en</locale>
              <creator/>
              <dateCreated id="167">2021-12-16 12:26:45</dateCreated>
              <voided>false</voided>
              <tags class="set" id="168"/>
              <conceptNameType>FULLY_SPECIFIED</conceptNameType>
              <localePreferred>true</localePreferred>
              <changedBy/>
              <dateChanged id="169">2021-12-16 12:26:45</dateChanged>
            </org.openmrs.ConceptName>
            <org.openmrs.ConceptName id="170" uuid="3c71638c-b920-4c1e-9c01-5a2adbe2e971">
              <conceptNameId>144117</conceptNameId>
              <concept reference="149"/>
              <name>Reason for ART treatment</name>
              <locale id="171">en</locale>
              <creator/>
              <dateCreated id="172">2021-12-15 13:50:37</dateCreated>
              <voided>true</voided>
              <voidedBy/>
              <dateVoided id="173">2021-12-16 12:26:45</dateVoided>
              <voidReason>Deleted due to change of name</voidReason>
              <tags class="set" id="174"/>
              <localePreferred>false</localePreferred>
              <changedBy/>
              <dateChanged id="175">2021-12-16 12:26:45</dateChanged>
            </org.openmrs.ConceptName>
          </names>
          <answers class="set" id="176">
            <org.openmrs.ConceptAnswer id="177" uuid="1e9d3aae-5983-440a-885d-e30568fe8ef3">
              <conceptAnswerId>7315</conceptAnswerId>
              <concept reference="149"/>
              <answerConcept id="178" resolves-to="org.openmrs.Concept" uuid="699952fe-f2ab-48b2-9596-fbb5c507e7d4">
                <conceptId>166344</conceptId>
                <retired>false</retired>
                <datatype reference="55"/>
                <conceptClass reference="5"/>
                <set>false</set>
                <creator/>
                <dateCreated id="179">2021-05-21 07:39:51</dateCreated>
                <changedBy/>
                <dateChanged id="180">2021-12-13 10:26:12</dateChanged>
                <names class="set" id="181">
                  <org.openmrs.ConceptName id="182" uuid="4ce8a9d8-8601-4d92-9586-d0f634fac1a4">
                    <conceptNameId>144038</conceptNameId>
                    <concept reference="178"/>
                    <name>PREP</name>
                    <locale id="183">en</locale>
                    <creator/>
                    <dateCreated id="184">2021-05-21 07:39:51</dateCreated>
                    <voided>false</voided>
                    <tags class="set" id="185"/>
                    <conceptNameType>FULLY_SPECIFIED</conceptNameType>
                    <localePreferred>true</localePreferred>
                    <changedBy/>
                    <dateChanged id="186">2021-12-13 10:26:12</dateChanged>
                  </org.openmrs.ConceptName>
                </names>
                <answers class="set" id="187"/>
                <conceptSets class="set" id="188"/>
                <descriptions class="set" id="189"/>
                <conceptMappings class="set" id="190"/>
                <attributes id="191"/>
              </answerConcept>
              <creator/>
              <dateCreated id="192">2021-05-21 07:41:28</dateCreated>
              <sortWeight>3.0</sortWeight>
            </org.openmrs.ConceptAnswer>
            <org.openmrs.ConceptAnswer id="193" uuid="7fab6aa6-47f0-41c5-aede-eb2a42b7381f">
              <conceptAnswerId>7316</conceptAnswerId>
              <concept reference="149"/>
              <answerConcept reference="54"/>
              <creator/>
              <dateCreated id="194">2021-05-21 07:41:28</dateCreated>
              <sortWeight>4.0</sortWeight>
            </org.openmrs.ConceptAnswer>
            <org.openmrs.ConceptAnswer id="195" uuid="374ab015-c6ad-473a-b7ff-2f6265b5d113">
              <conceptAnswerId>7318</conceptAnswerId>
              <concept reference="149"/>
              <answerConcept id="196" resolves-to="org.openmrs.Concept" uuid="999be634-7b4e-4bdc-8273-25614cd50128">
                <conceptId>166346</conceptId>
                <retired>false</retired>
                <datatype reference="55"/>
                <conceptClass reference="5"/>
                <set>false</set>
                <creator/>
                <dateCreated id="197">2021-05-21 07:39:08</dateCreated>
                <changedBy/>
                <dateChanged id="198">2021-12-13 10:26:12</dateChanged>
                <names class="set" id="199">
                  <org.openmrs.ConceptName id="200" uuid="b7075c0d-99a9-4ace-b496-93ca1441da4e">
                    <conceptNameId>144040</conceptNameId>
                    <concept reference="196"/>
                    <name>PEP</name>
                    <locale id="201">en</locale>
                    <creator/>
                    <dateCreated id="202">2021-05-21 07:39:08</dateCreated>
                    <voided>false</voided>
                    <tags class="set" id="203"/>
                    <conceptNameType>FULLY_SPECIFIED</conceptNameType>
                    <localePreferred>true</localePreferred>
                    <changedBy/>
                    <dateChanged id="204">2021-12-13 10:26:12</dateChanged>
                  </org.openmrs.ConceptName>
                </names>
                <answers class="set" id="205"/>
                <conceptSets class="set" id="206"/>
                <descriptions class="set" id="207"/>
                <conceptMappings class="set" id="208"/>
                <attributes id="209"/>
              </answerConcept>
              <creator/>
              <dateCreated id="210">2021-05-21 07:41:28</dateCreated>
              <sortWeight>2.0</sortWeight>
            </org.openmrs.ConceptAnswer>
          </answers>
          <conceptSets class="set" id="211"/>
          <descriptions class="set" id="212"/>
          <conceptMappings class="set" id="213"/>
          <attributes id="214"/>
        </concept>
        <conceptSet reference="70"/>
        <sortWeight>7.0</sortWeight>
        <creator/>
        <dateCreated id="215">2021-09-06 20:33:29</dateCreated>
      </org.openmrs.ConceptSet>
      <org.openmrs.ConceptSet id="216" uuid="e96b31a9-5292-4956-9070-7b874a645b4d">
        <conceptSetId>3313</conceptSetId>
        <concept id="217" uuid="ecab0816-0f06-47cd-aa4d-68f428a26f3f">
          <conceptId>166348</conceptId>
          <retired>false</retired>
          <datatype reference="104"/>
          <conceptClass reference="5"/>
          <set>false</set>
          <creator/>
          <dateCreated id="218">2021-05-21 13:51:55</dateCreated>
          <changedBy/>
          <dateChanged id="219">2021-12-13 10:26:12</dateChanged>
          <names class="set" id="220">
            <org.openmrs.ConceptName id="221" uuid="de3c1a54-df9a-4b82-8fde-bfb5bc2e9067">
              <conceptNameId>144042</conceptNameId>
              <concept reference="217"/>
              <name>Were there any ART interruptions?</name>
              <locale id="222">en</locale>
              <creator/>
              <dateCreated id="223">2021-05-21 13:51:55</dateCreated>
              <voided>false</voided>
              <tags class="set" id="224"/>
              <conceptNameType>FULLY_SPECIFIED</conceptNameType>
              <localePreferred>true</localePreferred>
              <changedBy/>
              <dateChanged id="225">2021-12-13 10:26:12</dateChanged>
            </org.openmrs.ConceptName>
          </names>
          <answers class="set" id="226"/>
          <conceptSets class="set" id="227"/>
          <descriptions class="set" id="228"/>
          <conceptMappings class="set" id="229"/>
          <attributes id="230"/>
        </concept>
        <conceptSet reference="70"/>
        <sortWeight>8.0</sortWeight>
        <creator/>
        <dateCreated id="231">2021-09-06 20:33:29</dateCreated>
      </org.openmrs.ConceptSet>
      <org.openmrs.ConceptSet id="232" uuid="b3706aa0-c6c0-43ff-be5a-5774d95e38fb">
        <conceptSetId>3314</conceptSetId>
        <concept id="233" uuid="806195ad-9f5c-42f0-ad9f-736a21a1dac1">
          <conceptId>166349</conceptId>
          <retired>false</retired>
          <datatype reference="22"/>
          <conceptClass reference="5"/>
          <set>false</set>
          <creator/>
          <dateCreated id="234">2021-05-21 07:17:25</dateCreated>
          <changedBy/>
          <dateChanged id="235">2021-12-13 10:26:12</dateChanged>
          <names class="set" id="236">
            <org.openmrs.ConceptName id="237" uuid="c3fde2c9-503b-4213-95f7-8d7c7e79cb33">
              <conceptNameId>144043</conceptNameId>
              <concept reference="233"/>
              <name>HIV ART Date Stopped</name>
              <locale id="238">en</locale>
              <creator/>
              <dateCreated id="239">2021-05-21 07:17:25</dateCreated>
              <voided>false</voided>
              <tags class="set" id="240"/>
              <conceptNameType>FULLY_SPECIFIED</conceptNameType>
              <localePreferred>true</localePreferred>
              <changedBy/>
              <dateChanged id="241">2021-12-13 10:26:12</dateChanged>
            </org.openmrs.ConceptName>
          </names>
          <answers class="set" id="242"/>
          <conceptSets class="set" id="243"/>
          <descriptions class="set" id="244"/>
          <conceptMappings class="set" id="245"/>
          <attributes id="246"/>
        </concept>
        <conceptSet reference="70"/>
        <sortWeight>4.0</sortWeight>
        <creator/>
        <dateCreated id="247">2021-09-06 20:33:29</dateCreated>
      </org.openmrs.ConceptSet>
      <org.openmrs.ConceptSet id="248" uuid="520dd5fe-6963-40dd-bd6b-f2060f7604e9">
        <conceptSetId>3315</conceptSetId>
        <concept reference="2"/>
        <conceptSet reference="70"/>
        <sortWeight>5.0</sortWeight>
        <creator/>
        <dateCreated id="249">2021-09-06 20:33:29</dateCreated>
      </org.openmrs.ConceptSet>
      <org.openmrs.ConceptSet id="250" uuid="65b8f4b7-bfdb-46be-8749-4ad75c30d988">
        <conceptSetId>3316</conceptSetId>
        <concept reference="21"/>
        <conceptSet reference="70"/>
        <sortWeight>0.0</sortWeight>
        <creator/>
        <dateCreated id="251">2021-06-09 17:24:22</dateCreated>
      </org.openmrs.ConceptSet>
      <org.openmrs.ConceptSet id="252" uuid="b1a4546c-9c80-489a-b255-41b59e1e91fe">
        <conceptSetId>3317</conceptSetId>
        <concept id="253" uuid="d9cd2810-d600-47c4-b29c-234c72514b9e">
          <conceptId>166350</conceptId>
          <retired>false</retired>
          <datatype reference="22"/>
          <conceptClass reference="24"/>
          <set>false</set>
          <creator/>
          <dateCreated id="254">2021-05-24 15:39:09</dateCreated>
          <changedBy/>
          <dateChanged id="255">2021-12-13 10:26:12</dateChanged>
          <names class="set" id="256">
            <org.openmrs.ConceptName id="257" uuid="77d3816f-811c-47ff-973a-f85d61668bd7">
              <conceptNameId>144044</conceptNameId>
              <concept reference="253"/>
              <name>ART Restart Date</name>
              <locale id="258">en</locale>
              <creator/>
              <dateCreated id="259">2021-05-24 15:39:09</dateCreated>
              <voided>false</voided>
              <tags class="set" id="260"/>
              <conceptNameType>FULLY_SPECIFIED</conceptNameType>
              <localePreferred>true</localePreferred>
              <changedBy/>
              <dateChanged id="261">2021-12-13 10:26:12</dateChanged>
            </org.openmrs.ConceptName>
          </names>
          <answers class="set" id="262"/>
          <conceptSets class="set" id="263"/>
          <descriptions class="set" id="264"/>
          <conceptMappings class="set" id="265"/>
          <attributes id="266"/>
        </concept>
        <conceptSet reference="70"/>
        <sortWeight>2.0</sortWeight>
        <creator/>
        <dateCreated id="267">2021-06-09 17:24:22</dateCreated>
      </org.openmrs.ConceptSet>
    </conceptSets>
    <descriptions class="set" id="268"/>
    <conceptMappings class="set" id="269"/>
    <attributes id="270"/>
  </org.openmrs.Concept>
  <org.openmrs.Concept reference="149"/>
  <org.openmrs.Concept reference="253"/>
  <org.openmrs.Concept reference="87"/>
  <org.openmrs.Concept reference="178"/>
  <org.openmrs.Concept reference="233"/>
  <org.openmrs.Concept reference="121"/>
  <org.openmrs.Concept reference="103"/>
  <org.openmrs.Concept reference="217"/>
  <org.openmrs.Concept reference="196"/>
</list>
