<?xml version="1.0" encoding="UTF-8"?>
<list id="1">
  <org.openmrs.Concept id="2" uuid="9c65e0a7-8c12-46d4-8ad2-da1aa37b8276">
    <conceptId>166334</conceptId>
    <retired>false</retired>
    <datatype id="3" resolves-to="org.openmrs.ConceptDatatype" uuid="8d4a4ab4-c2cc-11de-8d13-0010c6dffd0f">
      <name>Text</name>
      <description>Free text</description>
      <creator/>
      <dateCreated id="4">2004-02-02 00:00:00</dateCreated>
      <retired>false</retired>
      <retiredBy/>
      <conceptDatatypeId>3</conceptDatatypeId>
      <hl7Abbreviation>ST</hl7Abbreviation>
    </datatype>
    <conceptClass id="5" resolves-to="org.openmrs.ConceptClass" uuid="8d4907b2-c2cc-11de-8d13-0010c6dffd0f">
      <name>Test</name>
      <description>Acq. during patient encounter (vitals, labs, etc.)</description>
      <creator/>
      <dateCreated id="6">2004-02-02 00:00:00</dateCreated>
      <changedBy/>
      <dateChanged id="7">2021-12-13 09:21:56</dateChanged>
      <retired>false</retired>
      <conceptClassId>1</conceptClassId>
    </conceptClass>
    <set>false</set>
    <creator/>
    <dateCreated id="8">2021-05-21 07:22:58</dateCreated>
    <changedBy/>
    <dateChanged id="9">2021-12-10 14:22:42</dateChanged>
    <names class="set" id="10">
      <org.openmrs.ConceptName id="11" uuid="da5a7891-cabf-436c-a7f7-5716caf93c48">
        <conceptNameId>144028</conceptNameId>
        <concept reference="2"/>
        <name>HIV ART Reason Stopped</name>
        <locale id="12">en</locale>
        <creator/>
        <dateCreated id="13">2021-05-21 07:22:58</dateCreated>
        <voided>false</voided>
        <tags class="set" id="14"/>
        <conceptNameType>FULLY_SPECIFIED</conceptNameType>
        <localePreferred>true</localePreferred>
        <changedBy/>
        <dateChanged id="15">2021-12-10 14:22:42</dateChanged>
      </org.openmrs.ConceptName>
    </names>
    <answers class="set" id="16"/>
    <conceptSets class="set" id="17"/>
    <descriptions class="set" id="18"/>
    <conceptMappings class="set" id="19"/>
    <attributes id="20"/>
  </org.openmrs.Concept>
  <org.openmrs.Concept id="21" uuid="dca99985-a303-4418-a440-d2af44f62c4b">
    <conceptId>166336</conceptId>
    <retired>false</retired>
    <datatype id="22" resolves-to="org.openmrs.ConceptDatatype" uuid="8d4a505e-c2cc-11de-8d13-0010c6dffd0f">
      <name>Date</name>
      <description>Absolute date</description>
      <creator/>
      <dateCreated id="23">2004-07-22 00:00:00</dateCreated>
      <retired>false</retired>
      <retiredBy/>
      <conceptDatatypeId>6</conceptDatatypeId>
      <hl7Abbreviation>DT</hl7Abbreviation>
    </datatype>
    <conceptClass id="24" resolves-to="org.openmrs.ConceptClass" uuid="8d491e50-c2cc-11de-8d13-0010c6dffd0f">
      <name>Question</name>
      <description>Question (eg, patient history, SF36 items)</description>
      <creator/>
      <dateCreated id="25">2004-03-02 00:00:00</dateCreated>
      <changedBy/>
      <dateChanged id="26">2021-12-10 14:22:42</dateChanged>
      <retired>false</retired>
      <conceptClassId>7</conceptClassId>
    </conceptClass>
    <set>false</set>
    <creator/>
    <dateCreated id="27">2021-05-24 15:35:31</dateCreated>
    <changedBy/>
    <dateChanged id="28">2021-12-10 14:22:42</dateChanged>
    <names class="set" id="29">
      <org.openmrs.ConceptName id="30" uuid="3741e319-a9b4-4253-be83-eb5d704e1d81">
        <conceptNameId>144030</conceptNameId>
        <concept reference="21"/>
        <name>ART interruption date</name>
        <locale id="31">en</locale>
        <creator/>
        <dateCreated id="32">2021-05-24 15:35:31</dateCreated>
        <voided>false</voided>
        <tags class="set" id="33"/>
        <conceptNameType>FULLY_SPECIFIED</conceptNameType>
        <localePreferred>true</localePreferred>
        <changedBy/>
        <dateChanged id="34">2021-12-10 14:22:42</dateChanged>
      </org.openmrs.ConceptName>
    </names>
    <answers class="set" id="35"/>
    <conceptSets class="set" id="36"/>
    <descriptions class="set" id="37"/>
    <conceptMappings class="set" id="38"/>
    <attributes id="39"/>
  </org.openmrs.Concept>
  <org.openmrs.Concept id="40" uuid="30d09891-6bae-492c-b45b-ebe142837497">
    <conceptId>166337</conceptId>
    <retired>false</retired>
    <datatype reference="3"/>
    <conceptClass reference="24"/>
    <set>false</set>
    <creator/>
    <dateCreated id="41">2021-05-24 15:37:09</dateCreated>
    <changedBy/>
    <dateChanged id="42">2021-12-10 14:22:42</dateChanged>
    <names class="set" id="43">
      <org.openmrs.ConceptName id="44" uuid="7dd0f3dd-3fa5-4674-ba80-43a412d9332e">
        <conceptNameId>144031</conceptNameId>
        <concept reference="40"/>
        <name>ART interruption reason</name>
        <locale id="45">en</locale>
        <creator/>
        <dateCreated id="46">2021-05-24 15:37:09</dateCreated>
        <voided>false</voided>
        <tags class="set" id="47"/>
        <conceptNameType>FULLY_SPECIFIED</conceptNameType>
        <localePreferred>true</localePreferred>
        <changedBy/>
        <dateChanged id="48">2021-12-10 14:22:42</dateChanged>
      </org.openmrs.ConceptName>
    </names>
    <answers class="set" id="49"/>
    <conceptSets class="set" id="50"/>
    <descriptions class="set" id="51"/>
    <conceptMappings class="set" id="52"/>
    <attributes id="53"/>
  </org.openmrs.Concept>
  <org.openmrs.Concept id="54" uuid="80e5156f-5f66-42b5-ac14-e8fdfd2cfd8d">
    <conceptId>166338</conceptId>
    <retired>false</retired>
    <datatype id="55" resolves-to="org.openmrs.ConceptDatatype" uuid="8d4a48b6-c2cc-11de-8d13-0010c6dffd0f">
      <name>Coded</name>
      <description>Value determined by term dictionary lookup (i.e., term identifier)</description>
      <creator/>
      <dateCreated id="56">2004-02-02 00:00:00</dateCreated>
      <retired>false</retired>
      <retiredBy/>
      <conceptDatatypeId>2</conceptDatatypeId>
      <hl7Abbreviation>CWE</hl7Abbreviation>
    </datatype>
    <conceptClass reference="5"/>
    <set>false</set>
    <creator/>
    <dateCreated id="57">2021-05-21 07:40:28</dateCreated>
    <changedBy/>
    <dateChanged id="58">2021-12-10 14:22:42</dateChanged>
    <names class="set" id="59">
      <org.openmrs.ConceptName id="60" uuid="da9da895-9574-41aa-ad8d-ec076b982c9a">
        <conceptNameId>144032</conceptNameId>
        <concept reference="54"/>
        <name>HAART</name>
        <locale id="61">en</locale>
        <creator/>
        <dateCreated id="62">2021-05-21 07:40:28</dateCreated>
        <voided>false</voided>
        <tags class="set" id="63"/>
        <conceptNameType>FULLY_SPECIFIED</conceptNameType>
        <localePreferred>true</localePreferred>
        <changedBy/>
        <dateChanged id="64">2021-12-10 14:22:42</dateChanged>
      </org.openmrs.ConceptName>
    </names>
    <answers class="set" id="65"/>
    <conceptSets class="set" id="66"/>
    <descriptions class="set" id="67"/>
    <conceptMappings class="set" id="68"/>
    <attributes id="69"/>
  </org.openmrs.Concept>
  <org.openmrs.Concept id="70" uuid="7e08e42b-744c-4a33-8a59-e0ec735ffd59">
    <conceptId>166351</conceptId>
    <retired>false</retired>
    <datatype reference="55"/>
    <conceptClass id="71" resolves-to="org.openmrs.ConceptClass" uuid="8d492594-c2cc-11de-8d13-0010c6dffd0f">
      <name>ConvSet</name>
      <description>Term to describe convenience sets</description>
      <creator/>
      <dateCreated id="72">2004-03-02 00:00:00</dateCreated>
      <changedBy/>
      <dateChanged id="73">2021-12-10 14:22:42</dateChanged>
      <retired>false</retired>
      <conceptClassId>10</conceptClassId>
    </conceptClass>
    <set>true</set>
    <creator/>
    <dateCreated id="74">2021-06-09 10:44:16</dateCreated>
    <changedBy/>
    <dateChanged id="75">2021-12-10 14:22:42</dateChanged>
    <names class="set" id="76">
      <org.openmrs.ConceptName id="77" uuid="78d303b0-996b-4fa3-9648-03ba0da160cc">
        <conceptNameId>144045</conceptNameId>
        <concept reference="70"/>
        <name>ART Details</name>
        <locale id="78">en</locale>
        <creator/>
        <dateCreated id="79">2021-06-09 10:44:16</dateCreated>
        <voided>false</voided>
        <tags class="set" id="80"/>
        <conceptNameType>FULLY_SPECIFIED</conceptNameType>
        <localePreferred>true</localePreferred>
        <changedBy/>
        <dateChanged id="81">2021-12-10 14:22:42</dateChanged>
      </org.openmrs.ConceptName>
    </names>
    <answers class="set" id="82"/>
    <conceptSets class="set" id="83">
      <org.openmrs.ConceptSet id="84" uuid="a2276e2e-39e5-4da9-8d4f-651a1f7467e5">
        <conceptSetId>3309</conceptSetId>
        <concept reference="40"/>
        <conceptSet reference="70"/>
        <sortWeight>1.0</sortWeight>
        <creator/>
        <dateCreated id="85">2021-06-09 17:24:22</dateCreated>
      </org.openmrs.ConceptSet>
      <org.openmrs.ConceptSet id="86" uuid="5eb51290-80fd-49b1-85cc-f9b8183cbf78">
        <conceptSetId>3310</conceptSetId>
        <concept id="87" uuid="ddfdf4fa-1d0a-40ca-8930-ad914bd07b23">
          <conceptId>166339</conceptId>
          <retired>false</retired>
          <datatype reference="22"/>
          <conceptClass reference="5"/>
          <set>false</set>
          <creator/>
          <dateCreated id="88">2021-05-20 15:24:06</dateCreated>
          <changedBy/>
          <dateChanged id="89">2021-12-10 14:22:42</dateChanged>
          <names class="set" id="90">
            <org.openmrs.ConceptName id="91" uuid="1e589825-b704-4f1c-a045-4fcfe1f55f21">
              <conceptNameId>144033</conceptNameId>
              <concept reference="87"/>
              <name>HIV ART Date Started</name>
              <locale id="92">en</locale>
              <creator/>
              <dateCreated id="93">2021-05-20 15:24:06</dateCreated>
              <voided>false</voided>
              <tags class="set" id="94"/>
              <conceptNameType>FULLY_SPECIFIED</conceptNameType>
              <localePreferred>true</localePreferred>
              <changedBy/>
              <dateChanged id="95">2021-12-10 14:22:42</dateChanged>
            </org.openmrs.ConceptName>
          </names>
          <answers class="set" id="96"/>
          <conceptSets class="set" id="97"/>
          <descriptions class="set" id="98"/>
          <conceptMappings class="set" id="99"/>
          <attributes id="100"/>
        </concept>
        <conceptSet reference="70"/>
        <sortWeight>3.0</sortWeight>
        <creator/>
        <dateCreated id="101">2021-09-06 20:33:29</dateCreated>
      </org.openmrs.ConceptSet>
      <org.openmrs.ConceptSet id="102" uuid="6d8f7611-0cf6-4c05-ad79-53074f0c43cd">
        <conceptSetId>3311</conceptSetId>
        <concept id="103" uuid="c7e17ce8-d832-4349-a326-b20f5ae7f432">
          <conceptId>166343</conceptId>
          <retired>false</retired>
          <datatype reference="3"/>
          <conceptClass reference="5"/>
          <set>false</set>
          <creator/>
          <dateCreated id="104">2021-05-21 07:29:56</dateCreated>
          <changedBy/>
          <dateChanged id="105">2021-12-10 14:22:42</dateChanged>
          <names class="set" id="106">
            <org.openmrs.ConceptName id="107" uuid="203b7b75-1f33-42be-a31e-a3e8e983d941">
              <conceptNameId>144037</conceptNameId>
              <concept reference="103"/>
              <name>First line regimen</name>
              <locale id="108">en</locale>
              <creator/>
              <dateCreated id="109">2021-05-21 07:29:56</dateCreated>
              <voided>false</voided>
              <tags class="set" id="110"/>
              <conceptNameType>FULLY_SPECIFIED</conceptNameType>
              <localePreferred>true</localePreferred>
              <changedBy/>
              <dateChanged id="111">2021-12-10 14:22:42</dateChanged>
            </org.openmrs.ConceptName>
          </names>
          <answers class="set" id="112"/>
          <conceptSets class="set" id="113"/>
          <descriptions class="set" id="114"/>
          <conceptMappings class="set" id="115"/>
          <attributes id="116"/>
        </concept>
        <conceptSet reference="70"/>
        <sortWeight>6.0</sortWeight>
        <creator/>
        <dateCreated id="117">2021-09-06 20:33:29</dateCreated>
      </org.openmrs.ConceptSet>
      <org.openmrs.ConceptSet id="118" uuid="b80a7810-0bc9-476d-96d9-c5d641e28d7b">
        <conceptSetId>3312</conceptSetId>
        <concept id="119" uuid="324f28ab-cfa7-46ac-99f3-c7d928ba5e79">
          <conceptId>166347</conceptId>
          <retired>false</retired>
          <datatype reference="55"/>
          <conceptClass reference="5"/>
          <set>false</set>
          <creator/>
          <dateCreated id="120">2021-05-21 07:37:26</dateCreated>
          <changedBy/>
          <dateChanged id="121">2021-12-10 14:22:42</dateChanged>
          <names class="set" id="122">
            <org.openmrs.ConceptName id="123" uuid="903f06e8-db96-4f6f-905e-919dfbba8a28">
              <conceptNameId>144051</conceptNameId>
              <concept reference="119"/>
              <name>ART type</name>
              <locale id="124">en</locale>
              <creator/>
              <dateCreated id="125">2021-11-23 12:18:16</dateCreated>
              <voided>false</voided>
              <tags class="set" id="126"/>
              <conceptNameType>FULLY_SPECIFIED</conceptNameType>
              <localePreferred>true</localePreferred>
              <changedBy/>
              <dateChanged id="127">2021-12-10 14:22:42</dateChanged>
            </org.openmrs.ConceptName>
            <org.openmrs.ConceptName id="128" uuid="c787f072-6821-421e-ba1e-2076fb5a50dd">
              <conceptNameId>144041</conceptNameId>
              <concept reference="119"/>
              <name>Reason for ART treatment</name>
              <locale id="129">en</locale>
              <creator/>
              <dateCreated id="130">2021-05-21 07:37:26</dateCreated>
              <voided>true</voided>
              <voidedBy/>
              <dateVoided id="131">2021-11-23 12:18:16</dateVoided>
              <voidReason>Deleted due to change of name</voidReason>
              <tags class="set" id="132"/>
              <localePreferred>false</localePreferred>
              <changedBy/>
              <dateChanged id="133">2021-12-10 14:22:42</dateChanged>
            </org.openmrs.ConceptName>
          </names>
          <answers class="set" id="134">
            <org.openmrs.ConceptAnswer id="135" uuid="1e9d3aae-5983-440a-885d-e30568fe8ef3">
              <conceptAnswerId>7315</conceptAnswerId>
              <concept reference="119"/>
              <answerConcept id="136" resolves-to="org.openmrs.Concept" uuid="699952fe-f2ab-48b2-9596-fbb5c507e7d4">
                <conceptId>166344</conceptId>
                <retired>false</retired>
                <datatype reference="55"/>
                <conceptClass reference="5"/>
                <set>false</set>
                <creator/>
                <dateCreated id="137">2021-05-21 07:39:51</dateCreated>
                <changedBy/>
                <dateChanged id="138">2021-12-10 14:22:42</dateChanged>
                <names class="set" id="139">
                  <org.openmrs.ConceptName id="140" uuid="4ce8a9d8-8601-4d92-9586-d0f634fac1a4">
                    <conceptNameId>144038</conceptNameId>
                    <concept reference="136"/>
                    <name>PREP</name>
                    <locale id="141">en</locale>
                    <creator/>
                    <dateCreated id="142">2021-05-21 07:39:51</dateCreated>
                    <voided>false</voided>
                    <tags class="set" id="143"/>
                    <conceptNameType>FULLY_SPECIFIED</conceptNameType>
                    <localePreferred>true</localePreferred>
                    <changedBy/>
                    <dateChanged id="144">2021-12-10 14:22:42</dateChanged>
                  </org.openmrs.ConceptName>
                </names>
                <answers class="set" id="145"/>
                <conceptSets class="set" id="146"/>
                <descriptions class="set" id="147"/>
                <conceptMappings class="set" id="148"/>
                <attributes id="149"/>
              </answerConcept>
              <creator/>
              <dateCreated id="150">2021-05-21 07:41:28</dateCreated>
              <sortWeight>3.0</sortWeight>
            </org.openmrs.ConceptAnswer>
            <org.openmrs.ConceptAnswer id="151" uuid="7fab6aa6-47f0-41c5-aede-eb2a42b7381f">
              <conceptAnswerId>7316</conceptAnswerId>
              <concept reference="119"/>
              <answerConcept reference="54"/>
              <creator/>
              <dateCreated id="152">2021-05-21 07:41:28</dateCreated>
              <sortWeight>4.0</sortWeight>
            </org.openmrs.ConceptAnswer>
            <org.openmrs.ConceptAnswer id="153" uuid="8b6aae87-b4c1-49a6-846b-0b2617c39d99">
              <conceptAnswerId>7317</conceptAnswerId>
              <concept reference="119"/>
              <answerConcept id="154" uuid="769d924e-13c3-4a2d-b99f-3df85de7871a">
                <conceptId>166345</conceptId>
                <retired>false</retired>
                <datatype reference="55"/>
                <conceptClass reference="5"/>
                <set>false</set>
                <creator/>
                <dateCreated id="155">2021-05-21 07:38:17</dateCreated>
                <changedBy/>
                <dateChanged id="156">2021-12-10 14:22:42</dateChanged>
                <names class="set" id="157">
                  <org.openmrs.ConceptName id="158" uuid="e635f8a6-f37d-4ff0-9f80-d751853d5cc5">
                    <conceptNameId>144039</conceptNameId>
                    <concept reference="154"/>
                    <name>PMTCT</name>
                    <locale id="159">en</locale>
                    <creator/>
                    <dateCreated id="160">2021-05-21 07:38:17</dateCreated>
                    <voided>false</voided>
                    <tags class="set" id="161"/>
                    <conceptNameType>FULLY_SPECIFIED</conceptNameType>
                    <localePreferred>true</localePreferred>
                    <changedBy/>
                    <dateChanged id="162">2021-12-10 14:22:42</dateChanged>
                  </org.openmrs.ConceptName>
                </names>
                <answers class="set" id="163"/>
                <conceptSets class="set" id="164"/>
                <descriptions class="set" id="165"/>
                <conceptMappings class="set" id="166"/>
                <attributes id="167"/>
              </answerConcept>
              <creator/>
              <dateCreated id="168">2021-05-21 07:41:28</dateCreated>
              <sortWeight>1.0</sortWeight>
            </org.openmrs.ConceptAnswer>
            <org.openmrs.ConceptAnswer id="169" uuid="374ab015-c6ad-473a-b7ff-2f6265b5d113">
              <conceptAnswerId>7318</conceptAnswerId>
              <concept reference="119"/>
              <answerConcept id="170" resolves-to="org.openmrs.Concept" uuid="999be634-7b4e-4bdc-8273-25614cd50128">
                <conceptId>166346</conceptId>
                <retired>false</retired>
                <datatype reference="55"/>
                <conceptClass reference="5"/>
                <set>false</set>
                <creator/>
                <dateCreated id="171">2021-05-21 07:39:08</dateCreated>
                <changedBy/>
                <dateChanged id="172">2021-12-10 14:22:42</dateChanged>
                <names class="set" id="173">
                  <org.openmrs.ConceptName id="174" uuid="b7075c0d-99a9-4ace-b496-93ca1441da4e">
                    <conceptNameId>144040</conceptNameId>
                    <concept reference="170"/>
                    <name>PEP</name>
                    <locale id="175">en</locale>
                    <creator/>
                    <dateCreated id="176">2021-05-21 07:39:08</dateCreated>
                    <voided>false</voided>
                    <tags class="set" id="177"/>
                    <conceptNameType>FULLY_SPECIFIED</conceptNameType>
                    <localePreferred>true</localePreferred>
                    <changedBy/>
                    <dateChanged id="178">2021-12-10 14:22:42</dateChanged>
                  </org.openmrs.ConceptName>
                </names>
                <answers class="set" id="179"/>
                <conceptSets class="set" id="180"/>
                <descriptions class="set" id="181"/>
                <conceptMappings class="set" id="182"/>
                <attributes id="183"/>
              </answerConcept>
              <creator/>
              <dateCreated id="184">2021-05-21 07:41:28</dateCreated>
              <sortWeight>2.0</sortWeight>
            </org.openmrs.ConceptAnswer>
          </answers>
          <conceptSets class="set" id="185"/>
          <descriptions class="set" id="186"/>
          <conceptMappings class="set" id="187"/>
          <attributes id="188"/>
        </concept>
        <conceptSet reference="70"/>
        <sortWeight>7.0</sortWeight>
        <creator/>
        <dateCreated id="189">2021-09-06 20:33:29</dateCreated>
      </org.openmrs.ConceptSet>
      <org.openmrs.ConceptSet id="190" uuid="e96b31a9-5292-4956-9070-7b874a645b4d">
        <conceptSetId>3313</conceptSetId>
        <concept id="191" uuid="ecab0816-0f06-47cd-aa4d-68f428a26f3f">
          <conceptId>166348</conceptId>
          <retired>false</retired>
          <datatype id="192" resolves-to="org.openmrs.ConceptDatatype" uuid="8d4a5cca-c2cc-11de-8d13-0010c6dffd0f">
            <name>Boolean</name>
            <description>Boolean value (yes/no, true/false)</description>
            <creator/>
            <dateCreated id="193">2004-08-26 00:00:00</dateCreated>
            <retired>false</retired>
            <retiredBy/>
            <conceptDatatypeId>10</conceptDatatypeId>
            <hl7Abbreviation>BIT</hl7Abbreviation>
          </datatype>
          <conceptClass reference="5"/>
          <set>false</set>
          <creator/>
          <dateCreated id="194">2021-05-21 13:51:55</dateCreated>
          <changedBy/>
          <dateChanged id="195">2021-12-10 14:22:42</dateChanged>
          <names class="set" id="196">
            <org.openmrs.ConceptName id="197" uuid="de3c1a54-df9a-4b82-8fde-bfb5bc2e9067">
              <conceptNameId>144042</conceptNameId>
              <concept reference="191"/>
              <name>Were there any ART interruptions?</name>
              <locale id="198">en</locale>
              <creator/>
              <dateCreated id="199">2021-05-21 13:51:55</dateCreated>
              <voided>false</voided>
              <tags class="set" id="200"/>
              <conceptNameType>FULLY_SPECIFIED</conceptNameType>
              <localePreferred>true</localePreferred>
              <changedBy/>
              <dateChanged id="201">2021-12-10 14:22:42</dateChanged>
            </org.openmrs.ConceptName>
          </names>
          <answers class="set" id="202"/>
          <conceptSets class="set" id="203"/>
          <descriptions class="set" id="204"/>
          <conceptMappings class="set" id="205"/>
          <attributes id="206"/>
        </concept>
        <conceptSet reference="70"/>
        <sortWeight>8.0</sortWeight>
        <creator/>
        <dateCreated id="207">2021-09-06 20:33:29</dateCreated>
      </org.openmrs.ConceptSet>
      <org.openmrs.ConceptSet id="208" uuid="b3706aa0-c6c0-43ff-be5a-5774d95e38fb">
        <conceptSetId>3314</conceptSetId>
        <concept id="209" uuid="806195ad-9f5c-42f0-ad9f-736a21a1dac1">
          <conceptId>166349</conceptId>
          <retired>false</retired>
          <datatype reference="22"/>
          <conceptClass reference="5"/>
          <set>false</set>
          <creator/>
          <dateCreated id="210">2021-05-21 07:17:25</dateCreated>
          <changedBy/>
          <dateChanged id="211">2021-12-10 14:22:42</dateChanged>
          <names class="set" id="212">
            <org.openmrs.ConceptName id="213" uuid="c3fde2c9-503b-4213-95f7-8d7c7e79cb33">
              <conceptNameId>144043</conceptNameId>
              <concept reference="209"/>
              <name>HIV ART Date Stopped</name>
              <locale id="214">en</locale>
              <creator/>
              <dateCreated id="215">2021-05-21 07:17:25</dateCreated>
              <voided>false</voided>
              <tags class="set" id="216"/>
              <conceptNameType>FULLY_SPECIFIED</conceptNameType>
              <localePreferred>true</localePreferred>
              <changedBy/>
              <dateChanged id="217">2021-12-10 14:22:42</dateChanged>
            </org.openmrs.ConceptName>
          </names>
          <answers class="set" id="218"/>
          <conceptSets class="set" id="219"/>
          <descriptions class="set" id="220"/>
          <conceptMappings class="set" id="221"/>
          <attributes id="222"/>
        </concept>
        <conceptSet reference="70"/>
        <sortWeight>4.0</sortWeight>
        <creator/>
        <dateCreated id="223">2021-09-06 20:33:29</dateCreated>
      </org.openmrs.ConceptSet>
      <org.openmrs.ConceptSet id="224" uuid="520dd5fe-6963-40dd-bd6b-f2060f7604e9">
        <conceptSetId>3315</conceptSetId>
        <concept reference="2"/>
        <conceptSet reference="70"/>
        <sortWeight>5.0</sortWeight>
        <creator/>
        <dateCreated id="225">2021-09-06 20:33:29</dateCreated>
      </org.openmrs.ConceptSet>
      <org.openmrs.ConceptSet id="226" uuid="65b8f4b7-bfdb-46be-8749-4ad75c30d988">
        <conceptSetId>3316</conceptSetId>
        <concept reference="21"/>
        <conceptSet reference="70"/>
        <sortWeight>0.0</sortWeight>
        <creator/>
        <dateCreated id="227">2021-06-09 17:24:22</dateCreated>
      </org.openmrs.ConceptSet>
      <org.openmrs.ConceptSet id="228" uuid="b1a4546c-9c80-489a-b255-41b59e1e91fe">
        <conceptSetId>3317</conceptSetId>
        <concept id="229" uuid="d9cd2810-d600-47c4-b29c-234c72514b9e">
          <conceptId>166350</conceptId>
          <retired>false</retired>
          <datatype reference="22"/>
          <conceptClass reference="24"/>
          <set>false</set>
          <creator/>
          <dateCreated id="230">2021-05-24 15:39:09</dateCreated>
          <changedBy/>
          <dateChanged id="231">2021-12-10 14:22:42</dateChanged>
          <names class="set" id="232">
            <org.openmrs.ConceptName id="233" uuid="77d3816f-811c-47ff-973a-f85d61668bd7">
              <conceptNameId>144044</conceptNameId>
              <concept reference="229"/>
              <name>ART Restart Date</name>
              <locale id="234">en</locale>
              <creator/>
              <dateCreated id="235">2021-05-24 15:39:09</dateCreated>
              <voided>false</voided>
              <tags class="set" id="236"/>
              <conceptNameType>FULLY_SPECIFIED</conceptNameType>
              <localePreferred>true</localePreferred>
              <changedBy/>
              <dateChanged id="237">2021-12-10 14:22:42</dateChanged>
            </org.openmrs.ConceptName>
          </names>
          <answers class="set" id="238"/>
          <conceptSets class="set" id="239"/>
          <descriptions class="set" id="240"/>
          <conceptMappings class="set" id="241"/>
          <attributes id="242"/>
        </concept>
        <conceptSet reference="70"/>
        <sortWeight>2.0</sortWeight>
        <creator/>
        <dateCreated id="243">2021-06-09 17:24:22</dateCreated>
      </org.openmrs.ConceptSet>
    </conceptSets>
    <descriptions class="set" id="244"/>
    <conceptMappings class="set" id="245"/>
    <attributes id="246"/>
  </org.openmrs.Concept>
  <org.openmrs.Concept reference="154"/>
  <org.openmrs.Concept id="247" uuid="c8537436-e345-444b-a26a-6e03562b3838">
    <conceptId>166352</conceptId>
    <retired>false</retired>
    <datatype reference="192"/>
    <conceptClass reference="5"/>
    <set>false</set>
    <creator/>
    <dateCreated id="248">2021-05-20 14:45:27</dateCreated>
    <changedBy/>
    <dateChanged id="249">2021-12-10 14:22:42</dateChanged>
    <names class="set" id="250">
      <org.openmrs.ConceptName id="251" uuid="5deba1d8-3fc1-4963-84d4-e733d20a9707">
        <conceptNameId>144046</conceptNameId>
        <concept reference="247"/>
        <name>Current regimen response</name>
        <locale id="252">en</locale>
        <creator/>
        <dateCreated id="253">2021-05-20 14:45:27</dateCreated>
        <voided>false</voided>
        <tags class="set" id="254"/>
        <conceptNameType>FULLY_SPECIFIED</conceptNameType>
        <localePreferred>true</localePreferred>
        <changedBy/>
        <dateChanged id="255">2021-12-10 14:22:42</dateChanged>
      </org.openmrs.ConceptName>
    </names>
    <answers class="set" id="256"/>
    <conceptSets class="set" id="257"/>
    <descriptions class="set" id="258"/>
    <conceptMappings class="set" id="259"/>
    <attributes id="260"/>
  </org.openmrs.Concept>
  <org.openmrs.Concept reference="119"/>
  <org.openmrs.Concept reference="229"/>
  <org.openmrs.Concept reference="87"/>
  <org.openmrs.Concept reference="136"/>
  <org.openmrs.Concept reference="209"/>
  <org.openmrs.Concept reference="103"/>
  <org.openmrs.Concept id="261" uuid="20fb8dc4-b958-4c88-b9a7-96ea36b4b0ef">
    <conceptId>166353</conceptId>
    <retired>false</retired>
    <datatype reference="55"/>
    <conceptClass reference="24"/>
    <set>false</set>
    <creator/>
    <dateCreated id="262">2021-05-20 14:12:25</dateCreated>
    <changedBy/>
    <dateChanged id="263">2021-12-10 14:22:42</dateChanged>
    <names class="set" id="264">
      <org.openmrs.ConceptName id="265" uuid="ea4fc7b1-f87a-4acf-8531-1739a2bfc1a3">
        <conceptNameId>144047</conceptNameId>
        <concept reference="261"/>
        <name>Current regimen</name>
        <locale id="266">en</locale>
        <creator/>
        <dateCreated id="267">2021-05-20 14:12:25</dateCreated>
        <voided>false</voided>
        <tags class="set" id="268"/>
        <conceptNameType>FULLY_SPECIFIED</conceptNameType>
        <localePreferred>true</localePreferred>
        <changedBy/>
        <dateChanged id="269">2021-12-10 14:22:42</dateChanged>
      </org.openmrs.ConceptName>
    </names>
    <answers class="set" id="270"/>
    <conceptSets class="set" id="271"/>
    <descriptions class="set" id="272"/>
    <conceptMappings class="set" id="273"/>
    <attributes id="274"/>
  </org.openmrs.Concept>
  <org.openmrs.Concept reference="191"/>
  <org.openmrs.Concept reference="170"/>
</list>
