<?xml version="1.0" encoding="UTF-8"?>
<list id="1">
  <org.openmrs.module.appframework.domain.UserApp id="2">
    <appId>cfl.conditions.action</appId>
    <json>{&#xd;
    &quot;id&quot;: &quot;cfl.conditions.action&quot;,&#xd;
    &quot;description&quot;: &quot;App related to conditions functionalities&quot;,&#xd;
    &quot;extensions&quot;: [&#xd;
      {&#xd;
        &quot;id&quot;: &quot;cfl.overallActions.conditions&quot;,&#xd;
        &quot;extensionPointId&quot;: &quot;patientDashboard.overallActions&quot;,&#xd;
        &quot;type&quot;: &quot;link&quot;,&#xd;
        &quot;label&quot;: &quot;coreapps.conditionui.conditions&quot;,&#xd;
        &quot;icon&quot;: &quot;icon-diagnosis&quot;,&#xd;
        &quot;order&quot;: 6,&#xd;
        &quot;url&quot;: &quot;coreapps/conditionlist/manageConditions.page?patientId={{patient.uuid}}&quot;&#xd;
      }&#xd;
    ]&#xd;
  }</json>
  </org.openmrs.module.appframework.domain.UserApp>
  <org.openmrs.module.appframework.domain.UserApp id="3">
    <appId>cfl.patientDashboard.disableVisitActions</appId>
    <json>{&#xd;
    &quot;id&quot;: &quot;cfl.patientDashboard.disableVisitActions&quot;,&#xd;
    &quot;description&quot;: &quot;Disable default visit actions&quot;,&#xd;
    &quot;extensions&quot;: [&#xd;
      {&#xd;
        &quot;id&quot;: &quot;cfl.patientDashboard.includeFragments.disableVisitActions&quot;,&#xd;
        &quot;extensionPointId&quot;: &quot;patientDashboard.includeFragments&quot;,&#xd;
        &quot;extensionParams&quot;: {&#xd;
          &quot;provider&quot;: &quot;cfl&quot;,&#xd;
          &quot;fragment&quot;: &quot;includeFragments/disableVisitActions&quot;&#xd;
        }&#xd;
      }&#xd;
    ]&#xd;
  }</json>
  </org.openmrs.module.appframework.domain.UserApp>
  <org.openmrs.module.appframework.domain.UserApp id="4">
    <appId>cfl.personDashboard.actions</appId>
    <json>{&#xd;
    &quot;id&quot;: &quot;cfl.personDashboard.actions&quot;,&#xd;
    &quot;label&quot;: &quot;CFL module&quot;,&#xd;
    &quot;description&quot;: &quot;CFL configuration of person dashboard&quot;,&#xd;
    &quot;extensions&quot;: [&#xd;
      {&#xd;
        &quot;id&quot;: &quot;cfl.caregiverProfile&quot;,&#xd;
        &quot;extensionPointId&quot;: &quot;personDashboard.overallActions&quot;,&#xd;
        &quot;type&quot;: &quot;link&quot;,&#xd;
        &quot;label&quot;: &quot;cfl.caregiverProfile.label&quot;,&#xd;
        &quot;url&quot;: &quot;cfl/editPersonSection.page?personId={{personId}}&amp;sectionId=demographics&amp;appId=cfl.registerCaregiver&quot;,&#xd;
        &quot;icon&quot;: &quot;icon-pencil&quot;,&#xd;
        &quot;order&quot;: 1,&#xd;
        &quot;requiredPrivilege&quot;: &quot;App: registrationapp.registerPatient&quot;&#xd;
      },&#xd;
      {&#xd;
        &quot;id&quot;: &quot;cfl.basicMessages.personDashboardLink&quot;,&#xd;
        &quot;extensionPointId&quot;: &quot;personDashboard.overallActions&quot;,&#xd;
        &quot;type&quot;: &quot;link&quot;,&#xd;
        &quot;label&quot;: &quot;messages.title&quot;,&#xd;
        &quot;icon&quot;: &quot;icon-comment&quot;,&#xd;
        &quot;order&quot;: 2,&#xd;
        &quot;url&quot;: &quot;owa/messages/index.html#/messages/person/{{personId}}&amp;patientUuid={{person.uuid}}&quot;&#xd;
      },&#xd;
      {&#xd;
        &quot;id&quot;: &quot;cfl.personDashboard.deletePerson&quot;,&#xd;
        &quot;extensionPointId&quot;: &quot;personDashboard.overallActions&quot;,&#xd;
        &quot;type&quot;: &quot;script&quot;,&#xd;
        &quot;label&quot;: &quot;cfl.deletePerson.label&quot;,&#xd;
        &quot;script&quot;: &quot;delPerson.showDeletePersonCreationDialog(&amp;#x27;{{person.uuid}}&amp;#x27;)&quot;,&#xd;
        &quot;icon&quot;: &quot;icon-remove&quot;,&#xd;
        &quot;order&quot;: 3,&#xd;
        &quot;requiredPrivilege&quot;: &quot;Delete People&quot;&#xd;
      }&#xd;
    ]&#xd;
  }</json>
  </org.openmrs.module.appframework.domain.UserApp>
  <org.openmrs.module.appframework.domain.UserApp id="5">
    <appId>cfl.init.call</appId>
    <json>{&#xd;
    &quot;id&quot;: &quot;cfl.init.call&quot;,&#xd;
    &quot;description&quot;: &quot;App related to init call functionalities&quot;,&#xd;
    &quot;extensions&quot;: [&#xd;
      {&#xd;
        &quot;id&quot;: &quot;cfl.patientDashboard.initCall&quot;,&#xd;
        &quot;extensionPointId&quot;: &quot;patientDashboard.overallActions&quot;,&#xd;
        &quot;type&quot;: &quot;script&quot;,&#xd;
        &quot;order&quot;: 26,&#xd;
        &quot;label&quot;: &quot;cfl.initcall.button&quot;,&#xd;
        &quot;icon&quot;: &quot;icon-phone-sign&quot;,&#xd;
        &quot;script&quot;: &quot;initCall.showInitCallCreationDialog(&amp;#x27;{{patient.uuid}}&amp;#x27;,&amp;#x27;Patient&amp;#x27;,&amp;#x27;voxeo-mobile&amp;#x27;)&quot;&#xd;
      },&#xd;
      {&#xd;
        &quot;id&quot;: &quot;cfl.personDashboard.outgoing&quot;,&#xd;
        &quot;extensionPointId&quot;: &quot;personDashboard.overallActions&quot;,&#xd;
        &quot;type&quot;: &quot;script&quot;,&#xd;
        &quot;order&quot;: 4,&#xd;
        &quot;label&quot;: &quot;cfl.initcall.button&quot;,&#xd;
        &quot;icon&quot;:&quot;icon-phone-sign&quot;,&#xd;
        &quot;script&quot;: &quot;initCall.showInitCallCreationDialog(&amp;#x27;{{person.uuid}}&amp;#x27;,&amp;#x27;Caregiver&amp;#x27;,&amp;#x27;voxeo-mobile&amp;#x27;)&quot;&#xd;
      },&#xd;
      {&#xd;
        &quot;id&quot;: &quot;cfl.patientDashboard.initCallDialog&quot;,&#xd;
        &quot;extensionPointId&quot;: &quot;patientDashboard.includeFragments&quot;,&#xd;
        &quot;extensionParams&quot;: {&#xd;
          &quot;provider&quot;: &quot;cfl&quot;,&#xd;
          &quot;fragment&quot;: &quot;includeFragments/initCallDialog&quot;&#xd;
        }&#xd;
      }&#xd;
    ]&#xd;
  }</json>
  </org.openmrs.module.appframework.domain.UserApp>
  <org.openmrs.module.appframework.domain.UserApp id="6">
    <appId>cfl.allergies.action</appId>
    <json>{&#xd;
    &quot;id&quot;: &quot;cfl.allergies.action&quot;,&#xd;
    &quot;description&quot;: &quot;App related to allergies functionalities&quot;,&#xd;
    &quot;extensions&quot;: [&#xd;
      {&#xd;
        &quot;id&quot;: &quot;cfl.overallActions.allergies&quot;,&#xd;
        &quot;extensionPointId&quot;: &quot;patientDashboard.overallActions&quot;,&#xd;
        &quot;type&quot;: &quot;link&quot;,&#xd;
        &quot;label&quot;: &quot;allergyui.allergies&quot;,&#xd;
        &quot;icon&quot;: &quot;icon-medical&quot;,&#xd;
        &quot;order&quot;: 7,&#xd;
        &quot;url&quot;: &quot;allergyui/allergies.page?patientId={{patient.uuid}}&quot;&#xd;
      }&#xd;
    ]&#xd;
  }</json>
  </org.openmrs.module.appframework.domain.UserApp>
  <org.openmrs.module.appframework.domain.UserApp id="7">
    <appId>cfl.patientProfile.action</appId>
    <json>{&#xd;
  &quot;id&quot;: &quot;cfl.patientProfile.action&quot;,&#xd;
  &quot;description&quot;: &quot;Adds patient profile action&quot;,&#xd;
  &quot;extensions&quot;: [&#xd;
    {&#xd;
        &quot;id&quot;: &quot;cfl.patientProfile&quot;,&#xd;
        &quot;extensionPointId&quot;: &quot;patientDashboard.overallActions&quot;,&#xd;
        &quot;type&quot;: &quot;link&quot;,&#xd;
        &quot;label&quot;: &quot;cfl.patientProfile.label&quot;,&#xd;
        &quot;url&quot;: &quot;registrationapp/editSection.page?patientId={{patient.patientId}}&amp;sectionId=demographics&amp;appId=cfl.registerPatient&quot;,&#xd;
        &quot;icon&quot;: &quot;icon-pencil&quot;,&#xd;
        &quot;order&quot;: 1,&#xd;
        &quot;requiredPrivilege&quot;: &quot;App: registrationapp.registerPatient&quot;&#xd;
      }&#xd;
  ]&#xd;
}</json>
  </org.openmrs.module.appframework.domain.UserApp>
</list>
